GameID	P0_Agent	P1_Agent	P0_HP_Remaining	P1_HP_Remaining	Drama_HPDifference	P0_TotalFMCalls	P0_TotalTimeNS	P0_AvgTimeCopyNS	P0_Score	P1_TotalFMCalls	P1_TotalTimeNS	P1_AvgTimeCopyNS	P1_Score
2	IS-MCTS	RMHC	1	0	1	8557	453699700	5.30e+04	1.00	92	8001009	8.70e+04	0.00
3	IS-MCTS	RMHC	1	0	1	9360	356651264	3.81e+04	1.00	90	8898003	9.89e+04	0.00
4	IS-MCTS	RMHC	1	0	1	10589	384200002	3.63e+04	1.00	96	7337741	7.64e+04	0.00
5	IS-MCTS	RMHC	1	0	1	11110	409033708	3.68e+04	1.00	91	7249838	7.97e+04	0.00
6	IS-MCTS	RMHC	0	3	3	6998	269454049	3.85e+04	0.00	92	7176476	7.80e+04	1.00
7	IS-MCTS	RMHC	1	0	1	10364	386902960	3.73e+04	1.00	90	7163891	7.96e+04	0.00
8	IS-MCTS	RMHC	2	0	2	8488	315858570	3.72e+04	1.00	94	7518320	8.00e+04	0.00
9	IS-MCTS	RMHC	0	1	1	19292	673133164	3.49e+04	0.00	99	7843655	7.92e+04	1.00
10	IS-MCTS	RMHC	1	0	1	9739	354849224	3.64e+04	1.00	92	7063039	7.68e+04	0.00
11	IS-MCTS	RMHC	1	0	1	11580	430456554	3.72e+04	1.00	92	7035425	7.65e+04	0.00
12	IS-MCTS	RMHC	1	0	1	11143	397544690	3.57e+04	1.00	97	7465594	7.70e+04	0.00
13	IS-MCTS	RMHC	1	0	1	14064	489491771	3.48e+04	1.00	98	7394144	7.55e+04	0.00
14	IS-MCTS	RMHC	0	2	2	5990	232337981	3.88e+04	0.00	88	6932342	7.88e+04	1.00
15	IS-MCTS	RMHC	4	0	4	6876	264606944	3.85e+04	1.00	87	6973611	8.02e+04	0.00
16	IS-MCTS	RMHC	0	2	2	6484	251875883	3.88e+04	0.00	88	7084082	8.05e+04	1.00
17	IS-MCTS	RMHC	0	1	1	12671	455102951	3.59e+04	0.00	99	7613411	7.69e+04	1.00
18	IS-MCTS	RMHC	0	2	2	7704	302414429	3.93e+04	0.00	94	7173234	7.63e+04	1.00
19	IS-MCTS	RMHC	0	2	2	7246	276437802	3.82e+04	0.00	90	7307089	8.12e+04	1.00
20	IS-MCTS	RMHC	1	0	1	7466	280163958	3.75e+04	1.00	87	6396293	7.35e+04	0.00
21	IS-MCTS	RMHC	3	0	3	9481	358405459	3.78e+04	1.00	88	6674422	7.58e+04	0.00
22	IS-MCTS	RMHC	0	3	3	6551	252285885	3.85e+04	0.00	92	7044631	7.66e+04	1.00
23	IS-MCTS	RMHC	2	0	2	11088	404179461	3.65e+04	1.00	98	7467544	7.62e+04	0.00
24	IS-MCTS	RMHC	1	0	1	11625	420499364	3.62e+04	1.00	95	7315999	7.70e+04	0.00
25	IS-MCTS	RMHC	1	0	1	10651	392315758	3.68e+04	1.00	96	7425239	7.73e+04	0.00
26	IS-MCTS	RMHC	1	0	1	12134	437419500	3.60e+04	1.00	96	7575324	7.89e+04	0.00
27	IS-MCTS	RMHC	1	0	1	7208	274709186	3.81e+04	1.00	81	6288335	7.76e+04	0.00
28	IS-MCTS	RMHC	4	0	4	5816	228631501	3.93e+04	1.00	83	6318824	7.61e+04	0.00
29	IS-MCTS	RMHC	2	0	2	8399	320572965	3.82e+04	1.00	87	6763012	7.77e+04	0.00
30	IS-MCTS	RMHC	1	0	1	12283	429042146	3.49e+04	1.00	96	7490209	7.80e+04	0.00
31	IS-MCTS	RMHC	0	3	3	5436	215894523	3.97e+04	0.00	88	6820304	7.75e+04	1.00
32	IS-MCTS	RMHC	0	2	2	8840	328883752	3.72e+04	0.00	95	7218345	7.60e+04	1.00
33	IS-MCTS	RMHC	0	3	3	5998	232755381	3.88e+04	0.00	90	6993300	7.77e+04	1.00
34	IS-MCTS	RMHC	0	3	3	5643	221501572	3.93e+04	0.00	86	6816329	7.93e+04	1.00
35	IS-MCTS	RMHC	0	1	1	10186	378658294	3.72e+04	0.00	92	7045567	7.66e+04	1.00
36	IS-MCTS	RMHC	0	1	1	11245	420181701	3.74e+04	0.00	97	7783299	8.02e+04	1.00
37	IS-MCTS	RMHC	1	0	1	14467	507071531	3.51e+04	1.00	97	7499536	7.73e+04	0.00
38	IS-MCTS	RMHC	0	2	2	9054	338198746	3.74e+04	0.00	97	7212299	7.44e+04	1.00
39	IS-MCTS	RMHC	0	2	2	7973	304289411	3.82e+04	0.00	91	6925913	7.61e+04	1.00
40	IS-MCTS	RMHC	0	3	3	5413	210519370	3.89e+04	0.00	85	6453269	7.59e+04	1.00
41	IS-MCTS	RMHC	0	2	2	9377	349361690	3.73e+04	0.00	97	7474274	7.71e+04	1.00
42	IS-MCTS	RMHC	0	1	1	12675	455936599	3.60e+04	0.00	98	7447188	7.60e+04	1.00
43	IS-MCTS	RMHC	0	2	2	5268	207058601	3.93e+04	0.00	82	6189735	7.55e+04	1.00
44	IS-MCTS	RMHC	0	3	3	5985	231402716	3.87e+04	0.00	89	6726926	7.56e+04	1.00
45	IS-MCTS	RMHC	0	2	2	9300	353842765	3.80e+04	0.00	94	7322449	7.79e+04	1.00
46	IS-MCTS	RMHC	1	0	1	10808	386914977	3.58e+04	1.00	94	7269757	7.73e+04	0.00
47	IS-MCTS	RMHC	1	0	1	14119	508438877	3.60e+04	1.00	97	7357900	7.59e+04	0.00
48	IS-MCTS	RMHC	1	0	1	9969	360004662	3.61e+04	1.00	97	7235593	7.46e+04	0.00
49	IS-MCTS	RMHC	1	0	1	10148	377675984	3.72e+04	1.00	93	7152437	7.69e+04	0.00
50	IS-MCTS	RMHC	0	1	1	13002	466562807	3.59e+04	0.00	99	7872597	7.95e+04	1.00
51	IS-MCTS	RMHC	0	1	1	12789	468044505	3.66e+04	0.00	94	7356170	7.83e+04	1.00
52	IS-MCTS	RMHC	0	2	2	9055	339511808	3.75e+04	0.00	93	7092217	7.63e+04	1.00
53	IS-MCTS	RMHC	0	4	4	7780	298868307	3.84e+04	0.00	94	7201353	7.66e+04	1.00
54	IS-MCTS	RMHC	0	1	1	6504	248628960	3.82e+04	0.00	89	6796289	7.64e+04	1.00
55	IS-MCTS	RMHC	0	2	2	9032	337326151	3.73e+04	0.00	97	7402716	7.63e+04	1.00
56	IS-MCTS	RMHC	0	1	1	13376	467976305	3.50e+04	0.00	99	7599490	7.68e+04	1.00
57	IS-MCTS	RMHC	0	1	1	9017	336484179	3.73e+04	0.00	94	7423956	7.90e+04	1.00
58	IS-MCTS	RMHC	1	0	1	10624	383524066	3.61e+04	1.00	95	7356956	7.74e+04	0.00
59	IS-MCTS	RMHC	0	4	4	5878	232028006	3.95e+04	0.00	91	7006211	7.70e+04	1.00
60	IS-MCTS	RMHC	1	0	1	12731	445656400	3.50e+04	1.00	98	7641592	7.80e+04	0.00
61	IS-MCTS	RMHC	0	1	1	12515	445263935	3.56e+04	0.00	99	7740007	7.82e+04	1.00
62	IS-MCTS	RMHC	4	0	4	6918	269376853	3.89e+04	1.00	84	6485548	7.72e+04	0.00
63	IS-MCTS	RMHC	3	0	3	6164	238506187	3.87e+04	1.00	75	5754288	7.67e+04	0.00
64	IS-MCTS	RMHC	0	2	2	5127	215583647	4.20e+04	0.00	85	6430813	7.57e+04	1.00
65	IS-MCTS	RMHC	0	7	7	2654	109160964	4.11e+04	0.00	66	4810749	7.29e+04	1.00
66	IS-MCTS	RMHC	3	0	3	5686	222601517	3.91e+04	1.00	76	5897230	7.76e+04	0.00
67	IS-MCTS	RMHC	0	2	2	10615	406327509	3.83e+04	0.00	90	7034347	7.82e+04	1.00
68	IS-MCTS	RMHC	0	1	1	6164	239114486	3.88e+04	0.00	90	6903648	7.67e+04	1.00
69	IS-MCTS	RMHC	0	3	3	4800	191171331	3.98e+04	0.00	77	5969395	7.75e+04	1.00
70	IS-MCTS	RMHC	0	1	1	7176	275309567	3.84e+04	0.00	92	6997898	7.61e+04	1.00
71	IS-MCTS	RMHC	0	5	5	3304	135035982	4.09e+04	0.00	72	5580083	7.75e+04	1.00
72	IS-MCTS	RMHC	0	1	1	8824	339927984	3.85e+04	0.00	94	7243010	7.71e+04	1.00
73	IS-MCTS	RMHC	4	0	4	6232	241374121	3.87e+04	1.00	85	6657540	7.83e+04	0.00
74	IS-MCTS	RMHC	0	2	2	8808	327771811	3.72e+04	0.00	95	7282031	7.67e+04	1.00
75	IS-MCTS	RMHC	2	0	2	8915	336365568	3.77e+04	1.00	95	7228377	7.61e+04	0.00
76	IS-MCTS	RMHC	2	0	2	15948	582804974	3.65e+04	1.00	91	6941459	7.63e+04	0.00
77	IS-MCTS	RMHC	0	2	2	5415	212965749	3.93e+04	0.00	86	6992365	8.13e+04	1.00
78	IS-MCTS	RMHC	0	1	1	9641	352479545	3.66e+04	0.00	95	7315406	7.70e+04	1.00
79	IS-MCTS	RMHC	2	0	2	7130	272271984	3.82e+04	1.00	93	7094838	7.63e+04	0.00
80	IS-MCTS	RMHC	1	0	1	8448	319147318	3.78e+04	1.00	94	7227090	7.69e+04	0.00
81	IS-MCTS	RMHC	0	1	1	13127	467457509	3.56e+04	0.00	98	7389131	7.54e+04	1.00
82	IS-MCTS	RMHC	1	0	1	14413	496378073	3.44e+04	1.00	97	7951512	8.20e+04	0.00
83	IS-MCTS	RMHC	1	0	1	11539	426320977	3.69e+04	1.00	94	7018376	7.47e+04	0.00
84	IS-MCTS	RMHC	1	0	1	8398	314085640	3.74e+04	1.00	90	6716956	7.46e+04	0.00
85	IS-MCTS	RMHC	0	1	1	11241	414253146	3.69e+04	0.00	95	7443274	7.84e+04	1.00
86	IS-MCTS	RMHC	2	0	2	11091	402882760	3.63e+04	1.00	98	7542315	7.70e+04	0.00
87	IS-MCTS	RMHC	0	1	1	7534	287798474	3.82e+04	0.00	92	7103042	7.72e+04	1.00
88	IS-MCTS	RMHC	1	0	1	15079	527045009	3.50e+04	1.00	99	7547617	7.62e+04	0.00
89	IS-MCTS	RMHC	0	1	1	9841	368769438	3.75e+04	0.00	96	7625225	7.94e+04	1.00
90	IS-MCTS	RMHC	0	2	2	8833	331047089	3.75e+04	0.00	96	7293344	7.60e+04	1.00
91	IS-MCTS	RMHC	2	0	2	9706	372160071	3.83e+04	1.00	89	6868377	7.72e+04	0.00
92	IS-MCTS	RMHC	0	1	1	10841	391254667	3.61e+04	0.00	95	7279175	7.66e+04	1.00
93	IS-MCTS	RMHC	0	1	1	12696	462116156	3.64e+04	0.00	95	7395944	7.79e+04	1.00
94	IS-MCTS	RMHC	0	2	2	6975	267210841	3.83e+04	0.00	93	7702093	8.28e+04	1.00
95	IS-MCTS	RMHC	0	3	3	6069	236772071	3.90e+04	0.00	89	7260396	8.16e+04	1.00
96	IS-MCTS	RMHC	1	0	1	23760	817771670	3.44e+04	1.00	98	7382503	7.53e+04	0.00
97	IS-MCTS	RMHC	2	0	2	9759	375598094	3.85e+04	1.00	81	6514459	8.04e+04	0.00
98	IS-MCTS	RMHC	1	0	1	8832	330861666	3.75e+04	1.00	94	7228426	7.69e+04	0.00
99	IS-MCTS	RMHC	0	2	2	6587	254039196	3.86e+04	0.00	92	7389824	8.03e+04	1.00
100	IS-MCTS	RMHC	1	0	1	11470	415488581	3.62e+04	1.00	96	7183759	7.48e+04	0.00
101	IS-MCTS	RMHC	1	0	1	14547	524905727	3.61e+04	1.00	99	7781665	7.86e+04	0.00
102	IS-MCTS	RMHC	3	0	3	8742	327272153	3.74e+04	1.00	92	7163223	7.79e+04	0.00
103	IS-MCTS	RMHC	0	3	3	6320	243672947	3.86e+04	0.00	90	7069049	7.85e+04	1.00
104	IS-MCTS	RMHC	1	0	1	9084	337046174	3.71e+04	1.00	93	7200939	7.74e+04	0.00
105	IS-MCTS	RMHC	2	0	2	7996	306145952	3.83e+04	1.00	93	7114588	7.65e+04	0.00
106	IS-MCTS	RMHC	2	0	2	9109	339373878	3.73e+04	1.00	94	7244048	7.71e+04	0.00
107	IS-MCTS	RMHC	0	1	1	8808	330360782	3.75e+04	0.00	91	7026052	7.72e+04	1.00
108	IS-MCTS	RMHC	0	1	1	12530	474818253	3.79e+04	0.00	97	7439935	7.67e+04	1.00
109	IS-MCTS	RMHC	0	2	2	8024	308431647	3.84e+04	0.00	91	6984522	7.68e+04	1.00
110	IS-MCTS	RMHC	0	4	4	4893	192451860	3.93e+04	0.00	84	6387509	7.60e+04	1.00
111	IS-MCTS	RMHC	0	3	3	6430	251565457	3.91e+04	0.00	88	6880526	7.82e+04	1.00
112	IS-MCTS	RMHC	0	1	1	8905	345678087	3.88e+04	0.00	87	6922177	7.96e+04	1.00
113	IS-MCTS	RMHC	0	1	1	7573	289684414	3.83e+04	0.00	91	7327486	8.05e+04	1.00
114	IS-MCTS	RMHC	0	1	1	9635	353361019	3.67e+04	0.00	95	7310460	7.70e+04	1.00
115	IS-MCTS	RMHC	0	4	4	6864	267961464	3.90e+04	0.00	89	7119278	8.00e+04	1.00
116	IS-MCTS	RMHC	0	1	1	9434	370985557	3.93e+04	0.00	92	7000013	7.61e+04	1.00
117	IS-MCTS	RMHC	0	2	2	7065	267342909	3.78e+04	0.00	94	7094493	7.55e+04	1.00
118	IS-MCTS	RMHC	0	2	2	8732	327575106	3.75e+04	0.00	94	7566073	8.05e+04	1.00
119	IS-MCTS	RMHC	0	2	2	7499	290747884	3.88e+04	0.00	91	7180521	7.89e+04	1.00
120	IS-MCTS	RMHC	1	0	1	7322	278987068	3.81e+04	1.00	88	6971183	7.92e+04	0.00
121	IS-MCTS	RMHC	1	0	1	11060	406724326	3.68e+04	1.00	95	7205118	7.58e+04	0.00
122	IS-MCTS	RMHC	0	2	2	8182	313359161	3.83e+04	0.00	92	7475380	8.13e+04	1.00
123	IS-MCTS	RMHC	0	4	4	6730	261884163	3.89e+04	0.00	88	6949252	7.90e+04	1.00
124	IS-MCTS	RMHC	0	1	1	9778	360525777	3.69e+04	0.00	95	7270959	7.65e+04	1.00
125	IS-MCTS	RMHC	0	4	4	4745	189185425	3.99e+04	0.00	83	6529664	7.87e+04	1.00
126	IS-MCTS	RMHC	0	2	2	9983	367400409	3.68e+04	0.00	98	7542976	7.70e+04	1.00
127	IS-MCTS	RMHC	3	0	3	10829	405022291	3.74e+04	1.00	92	7148445	7.77e+04	0.00
128	IS-MCTS	RMHC	1	0	1	10159	370584272	3.65e+04	1.00	94	7092210	7.54e+04	0.00
129	IS-MCTS	RMHC	3	0	3	8355	318224132	3.81e+04	1.00	84	6743862	8.03e+04	0.00
130	IS-MCTS	RMHC	2	0	2	8650	325598942	3.76e+04	1.00	89	6902511	7.76e+04	0.00
131	IS-MCTS	RMHC	0	4	4	5825	226138492	3.88e+04	0.00	88	6682348	7.59e+04	1.00
132	IS-MCTS	RMHC	1	0	1	14765	510284678	3.46e+04	1.00	98	7592170	7.75e+04	0.00
133	IS-MCTS	RMHC	0	1	1	11292	413690830	3.66e+04	0.00	92	6914622	7.52e+04	1.00
134	IS-MCTS	RMHC	1	0	1	10332	377247578	3.65e+04	1.00	94	7001716	7.45e+04	0.00
135	IS-MCTS	RMHC	1	0	1	11152	408137265	3.66e+04	1.00	93	6917582	7.44e+04	0.00
136	IS-MCTS	RMHC	0	2	2	6142	256125135	4.17e+04	0.00	87	7010604	8.06e+04	1.00
137	IS-MCTS	RMHC	0	1	1	7885	300054316	3.81e+04	0.00	89	6706239	7.54e+04	1.00
138	IS-MCTS	RMHC	1	0	1	9776	359152671	3.67e+04	1.00	93	7112053	7.65e+04	0.00
139	IS-MCTS	RMHC	0	2	2	6132	241921360	3.95e+04	0.00	86	6551571	7.62e+04	1.00
140	IS-MCTS	RMHC	1	0	1	11291	417232441	3.70e+04	1.00	91	7128415	7.83e+04	0.00
141	IS-MCTS	RMHC	0	4	4	5833	228404156	3.92e+04	0.00	86	6667066	7.75e+04	1.00
142	IS-MCTS	RMHC	1	0	1	6147	237919736	3.87e+04	1.00	83	6564648	7.91e+04	0.00
143	IS-MCTS	RMHC	0	1	1	8690	325664464	3.75e+04	0.00	91	7056640	7.75e+04	1.00
144	IS-MCTS	RMHC	0	2	2	6975	267870722	3.84e+04	0.00	84	6367170	7.58e+04	1.00
145	IS-MCTS	RMHC	1	0	1	19092	669238399	3.51e+04	1.00	98	7618588	7.77e+04	0.00
146	IS-MCTS	RMHC	3	0	3	8604	323635602	3.76e+04	1.00	94	7133075	7.59e+04	0.00
147	IS-MCTS	RMHC	1	0	1	9140	374786537	4.10e+04	1.00	94	7291633	7.76e+04	0.00
148	IS-MCTS	RMHC	2	0	2	7854	299072502	3.81e+04	1.00	87	6561174	7.54e+04	0.00
149	IS-MCTS	RMHC	0	3	3	5449	211948234	3.89e+04	0.00	86	6584529	7.66e+04	1.00
150	IS-MCTS	RMHC	0	2	2	7284	278759854	3.83e+04	0.00	93	7276628	7.82e+04	1.00
151	IS-MCTS	RMHC	0	1	1	8234	307508615	3.73e+04	0.00	92	7108148	7.73e+04	1.00
152	IS-MCTS	RMHC	0	1	1	9148	338388150	3.70e+04	0.00	94	6951378	7.40e+04	1.00
153	IS-MCTS	RMHC	0	1	1	7765	293646583	3.78e+04	0.00	90	6973718	7.75e+04	1.00
154	IS-MCTS	RMHC	2	0	2	9635	360670405	3.74e+04	1.00	90	7003518	7.78e+04	0.00
155	IS-MCTS	RMHC	0	1	1	15017	540493833	3.60e+04	0.00	95	7660030	8.06e+04	1.00
156	IS-MCTS	RMHC	1	0	1	9327	360822990	3.87e+04	1.00	92	7098375	7.72e+04	0.00
157	IS-MCTS	RMHC	0	3	3	5639	222087057	3.94e+04	0.00	88	6791593	7.72e+04	1.00
158	IS-MCTS	RMHC	3	0	3	8054	307068508	3.81e+04	1.00	87	6983507	8.03e+04	0.00
159	IS-MCTS	RMHC	1	0	1	14183	507219378	3.58e+04	1.00	99	7870570	7.95e+04	0.00
160	IS-MCTS	RMHC	1	0	1	16466	578956559	3.52e+04	1.00	95	7399742	7.79e+04	0.00
161	IS-MCTS	RMHC	1	0	1	9257	347613155	3.76e+04	1.00	95	7345328	7.73e+04	0.00
162	IS-MCTS	RMHC	0	1	1	6993	265908855	3.80e+04	0.00	89	6770743	7.61e+04	1.00
163	IS-MCTS	RMHC	0	4	4	4996	200317376	4.01e+04	0.00	85	6621677	7.79e+04	1.00
164	IS-MCTS	RMHC	0	3	3	5317	208988002	3.93e+04	0.00	86	6831717	7.94e+04	1.00
165	IS-MCTS	RMHC	4	0	4	11671	435358736	3.73e+04	1.00	85	6845594	8.05e+04	0.00
166	IS-MCTS	RMHC	0	2	2	6020	232530730	3.86e+04	0.00	89	6727956	7.56e+04	1.00
167	IS-MCTS	RMHC	0	1	1	8171	307426024	3.76e+04	0.00	96	7166901	7.47e+04	1.00
168	IS-MCTS	RMHC	1	0	1	11222	413626838	3.69e+04	1.00	96	7587669	7.90e+04	0.00
169	IS-MCTS	RMHC	0	1	1	7169	276188989	3.85e+04	0.00	92	7473002	8.12e+04	1.00
170	IS-MCTS	RMHC	0	3	3	6047	236165107	3.91e+04	0.00	87	7130299	8.20e+04	1.00
171	IS-MCTS	RMHC	0	1	1	10020	369704857	3.69e+04	0.00	93	7116180	7.65e+04	1.00
172	IS-MCTS	RMHC	1	0	1	14069	505827753	3.60e+04	1.00	94	7089682	7.54e+04	0.00
173	IS-MCTS	RMHC	0	1	1	10811	398284197	3.68e+04	0.00	94	7578025	8.06e+04	1.00
174	IS-MCTS	RMHC	3	0	3	7472	287823553	3.85e+04	1.00	86	6906020	8.03e+04	0.00
175	IS-MCTS	RMHC	3	0	3	9225	350281508	3.80e+04	1.00	88	6745332	7.67e+04	0.00
176	IS-MCTS	RMHC	3	0	3	8073	304778344	3.78e+04	1.00	84	6392619	7.61e+04	0.00
177	IS-MCTS	RMHC	0	2	2	7670	293319257	3.82e+04	0.00	95	7265760	7.65e+04	1.00
178	IS-MCTS	RMHC	0	1	1	10279	381586225	3.71e+04	0.00	96	7267684	7.57e+04	1.00
179	IS-MCTS	RMHC	1	0	1	8142	370860974	4.55e+04	1.00	88	6756962	7.68e+04	0.00
180	IS-MCTS	RMHC	1	0	1	9989	369840127	3.70e+04	1.00	91	6969064	7.66e+04	0.00
181	IS-MCTS	RMHC	0	2	2	7001	270099900	3.86e+04	0.00	82	6159289	7.51e+04	1.00
182	IS-MCTS	RMHC	1	0	1	10535	386887633	3.67e+04	1.00	94	7740862	8.23e+04	0.00
183	IS-MCTS	RMHC	0	4	4	4710	185705209	3.94e+04	0.00	77	6153785	7.99e+04	1.00
184	IS-MCTS	RMHC	0	1	1	16278	625679009	3.84e+04	0.00	98	7412222	7.56e+04	1.00
185	IS-MCTS	RMHC	0	1	1	14888	513079731	3.45e+04	0.00	99	6970928	7.04e+04	1.00
186	IS-MCTS	RMHC	0	1	1	9907	351213697	3.55e+04	0.00	94	6604540	7.03e+04	1.00
187	IS-MCTS	RMHC	2	0	2	8577	315764587	3.68e+04	1.00	90	6182394	6.87e+04	0.00
188	IS-MCTS	RMHC	1	0	1	7817	286300745	3.66e+04	1.00	85	5974803	7.03e+04	0.00
189	IS-MCTS	RMHC	0	1	1	9860	362583411	3.68e+04	0.00	93	6766611	7.28e+04	1.00
190	IS-MCTS	RMHC	0	1	1	10387	384212025	3.70e+04	0.00	93	7379128	7.93e+04	1.00
191	IS-MCTS	RMHC	1	0	1	10858	397617718	3.66e+04	1.00	91	7239841	7.96e+04	0.00
192	IS-MCTS	RMHC	0	1	1	9582	356744548	3.72e+04	0.00	88	6779698	7.70e+04	1.00
193	IS-MCTS	RMHC	1	0	1	12617	451022140	3.57e+04	1.00	97	7327388	7.55e+04	0.00
194	IS-MCTS	RMHC	0	2	2	7368	274985423	3.73e+04	0.00	93	7088349	7.62e+04	1.00
195	IS-MCTS	RMHC	0	1	1	10903	476177644	4.37e+04	0.00	94	7249180	7.71e+04	1.00
196	IS-MCTS	RMHC	0	1	1	8276	308324686	3.73e+04	0.00	96	7300040	7.60e+04	1.00
197	IS-MCTS	RMHC	1	0	1	12508	452079433	3.61e+04	1.00	97	7351109	7.58e+04	0.00
198	IS-MCTS	RMHC	0	2	2	7843	290194470	3.70e+04	0.00	95	7217285	7.60e+04	1.00
199	IS-MCTS	RMHC	0	4	4	5915	227608113	3.85e+04	0.00	90	6972760	7.75e+04	1.00
200	IS-MCTS	RMHC	2	0	2	10643	388056079	3.65e+04	1.00	98	7430867	7.58e+04	0.00
201	IS-MCTS	RMHC	0	1	1	6971	266879541	3.83e+04	0.00	86	6706234	7.80e+04	1.00
202	IS-MCTS	RMHC	6	0	6	3967	158398190	3.99e+04	1.00	70	5339243	7.63e+04	0.00
203	IS-MCTS	RMHC	1	0	1	15683	587667256	3.75e+04	1.00	99	7430970	7.51e+04	0.00
204	IS-MCTS	RMHC	0	2	2	6166	236572441	3.84e+04	0.00	90	7124311	7.92e+04	1.00
205	IS-MCTS	RMHC	1	0	1	11199	404766194	3.61e+04	1.00	97	7736638	7.98e+04	0.00
206	IS-MCTS	RMHC	1	0	1	13132	460380673	3.51e+04	1.00	95	7105449	7.48e+04	0.00
207	IS-MCTS	RMHC	1	0	1	11301	401908023	3.56e+04	1.00	96	7321738	7.63e+04	0.00
208	IS-MCTS	RMHC	0	1	1	6542	250428610	3.83e+04	0.00	87	6618874	7.61e+04	1.00
209	IS-MCTS	RMHC	0	2	2	8991	332843877	3.70e+04	0.00	96	7135684	7.43e+04	1.00
210	IS-MCTS	RMHC	1	0	1	12871	448929449	3.49e+04	1.00	98	7436510	7.59e+04	0.00
211	IS-MCTS	RMHC	0	3	3	6289	240323541	3.82e+04	0.00	90	7023178	7.80e+04	1.00
212	IS-MCTS	RMHC	0	1	1	9587	352411787	3.68e+04	0.00	89	6734581	7.57e+04	1.00
213	IS-MCTS	RMHC	2	0	2	8634	322146538	3.73e+04	1.00	94	7030020	7.48e+04	0.00
214	IS-MCTS	RMHC	0	4	4	3895	154101670	3.96e+04	0.00	75	5590695	7.45e+04	1.00
215	IS-MCTS	RMHC	1	0	1	11951	427267153	3.58e+04	1.00	99	7643899	7.72e+04	0.00
216	IS-MCTS	RMHC	4	0	4	7879	296271731	3.76e+04	1.00	88	7582970	8.62e+04	0.00
217	IS-MCTS	RMHC	0	4	4	5064	198017338	3.91e+04	0.00	87	6654233	7.65e+04	1.00
218	IS-MCTS	RMHC	0	1	1	11354	407765134	3.59e+04	0.00	92	6832626	7.43e+04	1.00
219	IS-MCTS	RMHC	0	3	3	8247	308988947	3.75e+04	0.00	96	7352741	7.66e+04	1.00
220	IS-MCTS	RMHC	2	0	2	6965	260941543	3.75e+04	1.00	84	6418248	7.64e+04	0.00
221	IS-MCTS	RMHC	1	0	1	6835	259408050	3.80e+04	1.00	91	6729722	7.40e+04	0.00
222	IS-MCTS	RMHC	1	0	1	14347	491608583	3.43e+04	1.00	98	7149083	7.29e+04	0.00
223	IS-MCTS	RMHC	2	0	2	10455	385097349	3.68e+04	1.00	95	7295785	7.68e+04	0.00
224	IS-MCTS	RMHC	1	0	1	18817	640792127	3.41e+04	1.00	99	7272154	7.35e+04	0.00
225	IS-MCTS	RMHC	1	0	1	14120	500375645	3.54e+04	1.00	96	7066958	7.36e+04	0.00
226	IS-MCTS	RMHC	2	0	2	6406	247038775	3.86e+04	1.00	84	6360618	7.57e+04	0.00
227	IS-MCTS	RMHC	0	5	5	4036	160078397	3.97e+04	0.00	78	5981704	7.67e+04	1.00
228	IS-MCTS	RMHC	1	0	1	11022	458901425	4.16e+04	1.00	96	7327434	7.63e+04	0.00
229	IS-MCTS	RMHC	0	2	2	6787	261055705	3.85e+04	0.00	93	7522459	8.09e+04	1.00
230	IS-MCTS	RMHC	0	3	3	5109	200476446	3.92e+04	0.00	81	6375538	7.87e+04	1.00
231	IS-MCTS	RMHC	1	0	1	11819	427459429	3.62e+04	1.00	98	7508903	7.66e+04	0.00
232	IS-MCTS	RMHC	0	1	1	8220	307064933	3.74e+04	0.00	92	7047993	7.66e+04	1.00
233	IS-MCTS	RMHC	0	3	3	6055	233341689	3.85e+04	0.00	87	6552840	7.53e+04	1.00
234	IS-MCTS	RMHC	0	1	1	8423	307705240	3.65e+04	0.00	93	7151561	7.69e+04	1.00
235	IS-MCTS	RMHC	0	1	1	10860	389192481	3.58e+04	0.00	97	7436606	7.67e+04	1.00
236	IS-MCTS	RMHC	2	0	2	9795	381534791	3.90e+04	1.00	94	7139648	7.60e+04	0.00
237	IS-MCTS	RMHC	1	0	1	11595	410079152	3.54e+04	1.00	97	7684484	7.92e+04	0.00
238	IS-MCTS	RMHC	0	1	1	9721	352277557	3.62e+04	0.00	95	7282944	7.67e+04	1.00
239	IS-MCTS	RMHC	1	0	1	10313	383205117	3.72e+04	1.00	95	7370493	7.76e+04	0.00
240	IS-MCTS	RMHC	1	0	1	10451	384230830	3.68e+04	1.00	93	7051982	7.58e+04	0.00
241	IS-MCTS	RMHC	1	0	1	8935	327225901	3.66e+04	1.00	90	6761948	7.51e+04	0.00
242	IS-MCTS	RMHC	0	1	1	8350	310008482	3.71e+04	0.00	89	6557922	7.37e+04	1.00
243	IS-MCTS	RMHC	2	0	2	11359	423275062	3.73e+04	1.00	91	6883747	7.56e+04	0.00
244	IS-MCTS	RMHC	0	1	1	10347	387761843	3.75e+04	0.00	96	7347291	7.65e+04	1.00
245	IS-MCTS	RMHC	0	4	4	4320	170839437	3.95e+04	0.00	79	6047622	7.66e+04	1.00
246	IS-MCTS	RMHC	1	0	1	18462	633075771	3.43e+04	1.00	98	7617974	7.77e+04	0.00
247	IS-MCTS	RMHC	1	0	1	15416	543895538	3.53e+04	1.00	97	7446892	7.68e+04	0.00
248	IS-MCTS	RMHC	1	0	1	10378	375800747	3.62e+04	1.00	95	7294875	7.68e+04	0.00
249	IS-MCTS	RMHC	0	1	1	15832	559519040	3.53e+04	0.00	98	7345597	7.50e+04	1.00
250	IS-MCTS	RMHC	0	3	3	5307	206883399	3.90e+04	0.00	85	6706824	7.89e+04	1.00
251	IS-MCTS	RMHC	0	2	2	9060	371608141	4.10e+04	0.00	95	7287465	7.67e+04	1.00
252	IS-MCTS	RMHC	1	0	1	13603	470796943	3.46e+04	1.00	97	7555343	7.79e+04	0.00
253	IS-MCTS	RMHC	1	0	1	14788	525807458	3.56e+04	1.00	96	7362915	7.67e+04	0.00
254	IS-MCTS	RMHC	0	7	7	3960	156886535	3.96e+04	0.00	77	5912882	7.68e+04	1.00
255	IS-MCTS	RMHC	0	1	1	9757	360042614	3.69e+04	0.00	91	6886291	7.57e+04	1.00
256	IS-MCTS	RMHC	1	0	1	10771	390439342	3.62e+04	1.00	92	7072075	7.69e+04	0.00
257	IS-MCTS	RMHC	1	0	1	14580	531172757	3.64e+04	1.00	96	7618040	7.94e+04	0.00
258	IS-MCTS	RMHC	1	0	1	9251	334901048	3.62e+04	1.00	96	7542603	7.86e+04	0.00
259	IS-MCTS	RMHC	1	0	1	10327	381613181	3.70e+04	1.00	92	6866051	7.46e+04	0.00
260	IS-MCTS	RMHC	1	0	1	11346	401182141	3.54e+04	1.00	98	7507130	7.66e+04	0.00
261	IS-MCTS	RMHC	2	0	2	12111	447848275	3.70e+04	1.00	94	7172183	7.63e+04	0.00
262	IS-MCTS	RMHC	0	1	1	8203	308963135	3.77e+04	0.00	85	6445163	7.58e+04	1.00
263	IS-MCTS	RMHC	1	0	1	10247	409535146	4.00e+04	1.00	92	6986858	7.59e+04	0.00
264	IS-MCTS	RMHC	2	0	2	10935	391013789	3.58e+04	1.00	98	7557223	7.71e+04	0.00
265	IS-MCTS	RMHC	0	3	3	6112	236288560	3.87e+04	0.00	91	6919571	7.60e+04	1.00
266	IS-MCTS	RMHC	0	3	3	5192	203351577	3.92e+04	0.00	85	6465820	7.61e+04	1.00
267	IS-MCTS	RMHC	1	0	1	10572	383834934	3.63e+04	1.00	99	7652245	7.73e+04	0.00
268	IS-MCTS	RMHC	0	4	4	5305	218589769	4.12e+04	0.00	87	6625940	7.62e+04	1.00
269	IS-MCTS	RMHC	0	1	1	6367	242338846	3.81e+04	0.00	90	6891907	7.66e+04	1.00
270	IS-MCTS	RMHC	0	3	3	5382	206767468	3.84e+04	0.00	85	6595131	7.76e+04	1.00
271	IS-MCTS	RMHC	2	0	2	12130	443253206	3.65e+04	1.00	88	6648491	7.56e+04	0.00
272	IS-MCTS	RMHC	3	0	3	7090	266615940	3.76e+04	1.00	86	6519046	7.58e+04	0.00
273	IS-MCTS	RMHC	0	1	1	6866	262794558	3.83e+04	0.00	92	7272117	7.90e+04	1.00
274	IS-MCTS	RMHC	0	1	1	10208	365592188	3.58e+04	0.00	97	7458934	7.69e+04	1.00
275	IS-MCTS	RMHC	0	6	6	4324	171768788	3.97e+04	0.00	82	6260476	7.63e+04	1.00
276	IS-MCTS	RMHC	0	3	3	3793	159732060	4.21e+04	0.00	78	6120385	7.85e+04	1.00
277	IS-MCTS	RMHC	0	2	2	7400	280682378	3.79e+04	0.00	90	6627347	7.36e+04	1.00
278	IS-MCTS	RMHC	0	3	3	4978	195485491	3.93e+04	0.00	82	6388385	7.79e+04	1.00
279	IS-MCTS	RMHC	0	1	1	9826	362400853	3.69e+04	0.00	90	7325356	8.14e+04	1.00
280	IS-MCTS	RMHC	1	0	1	10399	369705207	3.56e+04	1.00	95	7178022	7.56e+04	0.00
281	IS-MCTS	RMHC	2	0	2	7738	291880065	3.77e+04	1.00	92	7319592	7.96e+04	0.00
282	IS-MCTS	RMHC	0	1	1	7599	284011710	3.74e+04	0.00	90	7150973	7.95e+04	1.00
283	IS-MCTS	RMHC	0	1	1	10711	389514058	3.64e+04	0.00	97	7680656	7.92e+04	1.00
284	IS-MCTS	RMHC	4	0	4	7125	269287678	3.78e+04	1.00	81	6331017	7.82e+04	0.00
285	IS-MCTS	RMHC	1	0	1	11408	413294710	3.62e+04	1.00	93	7046934	7.58e+04	0.00
286	IS-MCTS	RMHC	0	1	1	12093	429723879	3.55e+04	0.00	97	7442873	7.67e+04	1.00
287	IS-MCTS	RMHC	1	0	1	15437	552333069	3.58e+04	1.00	98	7693603	7.85e+04	0.00
288	IS-MCTS	RMHC	0	3	3	7139	271131492	3.80e+04	0.00	92	7004042	7.61e+04	1.00
289	IS-MCTS	RMHC	1	0	1	9781	358372510	3.66e+04	1.00	92	7002834	7.61e+04	0.00
290	IS-MCTS	RMHC	1	0	1	7372	278715642	3.78e+04	1.00	86	6507359	7.57e+04	0.00
291	IS-MCTS	RMHC	3	0	3	8177	309207152	3.78e+04	1.00	89	6927877	7.78e+04	0.00
292	IS-MCTS	RMHC	1	0	1	15705	528849110	3.37e+04	1.00	98	7755489	7.91e+04	0.00
293	IS-MCTS	RMHC	0	3	3	5106	198109724	3.88e+04	0.00	88	6784774	7.71e+04	1.00
294	IS-MCTS	RMHC	1	0	1	15643	535937526	3.43e+04	1.00	98	7354603	7.50e+04	0.00
295	IS-MCTS	RMHC	0	3	3	5517	214229683	3.88e+04	0.00	86	6662259	7.75e+04	1.00
296	IS-MCTS	RMHC	1	0	1	14687	513521326	3.50e+04	1.00	99	7641927	7.72e+04	0.00
297	IS-MCTS	RMHC	0	3	3	5882	226399703	3.85e+04	0.00	87	6602170	7.59e+04	1.00
298	IS-MCTS	RMHC	0	1	1	7347	275402948	3.75e+04	0.00	92	7082086	7.70e+04	1.00
299	IS-MCTS	RMHC	1	0	1	10288	371565491	3.61e+04	1.00	97	7538861	7.77e+04	0.00
300	IS-MCTS	RMHC	0	1	1	8386	308579646	3.68e+04	0.00	92	6957199	7.56e+04	1.00
301	IS-MCTS	RMHC	1	0	1	7632	283308681	3.71e+04	1.00	87	6650054	7.64e+04	0.00
302	IS-MCTS	RMHC	0	1	1	8298	310378542	3.74e+04	0.00	87	6759633	7.77e+04	1.00
303	IS-MCTS	RMHC	1	0	1	12580	452054203	3.59e+04	1.00	97	7582072	7.82e+04	0.00
304	IS-MCTS	RMHC	0	3	3	6285	243382569	3.87e+04	0.00	92	6972602	7.58e+04	1.00
305	IS-MCTS	RMHC	1	0	1	11165	408160841	3.66e+04	1.00	97	7431222	7.66e+04	0.00
306	IS-MCTS	RMHC	0	9	9	2523	101765754	4.03e+04	0.00	65	4986653	7.67e+04	1.00
307	IS-MCTS	RMHC	1	0	1	10178	374328049	3.68e+04	1.00	95	7256855	7.64e+04	0.00
308	IS-MCTS	RMHC	1	0	1	5874	224756622	3.83e+04	1.00	83	6461080	7.78e+04	0.00
309	IS-MCTS	RMHC	2	0	2	6527	250334383	3.84e+04	1.00	84	6612590	7.87e+04	0.00
310	IS-MCTS	RMHC	2	0	2	9170	339997103	3.71e+04	1.00	94	7201723	7.66e+04	0.00
311	IS-MCTS	RMHC	0	1	1	8970	331036341	3.69e+04	0.00	94	7084035	7.54e+04	1.00
312	IS-MCTS	RMHC	1	0	1	9946	360915478	3.63e+04	1.00	93	7012642	7.54e+04	0.00
313	IS-MCTS	RMHC	0	1	1	11091	409783603	3.69e+04	0.00	93	7071729	7.60e+04	1.00
314	IS-MCTS	RMHC	2	0	2	10084	370842566	3.68e+04	1.00	94	7501906	7.98e+04	0.00
315	IS-MCTS	RMHC	0	1	1	9784	397442485	4.06e+04	0.00	98	7771460	7.93e+04	1.00
316	IS-MCTS	RMHC	0	3	3	5123	198338810	3.87e+04	0.00	85	6598382	7.76e+04	1.00
317	IS-MCTS	RMHC	0	3	3	7191	272358631	3.79e+04	0.00	93	7375908	7.93e+04	1.00
318	IS-MCTS	RMHC	4	0	4	5593	214560615	3.84e+04	1.00	80	6385534	7.98e+04	0.00
319	IS-MCTS	RMHC	0	2	2	6253	240134787	3.84e+04	0.00	89	6777975	7.62e+04	1.00
320	IS-MCTS	RMHC	0	2	2	5670	218127424	3.85e+04	0.00	88	6856613	7.79e+04	1.00
321	IS-MCTS	RMHC	1	0	1	9311	349958696	3.76e+04	1.00	94	7210420	7.67e+04	0.00
322	IS-MCTS	RMHC	1	0	1	10894	384488596	3.53e+04	1.00	96	7502316	7.81e+04	0.00
323	IS-MCTS	RMHC	0	1	1	13106	467638748	3.57e+04	0.00	99	7560952	7.64e+04	1.00
324	IS-MCTS	RMHC	3	0	3	5816	224428293	3.86e+04	1.00	85	6299651	7.41e+04	0.00
325	IS-MCTS	RMHC	2	0	2	6626	253972806	3.83e+04	1.00	88	6747103	7.67e+04	0.00
326	IS-MCTS	RMHC	0	1	1	10443	383058547	3.67e+04	0.00	89	6907751	7.76e+04	1.00
327	IS-MCTS	RMHC	0	1	1	10827	391106364	3.61e+04	0.00	96	7571268	7.89e+04	1.00
328	IS-MCTS	RMHC	0	2	2	6827	273539801	4.01e+04	0.00	84	6564917	7.82e+04	1.00
329	IS-MCTS	RMHC	0	2	2	4778	188186110	3.94e+04	0.00	82	6556176	8.00e+04	1.00
330	IS-MCTS	RMHC	0	1	1	9506	342582571	3.60e+04	0.00	97	7341740	7.57e+04	1.00
331	IS-MCTS	RMHC	0	1	1	10436	382251372	3.66e+04	0.00	93	7067622	7.60e+04	1.00
332	IS-MCTS	RMHC	0	5	5	4171	163180467	3.91e+04	0.00	81	6098797	7.53e+04	1.00
333	IS-MCTS	RMHC	0	3	3	5481	213152414	3.89e+04	0.00	82	6376920	7.78e+04	1.00
334	IS-MCTS	RMHC	2	0	2	10293	406822476	3.95e+04	1.00	98	7461505	7.61e+04	0.00
335	IS-MCTS	RMHC	1	0	1	11838	428989769	3.62e+04	1.00	95	7340589	7.73e+04	0.00
336	IS-MCTS	RMHC	1	0	1	8207	307050660	3.74e+04	1.00	90	6976349	7.75e+04	0.00
337	IS-MCTS	RMHC	1	0	1	11158	399739723	3.58e+04	1.00	96	7583133	7.90e+04	0.00
338	IS-MCTS	RMHC	2	0	2	9453	344532823	3.64e+04	1.00	94	7318233	7.79e+04	0.00
339	IS-MCTS	RMHC	3	0	3	9534	359166264	3.77e+04	1.00	90	6928427	7.70e+04	0.00
340	IS-MCTS	RMHC	1	0	1	10088	364983276	3.62e+04	1.00	92	7124298	7.74e+04	0.00
341	IS-MCTS	RMHC	0	1	1	13201	472950585	3.58e+04	0.00	95	7103345	7.48e+04	1.00
342	IS-MCTS	RMHC	0	1	1	8638	322107476	3.73e+04	0.00	93	6934766	7.46e+04	1.00
343	IS-MCTS	RMHC	1	0	1	13034	476493838	3.66e+04	1.00	93	7071825	7.60e+04	0.00
344	IS-MCTS	RMHC	0	2	2	8150	303957738	3.73e+04	0.00	94	7269732	7.73e+04	1.00
345	IS-MCTS	RMHC	1	0	1	13330	481880069	3.62e+04	1.00	90	6869984	7.63e+04	0.00
346	IS-MCTS	RMHC	1	0	1	8012	300149708	3.75e+04	1.00	93	7023386	7.55e+04	0.00
347	IS-MCTS	RMHC	4	0	4	9057	337207695	3.72e+04	1.00	86	6464687	7.52e+04	0.00
348	IS-MCTS	RMHC	0	8	8	3499	139915570	4.00e+04	0.00	75	5808538	7.74e+04	1.00
349	IS-MCTS	RMHC	0	1	1	9569	351911811	3.68e+04	0.00	94	7338830	7.81e+04	1.00
350	IS-MCTS	RMHC	0	2	2	8654	319412903	3.69e+04	0.00	94	7221960	7.68e+04	1.00
351	IS-MCTS	RMHC	0	1	1	7385	282514940	3.83e+04	0.00	91	7321346	8.05e+04	1.00
352	IS-MCTS	RMHC	0	4	4	5318	206878486	3.89e+04	0.00	89	7149937	8.03e+04	1.00
353	IS-MCTS	RMHC	1	0	1	12111	436662620	3.61e+04	1.00	96	7282299	7.59e+04	0.00
354	IS-MCTS	RMHC	0	4	4	7258	274711117	3.78e+04	0.00	93	7544588	8.11e+04	1.00
355	IS-MCTS	RMHC	0	1	1	9079	366669126	4.04e+04	0.00	94	7587416	8.07e+04	1.00
356	IS-MCTS	RMHC	0	1	1	7950	296188334	3.73e+04	0.00	92	7339911	7.98e+04	1.00
357	IS-MCTS	RMHC	1	0	1	6623	249953177	3.77e+04	1.00	90	7156039	7.95e+04	0.00
358	IS-MCTS	RMHC	0	1	1	9052	378987266	4.19e+04	0.00	94	7432905	7.91e+04	1.00
359	IS-MCTS	RMHC	0	3	3	5458	211933000	3.88e+04	0.00	86	6476406	7.53e+04	1.00
360	IS-MCTS	RMHC	2	0	2	7696	293305219	3.81e+04	1.00	90	6849998	7.61e+04	0.00
361	IS-MCTS	RMHC	0	2	2	7556	288997071	3.82e+04	0.00	94	7223847	7.68e+04	1.00
362	IS-MCTS	RMHC	3	0	3	9300	346613623	3.73e+04	1.00	92	6984137	7.59e+04	0.00
363	IS-MCTS	RMHC	1	0	1	12031	438770621	3.65e+04	1.00	96	7399502	7.71e+04	0.00
364	IS-MCTS	RMHC	1	0	1	13926	481034164	3.45e+04	1.00	98	7765381	7.92e+04	0.00
365	IS-MCTS	RMHC	1	0	1	15513	544956688	3.51e+04	1.00	99	7676412	7.75e+04	0.00
366	IS-MCTS	RMHC	0	1	1	14269	498737318	3.50e+04	0.00	97	7269335	7.49e+04	1.00
367	IS-MCTS	RMHC	0	1	1	14241	512458759	3.60e+04	0.00	96	7645604	7.96e+04	1.00
368	IS-MCTS	RMHC	1	0	1	11706	421127906	3.60e+04	1.00	94	7246836	7.71e+04	0.00
369	IS-MCTS	RMHC	2	0	2	7260	273952679	3.77e+04	1.00	94	7165641	7.62e+04	0.00
370	IS-MCTS	RMHC	0	1	1	6701	255949542	3.82e+04	0.00	89	6850460	7.70e+04	1.00
371	IS-MCTS	RMHC	0	1	1	16427	580657811	3.53e+04	0.00	96	7499816	7.81e+04	1.00
372	IS-MCTS	RMHC	3	0	3	6388	245084965	3.84e+04	1.00	86	6517577	7.58e+04	0.00
373	IS-MCTS	RMHC	2	0	2	6776	258887021	3.82e+04	1.00	92	7321723	7.96e+04	0.00
374	IS-MCTS	RMHC	0	4	4	3687	145441158	3.94e+04	0.00	72	5678847	7.89e+04	1.00
375	IS-MCTS	RMHC	1	0	1	8368	314647267	3.76e+04	1.00	90	6911954	7.68e+04	0.00
376	IS-MCTS	RMHC	1	0	1	8421	307260443	3.65e+04	1.00	87	6492222	7.46e+04	0.00
377	IS-MCTS	RMHC	2	0	2	7384	280834480	3.80e+04	1.00	90	7119738	7.91e+04	0.00
378	IS-MCTS	RMHC	2	0	2	9004	328246830	3.65e+04	1.00	96	7344065	7.65e+04	0.00
379	IS-MCTS	RMHC	0	3	3	4445	176792321	3.98e+04	0.00	78	6179729	7.92e+04	1.00
380	IS-MCTS	RMHC	1	0	1	6426	243908413	3.80e+04	1.00	86	6620571	7.70e+04	0.00
381	IS-MCTS	RMHC	1	0	1	13312	484800718	3.64e+04	1.00	93	7206599	7.75e+04	0.00
382	IS-MCTS	RMHC	0	2	2	7145	270220011	3.78e+04	0.00	91	6956481	7.64e+04	1.00
383	IS-MCTS	RMHC	0	1	1	9468	348152368	3.68e+04	0.00	97	7587883	7.82e+04	1.00
384	IS-MCTS	RMHC	0	1	1	14510	522244728	3.60e+04	0.00	92	6968932	7.57e+04	1.00
385	IS-MCTS	RMHC	0	3	3	4432	175327139	3.96e+04	0.00	81	6237760	7.70e+04	1.00
386	IS-MCTS	RMHC	1	0	1	10101	366998944	3.63e+04	1.00	91	7286359	8.01e+04	0.00
387	IS-MCTS	RMHC	0	4	4	6140	235046734	3.83e+04	0.00	89	7122683	8.00e+04	1.00
388	IS-MCTS	RMHC	0	3	3	6457	248296976	3.85e+04	0.00	89	6784808	7.62e+04	1.00
389	IS-MCTS	RMHC	0	1	1	9279	342747724	3.69e+04	0.00	92	6997410	7.61e+04	1.00
390	IS-MCTS	RMHC	1	0	1	11843	450822942	3.81e+04	1.00	98	7543068	7.70e+04	0.00
391	IS-MCTS	RMHC	0	6	6	4739	186756014	3.94e+04	0.00	79	6462788	8.18e+04	1.00
392	IS-MCTS	RMHC	1	0	1	9945	365029967	3.67e+04	1.00	93	7115675	7.65e+04	0.00
393	IS-MCTS	RMHC	2	0	2	7077	267213306	3.78e+04	1.00	87	6624153	7.61e+04	0.00
394	IS-MCTS	RMHC	1	0	1	7776	282107952	3.63e+04	1.00	93	6942850	7.47e+04	0.00
395	IS-MCTS	RMHC	1	0	1	14457	510746785	3.53e+04	1.00	98	7696956	7.85e+04	0.00
396	IS-MCTS	RMHC	0	1	1	12433	430178716	3.46e+04	0.00	98	7529906	7.68e+04	1.00
397	IS-MCTS	RMHC	0	1	1	6328	241223519	3.81e+04	0.00	87	6593763	7.58e+04	1.00
398	IS-MCTS	RMHC	0	1	1	7947	301589547	3.80e+04	0.00	92	6945367	7.55e+04	1.00
399	IS-MCTS	RMHC	0	4	4	4757	188115512	3.95e+04	0.00	83	6339319	7.64e+04	1.00
400	IS-MCTS	RMHC	1	0	1	15578	540280656	3.47e+04	1.00	97	7645431	7.88e+04	0.00
401	IS-MCTS	RMHC	1	0	1	8943	343177816	3.84e+04	1.00	92	7041490	7.65e+04	0.00
402	IS-MCTS	RMHC	1	0	1	15296	531219637	3.47e+04	1.00	96	7440371	7.75e+04	0.00
403	IS-MCTS	RMHC	2	0	2	8608	325475041	3.78e+04	1.00	80	6036871	7.55e+04	0.00
404	IS-MCTS	RMHC	0	2	2	7714	289505257	3.75e+04	0.00	89	6898387	7.75e+04	1.00
405	IS-MCTS	RMHC	2	0	2	11761	437817060	3.72e+04	1.00	94	7413472	7.89e+04	0.00
406	IS-MCTS	RMHC	2	0	2	6845	257031892	3.76e+04	1.00	91	7005002	7.70e+04	0.00
407	IS-MCTS	RMHC	3	0	3	6397	245216733	3.83e+04	1.00	89	7059994	7.93e+04	0.00
408	IS-MCTS	RMHC	0	3	3	5128	215371807	4.20e+04	0.00	81	6466675	7.98e+04	1.00
409	IS-MCTS	RMHC	1	0	1	12051	427424504	3.55e+04	1.00	98	7613686	7.77e+04	0.00
410	IS-MCTS	RMHC	1	0	1	10154	370414263	3.65e+04	1.00	94	7213771	7.67e+04	0.00
411	IS-MCTS	RMHC	2	0	2	8771	355997122	4.06e+04	1.00	93	7058359	7.59e+04	0.00
412	IS-MCTS	RMHC	5	0	5	6130	235815352	3.85e+04	1.00	71	5951644	8.38e+04	0.00
413	IS-MCTS	RMHC	0	1	1	14628	516625114	3.53e+04	0.00	98	7848759	8.01e+04	1.00
414	IS-MCTS	RMHC	0	1	1	15141	533843314	3.53e+04	0.00	98	7537180	7.69e+04	1.00
415	IS-MCTS	RMHC	1	0	1	14193	505242120	3.56e+04	1.00	97	7097187	7.32e+04	0.00
416	IS-MCTS	RMHC	2	0	2	9164	341513658	3.73e+04	1.00	93	7460819	8.02e+04	0.00
417	IS-MCTS	RMHC	0	1	1	8168	306872574	3.76e+04	0.00	96	7512667	7.83e+04	1.00
418	IS-MCTS	RMHC	0	1	1	6621	252594942	3.82e+04	0.00	90	7011269	7.79e+04	1.00
419	IS-MCTS	RMHC	4	0	4	7353	282048925	3.84e+04	1.00	88	6903217	7.84e+04	0.00
420	IS-MCTS	RMHC	0	3	3	5134	197416135	3.85e+04	0.00	80	6361368	7.95e+04	1.00
421	IS-MCTS	RMHC	0	2	2	12001	464491202	3.87e+04	0.00	98	7614648	7.77e+04	1.00
422	IS-MCTS	RMHC	2	0	2	6516	243394937	3.74e+04	1.00	86	6489847	7.55e+04	0.00
423	IS-MCTS	RMHC	0	6	6	3427	137791193	4.02e+04	0.00	73	5668204	7.76e+04	1.00
424	IS-MCTS	RMHC	2	0	2	8419	314450123	3.74e+04	1.00	90	6940017	7.71e+04	0.00
425	IS-MCTS	RMHC	0	1	1	14681	519891336	3.54e+04	0.00	96	7337045	7.64e+04	1.00
426	IS-MCTS	RMHC	0	2	2	7379	280025812	3.79e+04	0.00	91	6930499	7.62e+04	1.00
427	IS-MCTS	RMHC	0	3	3	7232	273181028	3.78e+04	0.00	93	6945408	7.47e+04	1.00
428	IS-MCTS	RMHC	2	0	2	8392	313583045	3.74e+04	1.00	95	7206104	7.59e+04	0.00
429	IS-MCTS	RMHC	0	1	1	12316	435964263	3.54e+04	0.00	97	7424531	7.65e+04	1.00
430	IS-MCTS	RMHC	5	0	5	6866	263292017	3.83e+04	1.00	89	6993428	7.86e+04	0.00
431	IS-MCTS	RMHC	1	0	1	7544	285168282	3.78e+04	1.00	92	7084909	7.70e+04	0.00
432	IS-MCTS	RMHC	2	0	2	5971	229895948	3.85e+04	1.00	80	5993915	7.49e+04	0.00
433	IS-MCTS	RMHC	3	0	3	7690	291096258	3.79e+04	1.00	91	6963169	7.65e+04	0.00
434	IS-MCTS	RMHC	1	0	1	12002	422352241	3.52e+04	1.00	99	7491238	7.57e+04	0.00
435	IS-MCTS	RMHC	1	0	1	19397	674243135	3.48e+04	1.00	98	7389869	7.54e+04	0.00
436	IS-MCTS	RMHC	0	1	1	10779	386787832	3.59e+04	0.00	97	7582619	7.82e+04	1.00
437	IS-MCTS	RMHC	0	1	1	9500	351483255	3.70e+04	0.00	93	7045234	7.58e+04	1.00
438	IS-MCTS	RMHC	0	2	2	9078	332474872	3.66e+04	0.00	95	7244115	7.63e+04	1.00
439	IS-MCTS	RMHC	3	0	3	7286	270754444	3.72e+04	1.00	85	6430506	7.57e+04	0.00
440	IS-MCTS	RMHC	0	2	2	9137	378931717	4.15e+04	0.00	95	7380595	7.77e+04	1.00
441	IS-MCTS	RMHC	0	2	2	7730	291746002	3.77e+04	0.00	89	6872597	7.72e+04	1.00
442	IS-MCTS	RMHC	0	1	1	9587	351781407	3.67e+04	0.00	96	7382695	7.69e+04	1.00
443	IS-MCTS	RMHC	3	0	3	8290	316432396	3.82e+04	1.00	92	6976619	7.58e+04	0.00
444	IS-MCTS	RMHC	0	1	1	13373	458521485	3.43e+04	0.00	99	7515984	7.59e+04	1.00
445	IS-MCTS	RMHC	0	3	3	7833	294086601	3.75e+04	0.00	95	7263384	7.65e+04	1.00
446	IS-MCTS	RMHC	1	0	1	13318	464619949	3.49e+04	1.00	96	7630763	7.95e+04	0.00
447	IS-MCTS	RMHC	0	1	1	8384	313635924	3.74e+04	0.00	88	6883681	7.82e+04	1.00
448	IS-MCTS	RMHC	0	2	2	7543	280570585	3.72e+04	0.00	92	7331765	7.97e+04	1.00
449	IS-MCTS	RMHC	3	0	3	5743	222042682	3.87e+04	1.00	88	6952991	7.90e+04	0.00
450	IS-MCTS	RMHC	2	0	2	7228	274091619	3.79e+04	1.00	85	6315180	7.43e+04	0.00
451	IS-MCTS	RMHC	0	4	4	5291	205770569	3.89e+04	0.00	86	6434973	7.48e+04	1.00
452	IS-MCTS	RMHC	0	2	2	8320	305964699	3.68e+04	0.00	95	7323647	7.71e+04	1.00
453	IS-MCTS	RMHC	2	0	2	10692	387005464	3.62e+04	1.00	96	7458704	7.77e+04	0.00
454	IS-MCTS	RMHC	0	5	5	4585	190286966	4.15e+04	0.00	83	6300976	7.59e+04	1.00
455	IS-MCTS	RMHC	0	1	1	10350	377854693	3.65e+04	0.00	94	7452224	7.93e+04	1.00
456	IS-MCTS	RMHC	3	0	3	7766	292356892	3.76e+04	1.00	87	6850843	7.87e+04	0.00
457	IS-MCTS	RMHC	1	0	1	9319	344539035	3.70e+04	1.00	92	7048349	7.66e+04	0.00
458	IS-MCTS	RMHC	1	0	1	12410	444619141	3.58e+04	1.00	97	7337571	7.56e+04	0.00
459	IS-MCTS	RMHC	1	0	1	16514	594548392	3.60e+04	1.00	95	7358177	7.75e+04	0.00
460	IS-MCTS	RMHC	1	0	1	14501	508550712	3.51e+04	1.00	95	7244827	7.63e+04	0.00
461	IS-MCTS	RMHC	1	0	1	9881	360656446	3.65e+04	1.00	96	7383714	7.69e+04	0.00
462	IS-MCTS	RMHC	2	0	2	7754	289495173	3.73e+04	1.00	89	6717095	7.55e+04	0.00
463	IS-MCTS	RMHC	0	1	1	7153	270310402	3.78e+04	0.00	93	7041632	7.57e+04	1.00
464	IS-MCTS	RMHC	0	4	4	5135	199816241	3.89e+04	0.00	85	6326530	7.44e+04	1.00
465	IS-MCTS	RMHC	2	0	2	10888	402855651	3.70e+04	1.00	96	7394667	7.70e+04	0.00
466	IS-MCTS	RMHC	2	0	2	9853	357482489	3.63e+04	1.00	94	7148106	7.60e+04	0.00
467	IS-MCTS	RMHC	1	0	1	10373	401531698	3.87e+04	1.00	93	7240185	7.79e+04	0.00
468	IS-MCTS	RMHC	2	0	2	12891	473754611	3.68e+04	1.00	98	7253584	7.40e+04	0.00
469	IS-MCTS	RMHC	3	0	3	6668	271430804	4.07e+04	1.00	90	7387174	8.21e+04	0.00
470	IS-MCTS	RMHC	0	1	1	12770	486026469	3.81e+04	0.00	96	8209011	8.55e+04	1.00
471	IS-MCTS	RMHC	1	0	1	13550	497075522	3.67e+04	1.00	96	7718162	8.04e+04	0.00
472	IS-MCTS	RMHC	2	0	2	7387	313152920	4.24e+04	1.00	93	8007590	8.61e+04	0.00
473	IS-MCTS	RMHC	0	6	6	5983	256421695	4.29e+04	0.00	87	7374788	8.48e+04	1.00
474	IS-MCTS	RMHC	3	0	3	13174	539744727	4.10e+04	1.00	85	7237666	8.51e+04	0.00
475	IS-MCTS	RMHC	1	0	1	6084	268506367	4.41e+04	1.00	86	7825816	9.10e+04	0.00
476	IS-MCTS	RMHC	2	0	2	6472	263483404	4.07e+04	1.00	84	6840910	8.14e+04	0.00
477	IS-MCTS	RMHC	1	0	1	10939	459666930	4.20e+04	1.00	94	7966928	8.48e+04	0.00
478	IS-MCTS	RMHC	0	1	1	6448	277827299	4.31e+04	0.00	88	7630526	8.67e+04	1.00
479	IS-MCTS	RMHC	2	0	2	6420	291794703	4.55e+04	1.00	81	6729905	8.31e+04	0.00
480	IS-MCTS	RMHC	0	2	2	5157	228232658	4.43e+04	0.00	79	6775938	8.58e+04	1.00
481	IS-MCTS	RMHC	1	0	1	12209	459160637	3.76e+04	1.00	99	8346922	8.43e+04	0.00
482	IS-MCTS	RMHC	1	0	1	10648	425622347	4.00e+04	1.00	97	8160666	8.41e+04	0.00
483	IS-MCTS	RMHC	0	2	2	6756	300571964	4.45e+04	0.00	87	7648604	8.79e+04	1.00
484	IS-MCTS	RMHC	0	6	6	2696	114114273	4.23e+04	0.00	66	5216708	7.90e+04	1.00
485	IS-MCTS	RMHC	0	1	1	11348	436899751	3.85e+04	0.00	93	7725579	8.31e+04	1.00
486	IS-MCTS	RMHC	4	0	4	12779	505334447	3.95e+04	1.00	74	5783261	7.82e+04	0.00
487	IS-MCTS	RMHC	0	6	6	4636	201561601	4.35e+04	0.00	83	6697959	8.07e+04	1.00
488	IS-MCTS	RMHC	0	1	1	7116	313439852	4.40e+04	0.00	90	7997735	8.89e+04	1.00
489	IS-MCTS	RMHC	0	2	2	8468	338247167	3.99e+04	0.00	96	7963147	8.29e+04	1.00
490	IS-MCTS	RMHC	2	0	2	9088	437235156	4.81e+04	1.00	95	8129745	8.56e+04	0.00
491	IS-MCTS	RMHC	1	0	1	7788	331130636	4.25e+04	1.00	87	7573676	8.71e+04	0.00
492	IS-MCTS	RMHC	0	1	1	5608	236643128	4.22e+04	0.00	88	7486183	8.51e+04	1.00
493	IS-MCTS	RMHC	0	2	2	6802	297784746	4.38e+04	0.00	91	8488584	9.33e+04	1.00
494	IS-MCTS	RMHC	0	3	3	6748	273696006	4.06e+04	0.00	92	7853636	8.54e+04	1.00
495	IS-MCTS	RMHC	1	0	1	8182	347629394	4.25e+04	1.00	88	7973670	9.06e+04	0.00
496	IS-MCTS	RMHC	1	0	1	9128	376206469	4.12e+04	1.00	95	8201028	8.63e+04	0.00
497	IS-MCTS	RMHC	0	2	2	6389	274377849	4.29e+04	0.00	86	7215663	8.39e+04	1.00
498	IS-MCTS	RMHC	1	0	1	12759	533636403	4.18e+04	1.00	97	8520363	8.78e+04	0.00
499	IS-MCTS	RMHC	1	0	1	9800	384306158	3.92e+04	1.00	90	7588349	8.43e+04	0.00
500	IS-MCTS	RMHC	1	0	1	14827	533281508	3.60e+04	1.00	98	7788672	7.95e+04	0.00
501	IS-MCTS	RMHC	3	0	3	10155	396102108	3.90e+04	1.00	94	7593367	8.08e+04	0.00
502	IS-MCTS	OSLA	1	0	1	12037	476876580	3.96e+04	1.00	95	12131333	1.28e+05	0.00
503	IS-MCTS	OSLA	0	1	1	7980	313136348	3.92e+04	0.00	93	11438744	1.23e+05	1.00
504	IS-MCTS	OSLA	0	1	1	7654	302031481	3.95e+04	0.00	94	9508309	1.01e+05	1.00
505	IS-MCTS	OSLA	0	2	2	7424	303989909	4.09e+04	0.00	90	11685587	1.30e+05	1.00
506	IS-MCTS	OSLA	1	0	1	8554	323665431	3.78e+04	1.00	88	10401149	1.18e+05	0.00
507	IS-MCTS	OSLA	0	1	1	18915	681848919	3.60e+04	0.00	99	11934519	1.21e+05	1.00
508	IS-MCTS	OSLA	1	0	1	13976	507479717	3.63e+04	1.00	98	11897528	1.21e+05	0.00
509	IS-MCTS	OSLA	2	0	2	7931	310082389	3.91e+04	1.00	91	11104346	1.22e+05	0.00
510	IS-MCTS	OSLA	1	0	1	12711	624846466	4.92e+04	1.00	95	11905174	1.25e+05	0.00
511	IS-MCTS	OSLA	2	0	2	9690	390211941	4.03e+04	1.00	81	10409723	1.29e+05	0.00
512	IS-MCTS	OSLA	0	1	1	11285	449588251	3.98e+04	0.00	90	11330530	1.26e+05	1.00
513	IS-MCTS	OSLA	2	0	2	12842	507444961	3.95e+04	1.00	91	11692586	1.28e+05	0.00
514	IS-MCTS	OSLA	0	1	1	8956	340267159	3.80e+04	0.00	91	9163769	1.01e+05	1.00
515	IS-MCTS	OSLA	3	0	3	9036	340090318	3.76e+04	1.00	95	11501761	1.21e+05	0.00
516	IS-MCTS	OSLA	0	1	1	9115	342860271	3.76e+04	0.00	89	10085341	1.13e+05	1.00
517	IS-MCTS	OSLA	1	0	1	11016	412431111	3.74e+04	1.00	96	11224693	1.17e+05	0.00
518	IS-MCTS	OSLA	0	1	1	9133	340017041	3.72e+04	0.00	97	11512030	1.19e+05	1.00
519	IS-MCTS	OSLA	0	2	2	8402	333220742	3.97e+04	0.00	93	11033177	1.19e+05	1.00
520	IS-MCTS	OSLA	2	0	2	7079	268432474	3.79e+04	1.00	87	8133923	9.35e+04	0.00
521	IS-MCTS	OSLA	0	1	1	10915	400632702	3.67e+04	0.00	96	11181850	1.16e+05	1.00
522	IS-MCTS	OSLA	0	1	1	11034	392041700	3.55e+04	0.00	95	11194904	1.18e+05	1.00
523	IS-MCTS	OSLA	0	2	2	7663	294988096	3.85e+04	0.00	91	10284193	1.13e+05	1.00
524	IS-MCTS	OSLA	1	0	1	11100	420436800	3.79e+04	1.00	92	10779857	1.17e+05	0.00
525	IS-MCTS	OSLA	0	1	1	9347	362163431	3.87e+04	0.00	98	11812654	1.21e+05	1.00
526	IS-MCTS	OSLA	1	0	1	14994	558056533	3.72e+04	1.00	93	12328612	1.33e+05	0.00
527	IS-MCTS	OSLA	1	0	1	14506	555940153	3.83e+04	1.00	97	10514763	1.08e+05	0.00
528	IS-MCTS	OSLA	0	2	2	5922	249572540	4.21e+04	0.00	85	10920143	1.28e+05	1.00
529	IS-MCTS	OSLA	1	0	1	13242	490352958	3.70e+04	1.00	96	11665321	1.22e+05	0.00
530	IS-MCTS	OSLA	1	0	1	13485	604746661	4.48e+04	1.00	95	10605501	1.12e+05	0.00
531	IS-MCTS	OSLA	1	0	1	9113	340468103	3.74e+04	1.00	93	10638760	1.14e+05	0.00
532	IS-MCTS	OSLA	0	1	1	13937	550035713	3.95e+04	0.00	96	12357954	1.29e+05	1.00
533	IS-MCTS	OSLA	0	4	4	4853	207475608	4.28e+04	0.00	85	11275323	1.33e+05	1.00
534	IS-MCTS	OSLA	0	1	1	10679	397072601	3.72e+04	0.00	94	9914914	1.05e+05	1.00
535	IS-MCTS	OSLA	0	1	1	8716	340613130	3.91e+04	0.00	93	11434756	1.23e+05	1.00
536	IS-MCTS	OSLA	2	0	2	11707	465192963	3.97e+04	1.00	93	11814635	1.27e+05	0.00
537	IS-MCTS	OSLA	0	1	1	11616	442874627	3.81e+04	0.00	94	11489729	1.22e+05	1.00
538	IS-MCTS	OSLA	0	2	2	5970	240205407	4.02e+04	0.00	88	10687407	1.21e+05	1.00
539	IS-MCTS	OSLA	3	0	3	5366	223105692	4.16e+04	1.00	85	10347989	1.22e+05	0.00
540	IS-MCTS	OSLA	0	1	1	13380	498642175	3.73e+04	0.00	99	13052393	1.32e+05	1.00
541	IS-MCTS	OSLA	1	0	1	9153	369237163	4.03e+04	1.00	93	12092348	1.30e+05	0.00
542	IS-MCTS	OSLA	1	0	1	9159	366355520	4.00e+04	1.00	94	12122449	1.29e+05	0.00
543	IS-MCTS	OSLA	0	1	1	10138	404821144	3.99e+04	0.00	97	13022000	1.34e+05	1.00
544	IS-MCTS	OSLA	0	3	3	5541	226659216	4.09e+04	0.00	90	10962665	1.22e+05	1.00
545	IS-MCTS	OSLA	1	0	1	7409	293016431	3.95e+04	1.00	87	10647195	1.22e+05	0.00
546	IS-MCTS	OSLA	0	1	1	6276	255356097	4.07e+04	0.00	91	11516699	1.27e+05	1.00
547	IS-MCTS	OSLA	1	0	1	10311	406845858	3.95e+04	1.00	88	10995277	1.25e+05	0.00
548	IS-MCTS	OSLA	0	1	1	13816	499353523	3.61e+04	0.00	98	12388222	1.26e+05	1.00
549	IS-MCTS	OSLA	0	3	3	6867	288353513	4.20e+04	0.00	90	10194543	1.13e+05	1.00
550	IS-MCTS	OSLA	1	0	1	8891	367594938	4.13e+04	1.00	92	11721319	1.27e+05	0.00
551	IS-MCTS	OSLA	0	1	1	12575	506318537	4.03e+04	0.00	96	12843075	1.34e+05	1.00
552	IS-MCTS	OSLA	1	0	1	7599	318842195	4.20e+04	1.00	90	11654771	1.29e+05	0.00
553	IS-MCTS	OSLA	0	1	1	8543	335178231	3.92e+04	0.00	96	10239735	1.07e+05	1.00
554	IS-MCTS	OSLA	0	1	1	20293	717339672	3.53e+04	0.00	99	12344736	1.25e+05	1.00
555	IS-MCTS	OSLA	0	3	3	6393	260505710	4.07e+04	0.00	92	11496738	1.25e+05	1.00
556	IS-MCTS	OSLA	0	2	2	7611	301783323	3.97e+04	0.00	89	10833062	1.22e+05	1.00
557	IS-MCTS	OSLA	1	0	1	10986	414915190	3.78e+04	1.00	95	12002467	1.26e+05	0.00
558	IS-MCTS	OSLA	0	1	1	10331	401939884	3.89e+04	0.00	98	12562761	1.28e+05	1.00
559	IS-MCTS	OSLA	0	1	1	13292	521154294	3.92e+04	0.00	98	12812167	1.31e+05	1.00
560	IS-MCTS	OSLA	1	0	1	9450	372000506	3.94e+04	1.00	97	10328758	1.06e+05	0.00
561	IS-MCTS	OSLA	1	0	1	10320	391386970	3.79e+04	1.00	95	11816689	1.24e+05	0.00
562	IS-MCTS	OSLA	3	0	3	6818	267571622	3.92e+04	1.00	89	10663995	1.20e+05	0.00
563	IS-MCTS	OSLA	0	5	5	4864	195526995	4.02e+04	0.00	84	9810241	1.17e+05	1.00
564	IS-MCTS	OSLA	0	1	1	8832	360624333	4.08e+04	0.00	94	10135643	1.08e+05	1.00
565	IS-MCTS	OSLA	2	0	2	8082	319172332	3.95e+04	1.00	89	11103177	1.25e+05	0.00
566	IS-MCTS	OSLA	0	1	1	8151	319099296	3.91e+04	0.00	92	11585240	1.26e+05	1.00
567	IS-MCTS	OSLA	0	1	1	13021	474331043	3.64e+04	0.00	99	12505110	1.26e+05	1.00
568	IS-MCTS	OSLA	0	2	2	10157	414860869	4.08e+04	0.00	95	10209209	1.07e+05	1.00
569	IS-MCTS	OSLA	1	0	1	7546	323146986	4.28e+04	1.00	91	12122091	1.33e+05	0.00
570	IS-MCTS	OSLA	2	0	2	7071	298177929	4.22e+04	1.00	86	11467242	1.33e+05	0.00
571	IS-MCTS	OSLA	1	0	1	10004	410496643	4.10e+04	1.00	93	12313840	1.32e+05	0.00
572	IS-MCTS	OSLA	1	0	1	10297	389322653	3.78e+04	1.00	95	10367664	1.09e+05	0.00
573	IS-MCTS	OSLA	2	0	2	8024	308184897	3.84e+04	1.00	92	10928843	1.19e+05	0.00
574	IS-MCTS	OSLA	1	0	1	9359	365775020	3.91e+04	1.00	91	11056433	1.21e+05	0.00
575	IS-MCTS	OSLA	0	2	2	8566	393457008	4.59e+04	0.00	91	10970384	1.21e+05	1.00
576	IS-MCTS	OSLA	2	0	2	9884	375062335	3.79e+04	1.00	96	12006131	1.25e+05	0.00
577	IS-MCTS	OSLA	0	1	1	12032	472481326	3.93e+04	0.00	91	11439137	1.26e+05	1.00
578	IS-MCTS	OSLA	0	1	1	9271	373136753	4.02e+04	0.00	95	12796477	1.35e+05	1.00
579	IS-MCTS	OSLA	0	5	5	3543	175405689	4.95e+04	0.00	72	8117706	1.13e+05	1.00
580	IS-MCTS	OSLA	1	0	1	7262	301489846	4.15e+04	1.00	87	11295848	1.30e+05	0.00
581	IS-MCTS	OSLA	0	2	2	10769	433335471	4.02e+04	0.00	94	11885426	1.26e+05	1.00
582	IS-MCTS	OSLA	0	2	2	8694	329210889	3.79e+04	0.00	95	11976850	1.26e+05	1.00
583	IS-MCTS	OSLA	1	0	1	8923	343036219	3.84e+04	1.00	91	10076823	1.11e+05	0.00
584	IS-MCTS	OSLA	1	0	1	12602	470147273	3.73e+04	1.00	96	11750587	1.22e+05	0.00
585	IS-MCTS	OSLA	2	0	2	9205	360450456	3.92e+04	1.00	92	11504620	1.25e+05	0.00
586	IS-MCTS	OSLA	1	0	1	7923	307682969	3.88e+04	1.00	87	10800235	1.24e+05	0.00
587	IS-MCTS	OSLA	1	0	1	9121	349068153	3.83e+04	1.00	91	8902240	9.78e+04	0.00
588	IS-MCTS	OSLA	2	0	2	8244	340552421	4.13e+04	1.00	89	11090180	1.25e+05	0.00
589	IS-MCTS	OSLA	0	2	2	7351	306902860	4.17e+04	0.00	93	12035509	1.29e+05	1.00
590	IS-MCTS	OSLA	0	4	4	5109	217206055	4.25e+04	0.00	87	11465259	1.32e+05	1.00
591	IS-MCTS	OSLA	2	0	2	7214	288356031	4.00e+04	1.00	92	9961351	1.08e+05	0.00
592	IS-MCTS	OSLA	0	1	1	14105	493052601	3.50e+04	0.00	99	12001074	1.21e+05	1.00
593	IS-MCTS	OSLA	1	0	1	13533	487848100	3.60e+04	1.00	99	12166003	1.23e+05	0.00
594	IS-MCTS	OSLA	0	1	1	5790	232612868	4.02e+04	0.00	84	10222205	1.22e+05	1.00
595	IS-MCTS	OSLA	0	3	3	4702	193222664	4.11e+04	0.00	80	7916798	9.90e+04	1.00
596	IS-MCTS	OSLA	1	0	1	10090	391775585	3.88e+04	1.00	99	12679361	1.28e+05	0.00
597	IS-MCTS	OSLA	1	0	1	6329	269655822	4.26e+04	1.00	88	11321300	1.29e+05	0.00
598	IS-MCTS	OSLA	0	2	2	8379	343038646	4.09e+04	0.00	94	12481093	1.33e+05	1.00
599	IS-MCTS	OSLA	2	0	2	6818	262905635	3.86e+04	1.00	92	9373019	1.02e+05	0.00
600	IS-MCTS	OSLA	0	1	1	8498	335850543	3.95e+04	0.00	83	10076173	1.21e+05	1.00
601	IS-MCTS	OSLA	1	0	1	9734	375909930	3.86e+04	1.00	91	11200544	1.23e+05	0.00
602	IS-MCTS	OSLA	0	1	1	15939	592059085	3.71e+04	0.00	98	12396265	1.26e+05	1.00
603	IS-MCTS	OSLA	3	0	3	5137	223832281	4.36e+04	1.00	82	9283964	1.13e+05	0.00
604	IS-MCTS	OSLA	0	2	2	9888	374490274	3.79e+04	0.00	98	12293690	1.25e+05	1.00
605	IS-MCTS	OSLA	1	0	1	12068	446054876	3.70e+04	1.00	97	11825466	1.22e+05	0.00
606	IS-MCTS	OSLA	0	3	3	6758	269932663	3.99e+04	0.00	90	11058654	1.23e+05	1.00
607	IS-MCTS	OSLA	0	2	2	5272	224310245	4.25e+04	0.00	85	9602391	1.13e+05	1.00
608	IS-MCTS	OSLA	1	0	1	9072	349007416	3.85e+04	1.00	90	11194668	1.24e+05	0.00
609	IS-MCTS	OSLA	0	1	1	15754	566167468	3.59e+04	0.00	99	12181847	1.23e+05	1.00
610	IS-MCTS	OSLA	3	0	3	6045	278184216	4.60e+04	1.00	84	10298234	1.23e+05	0.00
611	IS-MCTS	OSLA	1	0	1	13684	501878206	3.67e+04	1.00	98	12246601	1.25e+05	0.00
612	IS-MCTS	OSLA	0	1	1	14513	560218060	3.86e+04	0.00	98	13108937	1.34e+05	1.00
613	IS-MCTS	OSLA	0	2	2	9240	394746008	4.27e+04	0.00	93	13049872	1.40e+05	1.00
614	IS-MCTS	OSLA	0	1	1	10662	463397921	4.35e+04	0.00	97	10837674	1.12e+05	1.00
615	IS-MCTS	OSLA	0	1	1	15496	617530032	3.99e+04	0.00	98	13472502	1.37e+05	1.00
616	IS-MCTS	OSLA	1	0	1	9345	373600699	4.00e+04	1.00	95	12810436	1.35e+05	0.00
617	IS-MCTS	OSLA	0	1	1	10377	395904581	3.82e+04	0.00	95	11318865	1.19e+05	1.00
618	IS-MCTS	OSLA	0	3	3	6519	250659905	3.85e+04	0.00	89	10607160	1.19e+05	1.00
619	IS-MCTS	OSLA	0	2	2	6916	299080125	4.32e+04	0.00	92	12025819	1.31e+05	1.00
620	IS-MCTS	OSLA	0	2	2	7924	340460606	4.30e+04	0.00	93	12884025	1.39e+05	1.00
621	IS-MCTS	OSLA	1	0	1	9426	407607492	4.32e+04	1.00	92	11457837	1.25e+05	0.00
622	IS-MCTS	OSLA	2	0	2	10387	435065646	4.19e+04	1.00	97	13130532	1.35e+05	0.00
623	IS-MCTS	OSLA	0	2	2	5734	249855961	4.36e+04	0.00	86	11298632	1.31e+05	1.00
624	IS-MCTS	OSLA	0	2	2	9107	362234216	3.98e+04	0.00	94	12161579	1.29e+05	1.00
625	IS-MCTS	OSLA	3	0	3	7886	353130445	4.48e+04	1.00	87	9490292	1.09e+05	0.00
626	IS-MCTS	OSLA	1	0	1	9367	405549058	4.33e+04	1.00	93	13135530	1.41e+05	0.00
627	IS-MCTS	OSLA	0	1	1	11735	499254083	4.25e+04	0.00	98	13350127	1.36e+05	1.00
628	IS-MCTS	OSLA	2	0	2	9487	393210145	4.14e+04	1.00	95	13003437	1.37e+05	0.00
629	IS-MCTS	OSLA	1	0	1	9650	416773613	4.32e+04	1.00	92	10150303	1.10e+05	0.00
630	IS-MCTS	OSLA	1	0	1	10052	441406545	4.39e+04	1.00	94	12738530	1.36e+05	0.00
631	IS-MCTS	OSLA	1	0	1	13456	571061959	4.24e+04	1.00	97	13584943	1.40e+05	0.00
632	IS-MCTS	OSLA	1	0	1	8347	360592289	4.32e+04	1.00	87	11646816	1.34e+05	0.00
633	IS-MCTS	OSLA	0	2	2	7632	336750708	4.41e+04	0.00	92	11959934	1.30e+05	1.00
634	IS-MCTS	OSLA	1	0	1	11280	479941572	4.25e+04	1.00	97	13318888	1.37e+05	0.00
635	IS-MCTS	OSLA	1	0	1	9890	426093386	4.31e+04	1.00	87	11681002	1.34e+05	0.00
636	IS-MCTS	OSLA	0	2	2	8078	370403507	4.59e+04	0.00	92	10788761	1.17e+05	1.00
637	IS-MCTS	OSLA	2	0	2	9579	414367680	4.33e+04	1.00	92	12365197	1.34e+05	0.00
638	IS-MCTS	OSLA	1	0	1	10255	423266104	4.13e+04	1.00	94	12532718	1.33e+05	0.00
639	IS-MCTS	OSLA	0	1	1	8655	373318471	4.31e+04	0.00	89	11931589	1.34e+05	1.00
640	IS-MCTS	OSLA	1	0	1	16393	631608580	3.85e+04	1.00	98	10900926	1.11e+05	0.00
641	IS-MCTS	OSLA	1	0	1	8933	388772531	4.35e+04	1.00	92	12157175	1.32e+05	0.00
642	IS-MCTS	OSLA	0	2	2	6319	275223161	4.36e+04	0.00	84	10752883	1.28e+05	1.00
643	IS-MCTS	OSLA	0	4	4	5344	242646566	4.54e+04	0.00	88	11771768	1.34e+05	1.00
644	IS-MCTS	OSLA	1	0	1	9113	383347661	4.21e+04	1.00	93	10076838	1.08e+05	0.00
645	IS-MCTS	OSLA	3	0	3	5852	254876489	4.36e+04	1.00	75	9636558	1.28e+05	0.00
646	IS-MCTS	OSLA	1	0	1	11073	447818546	4.04e+04	1.00	97	13341949	1.38e+05	0.00
647	IS-MCTS	OSLA	0	2	2	6513	280426399	4.31e+04	0.00	91	12106525	1.33e+05	1.00
648	IS-MCTS	OSLA	1	0	1	17759	647829964	3.65e+04	1.00	99	10727450	1.08e+05	0.00
649	IS-MCTS	OSLA	2	0	2	9035	375544225	4.16e+04	1.00	94	11827235	1.26e+05	0.00
650	IS-MCTS	OSLA	0	2	2	8585	362668591	4.22e+04	0.00	96	12934915	1.35e+05	1.00
651	IS-MCTS	OSLA	2	0	2	10036	415099498	4.14e+04	1.00	97	12970038	1.34e+05	0.00
652	IS-MCTS	OSLA	1	0	1	11914	472754134	3.97e+04	1.00	98	13261424	1.35e+05	0.00
653	IS-MCTS	OSLA	1	0	1	13719	540614957	3.94e+04	1.00	95	12592024	1.33e+05	0.00
654	IS-MCTS	OSLA	6	0	6	5912	231297583	3.91e+04	1.00	80	9644973	1.21e+05	0.00
655	IS-MCTS	OSLA	1	0	1	9983	433951502	4.35e+04	1.00	94	10813486	1.15e+05	0.00
656	IS-MCTS	OSLA	2	0	2	6449	284691512	4.41e+04	1.00	86	11534619	1.34e+05	0.00
657	IS-MCTS	OSLA	0	4	4	5598	257161355	4.59e+04	0.00	90	12459885	1.38e+05	1.00
658	IS-MCTS	OSLA	1	0	1	9393	410173159	4.37e+04	1.00	91	12506983	1.37e+05	0.00
659	IS-MCTS	OSLA	0	2	2	6432	286202342	4.45e+04	0.00	91	10842396	1.19e+05	1.00
660	IS-MCTS	OSLA	1	0	1	12588	523185517	4.16e+04	1.00	99	13602760	1.37e+05	0.00
661	IS-MCTS	OSLA	2	0	2	6617	296874470	4.49e+04	1.00	91	12378475	1.36e+05	0.00
662	IS-MCTS	OSLA	0	2	2	6020	271028846	4.50e+04	0.00	86	11563200	1.34e+05	1.00
663	IS-MCTS	OSLA	4	0	4	5860	261034376	4.45e+04	1.00	73	8910273	1.22e+05	0.00
664	IS-MCTS	OSLA	0	1	1	10906	450699587	4.13e+04	0.00	97	12895129	1.33e+05	1.00
665	IS-MCTS	OSLA	5	0	5	9189	402829193	4.38e+04	1.00	89	12079208	1.36e+05	0.00
666	IS-MCTS	OSLA	1	0	1	17103	668514774	3.91e+04	1.00	99	13774293	1.39e+05	0.00
667	IS-MCTS	OSLA	3	0	3	7135	325979779	4.57e+04	1.00	93	10128311	1.09e+05	0.00
668	IS-MCTS	OSLA	0	2	2	8605	379863707	4.41e+04	0.00	95	12880833	1.36e+05	1.00
669	IS-MCTS	OSLA	1	0	1	8091	347240550	4.29e+04	1.00	93	12332002	1.33e+05	0.00
670	IS-MCTS	OSLA	3	0	3	6980	305336789	4.37e+04	1.00	87	11891152	1.37e+05	0.00
671	IS-MCTS	OSLA	0	2	2	7209	316857687	4.40e+04	0.00	91	9760589	1.07e+05	1.00
672	IS-MCTS	OSLA	1	0	1	9383	400483917	4.27e+04	1.00	90	12296515	1.37e+05	0.00
673	IS-MCTS	OSLA	0	2	2	8327	360512313	4.33e+04	0.00	94	12879694	1.37e+05	1.00
674	IS-MCTS	OSLA	0	2	2	5851	262059925	4.48e+04	0.00	89	11879971	1.33e+05	1.00
675	IS-MCTS	OSLA	3	0	3	8479	389602515	4.59e+04	1.00	92	10479037	1.14e+05	0.00
676	IS-MCTS	OSLA	1	0	1	17212	675770065	3.93e+04	1.00	97	13049984	1.35e+05	0.00
677	IS-MCTS	OSLA	1	0	1	11739	472444122	4.02e+04	1.00	96	12970244	1.35e+05	0.00
678	IS-MCTS	OSLA	0	2	2	7590	314271614	4.14e+04	0.00	94	11931016	1.27e+05	1.00
679	IS-MCTS	OSLA	1	0	1	9681	386796389	4.00e+04	1.00	88	11295210	1.28e+05	0.00
680	IS-MCTS	OSLA	1	0	1	14583	566775263	3.89e+04	1.00	99	12869486	1.30e+05	0.00
681	IS-MCTS	OSLA	0	2	2	5606	254661094	4.54e+04	0.00	87	11833636	1.36e+05	1.00
682	IS-MCTS	OSLA	1	0	1	11409	473094439	4.15e+04	1.00	93	10774737	1.16e+05	0.00
683	IS-MCTS	OSLA	0	2	2	8575	359158200	4.19e+04	0.00	93	12429686	1.34e+05	1.00
684	IS-MCTS	OSLA	0	2	2	9624	368622641	3.83e+04	0.00	96	12033412	1.25e+05	1.00
685	IS-MCTS	OSLA	0	1	1	10738	461328858	4.30e+04	0.00	97	13157111	1.36e+05	1.00
686	IS-MCTS	OSLA	0	1	1	7312	325804766	4.46e+04	0.00	87	10195407	1.17e+05	1.00
687	IS-MCTS	OSLA	1	0	1	6724	301557760	4.48e+04	1.00	87	11611422	1.33e+05	0.00
688	IS-MCTS	OSLA	1	0	1	14040	589258357	4.20e+04	1.00	92	12331921	1.34e+05	0.00
689	IS-MCTS	OSLA	0	1	1	8226	359479362	4.37e+04	0.00	91	11891166	1.31e+05	1.00
690	IS-MCTS	OSLA	0	1	1	11038	475929459	4.31e+04	0.00	90	12388640	1.38e+05	1.00
691	IS-MCTS	OSLA	0	1	1	10671	456026601	4.27e+04	0.00	98	13687005	1.40e+05	1.00
692	IS-MCTS	OSLA	0	3	3	5089	235035326	4.62e+04	0.00	84	11369797	1.35e+05	1.00
693	IS-MCTS	OSLA	0	1	1	10748	497367166	4.63e+04	0.00	95	11354419	1.20e+05	1.00
694	IS-MCTS	OSLA	0	1	1	11587	486933965	4.20e+04	0.00	99	13614524	1.38e+05	1.00
695	IS-MCTS	OSLA	0	3	3	4933	227576872	4.61e+04	0.00	82	11048698	1.35e+05	1.00
696	IS-MCTS	OSLA	0	2	2	6308	286740596	4.55e+04	0.00	90	12416027	1.38e+05	1.00
697	IS-MCTS	OSLA	0	1	1	9310	403576598	4.33e+04	0.00	92	11178796	1.22e+05	1.00
698	IS-MCTS	OSLA	0	6	6	5806	259017324	4.46e+04	0.00	88	11688447	1.33e+05	1.00
699	IS-MCTS	OSLA	1	0	1	9171	399186992	4.35e+04	1.00	92	12698839	1.38e+05	0.00
700	IS-MCTS	OSLA	0	1	1	14054	561669230	4.00e+04	0.00	99	13837211	1.40e+05	1.00
701	IS-MCTS	OSLA	0	1	1	6696	310119668	4.63e+04	0.00	87	10081105	1.16e+05	1.00
702	IS-MCTS	OSLA	2	0	2	7082	313228225	4.42e+04	1.00	90	12364564	1.37e+05	0.00
703	IS-MCTS	OSLA	3	0	3	5069	229157561	4.52e+04	1.00	80	10618551	1.33e+05	0.00
704	IS-MCTS	OSLA	0	4	4	5967	267795732	4.49e+04	0.00	90	12122693	1.35e+05	1.00
705	IS-MCTS	OSLA	0	1	1	13093	531883373	4.06e+04	0.00	96	12558391	1.31e+05	1.00
706	IS-MCTS	OSLA	3	0	3	9878	412932394	4.18e+04	1.00	97	13092397	1.35e+05	0.00
707	IS-MCTS	OSLA	0	3	3	5760	262987671	4.57e+04	0.00	88	11852661	1.35e+05	1.00
708	IS-MCTS	OSLA	1	0	1	7441	307997989	4.14e+04	1.00	92	12305814	1.34e+05	0.00
709	IS-MCTS	OSLA	3	0	3	6635	287830449	4.34e+04	1.00	91	12098061	1.33e+05	0.00
710	IS-MCTS	OSLA	0	1	1	8103	323702107	3.99e+04	0.00	89	11192258	1.26e+05	1.00
711	IS-MCTS	OSLA	1	0	1	13433	534430635	3.98e+04	1.00	97	12361502	1.27e+05	0.00
712	IS-MCTS	OSLA	1	0	1	15202	612217969	4.03e+04	1.00	98	13746397	1.40e+05	0.00
713	IS-MCTS	OSLA	0	1	1	12335	499824803	4.05e+04	0.00	95	10306636	1.08e+05	1.00
714	IS-MCTS	OSLA	0	4	4	4132	174171167	4.22e+04	0.00	80	9781386	1.22e+05	1.00
715	IS-MCTS	OSLA	1	0	1	12458	493864432	3.96e+04	1.00	97	12301972	1.27e+05	0.00
716	IS-MCTS	OSLA	1	0	1	15720	628071820	4.00e+04	1.00	99	13213049	1.33e+05	0.00
717	IS-MCTS	OSLA	1	0	1	15748	623896629	3.96e+04	1.00	98	13294113	1.36e+05	0.00
718	IS-MCTS	OSLA	1	0	1	12399	496214330	4.00e+04	1.00	99	13445560	1.36e+05	0.00
719	IS-MCTS	OSLA	2	0	2	9426	406506326	4.31e+04	1.00	87	12025133	1.38e+05	0.00
720	IS-MCTS	OSLA	0	1	1	6788	291314173	4.29e+04	0.00	89	9467659	1.06e+05	1.00
721	IS-MCTS	OSLA	1	0	1	5971	265551013	4.45e+04	1.00	84	11120305	1.32e+05	0.00
722	IS-MCTS	OSLA	0	3	3	6682	286266024	4.28e+04	0.00	91	12318538	1.35e+05	1.00
723	IS-MCTS	OSLA	0	3	3	3689	154385458	4.19e+04	0.00	65	7676783	1.18e+05	1.00
724	IS-MCTS	OSLA	0	3	3	6523	277281468	4.25e+04	0.00	89	11671597	1.31e+05	1.00
725	IS-MCTS	OSLA	2	0	2	6828	287122259	4.21e+04	1.00	89	9839166	1.11e+05	0.00
726	IS-MCTS	OSLA	2	0	2	8466	357152819	4.22e+04	1.00	91	12059269	1.33e+05	0.00
727	IS-MCTS	OSLA	2	0	2	9123	382702609	4.19e+04	1.00	93	12363251	1.33e+05	0.00
728	IS-MCTS	OSLA	0	1	1	14810	523425989	3.53e+04	0.00	95	11426832	1.20e+05	1.00
729	IS-MCTS	OSLA	1	0	1	10768	403249912	3.74e+04	1.00	99	12001846	1.21e+05	0.00
730	IS-MCTS	OSLA	1	0	1	8680	335929188	3.87e+04	1.00	89	10419880	1.17e+05	0.00
731	IS-MCTS	OSLA	1	0	1	5794	232444704	4.01e+04	1.00	84	9910897	1.18e+05	0.00
732	IS-MCTS	OSLA	0	3	3	5887	234945022	3.99e+04	0.00	87	9214158	1.06e+05	1.00
733	IS-MCTS	OSLA	0	1	1	9566	358324199	3.75e+04	0.00	90	10414269	1.16e+05	1.00
734	IS-MCTS	OSLA	0	1	1	5463	208715851	3.82e+04	0.00	81	9249215	1.14e+05	1.00
735	IS-MCTS	OSLA	0	1	1	6541	252132175	3.85e+04	0.00	88	10118892	1.15e+05	1.00
736	IS-MCTS	OSLA	2	0	2	10376	390019076	3.76e+04	1.00	95	11036735	1.16e+05	0.00
737	IS-MCTS	OSLA	0	1	1	10579	402159613	3.80e+04	0.00	97	11803996	1.22e+05	1.00
738	IS-MCTS	OSLA	1	0	1	7776	318307889	4.09e+04	1.00	90	11842118	1.32e+05	0.00
739	IS-MCTS	OSLA	1	0	1	12953	524698778	4.05e+04	1.00	96	12978954	1.35e+05	0.00
740	IS-MCTS	OSLA	5	0	5	8060	363635918	4.51e+04	1.00	74	7835919	1.06e+05	0.00
741	IS-MCTS	OSLA	2	0	2	7564	300841114	3.98e+04	1.00	90	11153217	1.24e+05	0.00
742	IS-MCTS	OSLA	1	0	1	15025	536132111	3.57e+04	1.00	98	11596094	1.18e+05	0.00
743	IS-MCTS	OSLA	0	1	1	10797	523016691	4.84e+04	0.00	92	12297763	1.34e+05	1.00
744	IS-MCTS	OSLA	0	1	1	12183	501989866	4.12e+04	0.00	97	13462847	1.39e+05	1.00
745	IS-MCTS	OSLA	0	4	4	4967	222715403	4.48e+04	0.00	85	11321000	1.33e+05	1.00
746	IS-MCTS	OSLA	3	0	3	7353	321497524	4.37e+04	1.00	91	12429086	1.37e+05	0.00
747	IS-MCTS	OSLA	0	4	4	6381	283290629	4.44e+04	0.00	84	11187219	1.33e+05	1.00
748	IS-MCTS	OSLA	2	0	2	7789	336543554	4.32e+04	1.00	91	10132733	1.11e+05	0.00
749	IS-MCTS	OSLA	0	2	2	7210	322786387	4.48e+04	0.00	94	13227116	1.41e+05	1.00
750	IS-MCTS	OSLA	0	2	2	5963	263495619	4.42e+04	0.00	86	11371543	1.32e+05	1.00
751	IS-MCTS	OSLA	0	1	1	10925	457282637	4.19e+04	0.00	96	13099417	1.36e+05	1.00
752	IS-MCTS	OSLA	3	0	3	10784	473961600	4.40e+04	1.00	90	9939553	1.10e+05	0.00
753	IS-MCTS	OSLA	1	0	1	17127	697888459	4.07e+04	1.00	98	13501469	1.38e+05	0.00
754	IS-MCTS	OSLA	0	2	2	7970	346011426	4.34e+04	0.00	92	12491930	1.36e+05	1.00
755	IS-MCTS	OSLA	2	0	2	11034	485511334	4.40e+04	1.00	88	10778990	1.22e+05	0.00
756	IS-MCTS	OSLA	2	0	2	8956	403198589	4.50e+04	1.00	94	13082447	1.39e+05	0.00
757	IS-MCTS	OSLA	1	0	1	12013	504084213	4.20e+04	1.00	98	13498009	1.38e+05	0.00
758	IS-MCTS	OSLA	0	1	1	8668	375330311	4.33e+04	0.00	91	12236756	1.34e+05	1.00
759	IS-MCTS	OSLA	1	0	1	10511	430983742	4.10e+04	1.00	94	10691492	1.14e+05	0.00
760	IS-MCTS	OSLA	0	1	1	13013	536484029	4.12e+04	0.00	98	13386656	1.37e+05	1.00
761	IS-MCTS	OSLA	3	0	3	7329	319583481	4.36e+04	1.00	92	12392137	1.35e+05	0.00
762	IS-MCTS	OSLA	1	0	1	8530	419531992	4.92e+04	1.00	91	11722371	1.29e+05	0.00
763	IS-MCTS	OSLA	0	2	2	6408	283498433	4.42e+04	0.00	87	11164224	1.28e+05	1.00
764	IS-MCTS	OSLA	4	0	4	5173	232101128	4.49e+04	1.00	75	9803379	1.31e+05	0.00
765	IS-MCTS	OSLA	0	2	2	8991	378290230	4.21e+04	0.00	94	12612947	1.34e+05	1.00
766	IS-MCTS	OSLA	0	2	2	8875	375980324	4.24e+04	0.00	95	12852406	1.35e+05	1.00
767	IS-MCTS	OSLA	1	0	1	8762	375410351	4.28e+04	1.00	90	10800405	1.20e+05	0.00
768	IS-MCTS	OSLA	1	0	1	16531	637651437	3.86e+04	1.00	98	13033664	1.33e+05	0.00
769	IS-MCTS	OSLA	0	2	2	7737	323634801	4.18e+04	0.00	93	12422055	1.34e+05	1.00
770	IS-MCTS	OSLA	2	0	2	12549	494694111	3.94e+04	1.00	93	10504114	1.13e+05	0.00
771	IS-MCTS	OSLA	1	0	1	10075	383075157	3.80e+04	1.00	96	11974475	1.25e+05	0.00
772	IS-MCTS	OSLA	1	0	1	9906	394106202	3.98e+04	1.00	89	10742185	1.21e+05	0.00
773	IS-MCTS	OSLA	0	2	2	7533	331643020	4.40e+04	0.00	91	12747228	1.40e+05	1.00
774	IS-MCTS	OSLA	1	0	1	8484	368553923	4.34e+04	1.00	91	10234502	1.12e+05	0.00
775	IS-MCTS	OSLA	0	1	1	9123	392301545	4.30e+04	0.00	85	11458765	1.35e+05	1.00
776	IS-MCTS	OSLA	0	2	2	5936	266741737	4.49e+04	0.00	89	12218208	1.37e+05	1.00
777	IS-MCTS	OSLA	0	4	4	5634	258289440	4.58e+04	0.00	88	11971660	1.36e+05	1.00
778	IS-MCTS	OSLA	0	2	2	7175	314949831	4.39e+04	0.00	93	10465922	1.13e+05	1.00
779	IS-MCTS	OSLA	1	0	1	8351	368239311	4.41e+04	1.00	93	12809133	1.38e+05	0.00
780	IS-MCTS	OSLA	0	1	1	9441	408507168	4.33e+04	0.00	92	12788296	1.39e+05	1.00
781	IS-MCTS	OSLA	4	0	4	5629	255623148	4.54e+04	1.00	83	10859329	1.31e+05	0.00
782	IS-MCTS	OSLA	2	0	2	7575	339556884	4.48e+04	1.00	94	11115818	1.18e+05	0.00
783	IS-MCTS	OSLA	2	0	2	8588	380266921	4.43e+04	1.00	94	12402728	1.32e+05	0.00
784	IS-MCTS	OSLA	1	0	1	11997	488063670	4.07e+04	1.00	98	13387453	1.37e+05	0.00
785	IS-MCTS	OSLA	0	1	1	8665	371542689	4.29e+04	0.00	94	12870186	1.37e+05	1.00
786	IS-MCTS	OSLA	0	3	3	6152	277601420	4.51e+04	0.00	89	10066673	1.13e+05	1.00
787	IS-MCTS	OSLA	0	1	1	10310	445355850	4.32e+04	0.00	94	12813402	1.36e+05	1.00
788	IS-MCTS	OSLA	1	0	1	9784	414328145	4.23e+04	1.00	95	13047142	1.37e+05	0.00
789	IS-MCTS	OSLA	1	0	1	8089	357626613	4.42e+04	1.00	90	12109484	1.35e+05	0.00
790	IS-MCTS	OSLA	0	1	1	12540	519699008	4.14e+04	0.00	99	11117530	1.12e+05	1.00
791	IS-MCTS	OSLA	0	3	3	5165	239777246	4.64e+04	0.00	84	11233948	1.34e+05	1.00
792	IS-MCTS	OSLA	3	0	3	7863	341001500	4.34e+04	1.00	95	12896665	1.36e+05	0.00
793	IS-MCTS	OSLA	1	0	1	17533	693550490	3.96e+04	1.00	98	13059460	1.33e+05	0.00
794	IS-MCTS	OSLA	5	0	5	5871	260422890	4.44e+04	1.00	75	9781437	1.30e+05	0.00
795	IS-MCTS	OSLA	0	2	2	6858	302219620	4.41e+04	0.00	89	12266951	1.38e+05	1.00
796	IS-MCTS	OSLA	0	1	1	12929	528971593	4.09e+04	0.00	95	12774844	1.34e+05	1.00
797	IS-MCTS	OSLA	0	2	2	6919	304957301	4.41e+04	0.00	92	12244934	1.33e+05	1.00
798	IS-MCTS	OSLA	0	2	2	6886	286781641	4.16e+04	0.00	93	10878799	1.17e+05	1.00
799	IS-MCTS	OSLA	1	0	1	8893	365588135	4.11e+04	1.00	94	12356224	1.31e+05	0.00
800	IS-MCTS	OSLA	1	0	1	12542	501190127	4.00e+04	1.00	97	13136271	1.35e+05	0.00
801	IS-MCTS	OSLA	1	0	1	9538	376317071	3.95e+04	1.00	95	11912539	1.25e+05	0.00
802	IS-MCTS	OSLA	0	5	5	3816	161225634	4.22e+04	0.00	75	9285531	1.24e+05	1.00
803	IS-MCTS	OSLA	0	2	2	7648	293394173	3.84e+04	0.00	93	11164636	1.20e+05	1.00
804	IS-MCTS	OSLA	3	0	3	9006	389572048	4.33e+04	1.00	88	12043742	1.37e+05	0.00
805	IS-MCTS	OSLA	1	0	1	8523	368600513	4.32e+04	1.00	89	12079902	1.36e+05	0.00
806	IS-MCTS	OSLA	0	2	2	6195	273648815	4.42e+04	0.00	91	10348183	1.14e+05	1.00
807	IS-MCTS	OSLA	0	1	1	9626	405141451	4.21e+04	0.00	89	12009467	1.35e+05	1.00
808	IS-MCTS	OSLA	0	1	1	8559	369456497	4.32e+04	0.00	88	11979671	1.36e+05	1.00
809	IS-MCTS	OSLA	8	0	8	5803	257192775	4.43e+04	1.00	75	9755589	1.30e+05	0.00
810	IS-MCTS	OSLA	0	1	1	8491	362422866	4.27e+04	0.00	89	9944264	1.12e+05	1.00
811	IS-MCTS	OSLA	0	4	4	4560	205248173	4.50e+04	0.00	82	10722507	1.31e+05	1.00
812	IS-MCTS	OSLA	1	0	1	12712	480309510	3.78e+04	1.00	98	12624385	1.29e+05	0.00
813	IS-MCTS	OSLA	3	0	3	7496	309917529	4.13e+04	1.00	93	12464151	1.34e+05	0.00
814	IS-MCTS	OSLA	0	1	1	8332	349030138	4.19e+04	0.00	81	8488448	1.05e+05	1.00
815	IS-MCTS	OSLA	1	0	1	9962	424470134	4.26e+04	1.00	91	12261116	1.35e+05	0.00
816	IS-MCTS	OSLA	0	2	2	5289	228041928	4.31e+04	0.00	87	11424367	1.31e+05	1.00
817	IS-MCTS	OSLA	1	0	1	13057	471157020	3.61e+04	1.00	98	12493497	1.27e+05	0.00
818	IS-MCTS	OSLA	0	3	3	5303	211121012	3.98e+04	0.00	86	8536648	9.93e+04	1.00
819	IS-MCTS	OSLA	1	0	1	8658	343092254	3.96e+04	1.00	87	10900144	1.25e+05	0.00
820	IS-MCTS	OSLA	3	0	3	6194	249147228	4.02e+04	1.00	85	10401118	1.22e+05	0.00
821	IS-MCTS	OSLA	0	1	1	11211	423098635	3.77e+04	0.00	97	12315564	1.27e+05	1.00
822	IS-MCTS	OSLA	0	1	1	10737	387887455	3.61e+04	0.00	96	9439017	9.83e+04	1.00
823	IS-MCTS	OSLA	1	0	1	8160	308528858	3.78e+04	1.00	92	11025734	1.20e+05	0.00
824	IS-MCTS	OSLA	1	0	1	10769	399434914	3.71e+04	1.00	91	11109356	1.22e+05	0.00
825	IS-MCTS	OSLA	1	0	1	8905	381201183	4.28e+04	1.00	94	11569147	1.23e+05	0.00
826	IS-MCTS	OSLA	0	1	1	8766	339007249	3.87e+04	0.00	90	10868262	1.21e+05	1.00
827	IS-MCTS	OSLA	0	1	1	18219	698472512	3.83e+04	0.00	99	13369335	1.35e+05	1.00
828	IS-MCTS	OSLA	1	0	1	12274	486572452	3.96e+04	1.00	97	13232063	1.36e+05	0.00
829	IS-MCTS	OSLA	0	1	1	11606	475496797	4.10e+04	0.00	96	10615760	1.11e+05	1.00
830	IS-MCTS	OSLA	0	1	1	14255	562931017	3.95e+04	0.00	97	13180233	1.36e+05	1.00
831	IS-MCTS	OSLA	0	2	2	8256	331661366	4.02e+04	0.00	93	12096789	1.30e+05	1.00
832	IS-MCTS	OSLA	0	3	3	6446	268511453	4.17e+04	0.00	92	10671853	1.16e+05	1.00
833	IS-MCTS	OSLA	0	3	3	6027	234954666	3.90e+04	0.00	91	10402419	1.14e+05	1.00
834	IS-MCTS	OSLA	2	0	2	9544	361254249	3.79e+04	1.00	92	11202604	1.22e+05	0.00
835	IS-MCTS	OSLA	3	0	3	10779	471178442	4.37e+04	1.00	93	12706217	1.37e+05	0.00
836	IS-MCTS	OSLA	1	0	1	10462	436387344	4.17e+04	1.00	96	12316062	1.28e+05	0.00
837	IS-MCTS	OSLA	0	1	1	12860	543657505	4.23e+04	0.00	96	12911902	1.34e+05	1.00
838	IS-MCTS	OSLA	3	0	3	10147	445411606	4.39e+04	1.00	95	13191857	1.39e+05	0.00
839	IS-MCTS	OSLA	0	4	4	6006	274369342	4.57e+04	0.00	91	12447229	1.37e+05	1.00
840	IS-MCTS	OSLA	1	0	1	20068	860250940	4.29e+04	1.00	97	11175067	1.15e+05	0.00
841	IS-MCTS	OSLA	2	0	2	13343	570841754	4.28e+04	1.00	93	13001981	1.40e+05	0.00
842	IS-MCTS	OSLA	0	1	1	15781	729535006	4.62e+04	0.00	97	13096651	1.35e+05	1.00
843	IS-MCTS	OSLA	1	0	1	13539	577354984	4.26e+04	1.00	97	13462946	1.39e+05	0.00
844	IS-MCTS	OSLA	0	1	1	9478	401771507	4.24e+04	0.00	94	13060620	1.39e+05	1.00
845	IS-MCTS	OSLA	1	0	1	8559	377047871	4.41e+04	1.00	90	12379796	1.38e+05	0.00
846	IS-MCTS	OSLA	1	0	1	7830	339414264	4.33e+04	1.00	93	11102233	1.19e+05	0.00
847	IS-MCTS	OSLA	0	4	4	4434	203797145	4.60e+04	0.00	81	10611947	1.31e+05	1.00
848	IS-MCTS	OSLA	1	0	1	9222	393165753	4.26e+04	1.00	95	13265378	1.40e+05	0.00
849	IS-MCTS	OSLA	4	0	4	5627	259014380	4.60e+04	1.00	87	12132048	1.39e+05	0.00
850	IS-MCTS	OSLA	0	2	2	6317	284053315	4.50e+04	0.00	88	11631883	1.32e+05	1.00
851	IS-MCTS	OSLA	1	0	1	14126	586625756	4.15e+04	1.00	98	11703275	1.19e+05	0.00
852	IS-MCTS	OSLA	1	0	1	12028	510411243	4.24e+04	1.00	94	12978462	1.38e+05	0.00
853	IS-MCTS	OSLA	0	1	1	8537	368545140	4.32e+04	0.00	95	13233407	1.39e+05	1.00
854	IS-MCTS	OSLA	0	1	1	8872	381378350	4.30e+04	0.00	89	10743277	1.21e+05	1.00
855	IS-MCTS	OSLA	4	0	4	6221	278861003	4.48e+04	1.00	84	11390568	1.36e+05	0.00
856	IS-MCTS	OSLA	1	0	1	12345	502769166	4.07e+04	1.00	96	13124702	1.37e+05	0.00
857	IS-MCTS	OSLA	0	2	2	6944	304835185	4.39e+04	0.00	89	12080225	1.36e+05	1.00
858	IS-MCTS	OSLA	5	0	5	6376	279051670	4.38e+04	1.00	89	10274293	1.15e+05	0.00
859	IS-MCTS	OSLA	0	5	5	5483	241226547	4.40e+04	0.00	88	11317299	1.29e+05	1.00
860	IS-MCTS	OSLA	1	0	1	14528	564075193	3.88e+04	1.00	97	12975666	1.34e+05	0.00
861	IS-MCTS	OSLA	0	1	1	9353	379676331	4.06e+04	0.00	92	12038723	1.31e+05	1.00
862	IS-MCTS	OSLA	1	0	1	11993	463179269	3.86e+04	1.00	90	9132525	1.01e+05	0.00
863	IS-MCTS	OSLA	0	1	1	7141	280487066	3.93e+04	0.00	90	11022282	1.22e+05	1.00
864	IS-MCTS	OSLA	0	2	2	7964	342486575	4.30e+04	0.00	96	13136855	1.37e+05	1.00
865	IS-MCTS	OSLA	2	0	2	10011	430702411	4.30e+04	1.00	94	13018948	1.38e+05	0.00
866	IS-MCTS	OSLA	0	4	4	4819	218454132	4.53e+04	0.00	81	8979136	1.11e+05	1.00
867	IS-MCTS	OSLA	0	1	1	9511	400225747	4.21e+04	0.00	97	13105960	1.35e+05	1.00
868	IS-MCTS	OSLA	0	2	2	6197	269361545	4.35e+04	0.00	87	11686752	1.34e+05	1.00
869	IS-MCTS	OSLA	0	3	3	4899	221891957	4.53e+04	0.00	80	10825881	1.35e+05	1.00
870	IS-MCTS	OSLA	0	1	1	9336	383823022	4.11e+04	0.00	96	11898100	1.24e+05	1.00
871	IS-MCTS	OSLA	0	2	2	6574	286590437	4.36e+04	0.00	84	11456520	1.36e+05	1.00
872	IS-MCTS	OSLA	4	0	4	6513	264591166	4.06e+04	1.00	85	10711285	1.26e+05	0.00
873	IS-MCTS	OSLA	0	1	1	9105	374273326	4.11e+04	0.00	95	13049589	1.37e+05	1.00
874	IS-MCTS	OSLA	0	1	1	10847	436442413	4.02e+04	0.00	89	10903387	1.23e+05	1.00
875	IS-MCTS	OSLA	1	0	1	8881	344314329	3.88e+04	1.00	93	11739935	1.26e+05	0.00
876	IS-MCTS	OSLA	2	0	2	7773	305500671	3.93e+04	1.00	88	10505216	1.19e+05	0.00
877	IS-MCTS	OSLA	0	1	1	10152	383985009	3.78e+04	0.00	96	11678150	1.22e+05	1.00
878	IS-MCTS	OSLA	1	0	1	13424	483260756	3.60e+04	1.00	96	9712910	1.01e+05	0.00
879	IS-MCTS	OSLA	0	1	1	9052	337592653	3.73e+04	0.00	94	11143707	1.19e+05	1.00
880	IS-MCTS	OSLA	2	0	2	5903	279174820	4.73e+04	1.00	82	9280614	1.13e+05	0.00
881	IS-MCTS	OSLA	0	3	3	7422	291749098	3.93e+04	0.00	91	10775612	1.18e+05	1.00
882	IS-MCTS	OSLA	0	2	2	5933	232949866	3.93e+04	0.00	88	8318001	9.45e+04	1.00
883	IS-MCTS	OSLA	2	0	2	8989	372583387	4.14e+04	1.00	92	12687279	1.38e+05	0.00
884	IS-MCTS	OSLA	2	0	2	10041	425898042	4.24e+04	1.00	91	12383075	1.36e+05	0.00
885	IS-MCTS	OSLA	1	0	1	14074	526482522	3.74e+04	1.00	97	12398895	1.28e+05	0.00
886	IS-MCTS	OSLA	1	0	1	10364	378784406	3.65e+04	1.00	96	11504819	1.20e+05	0.00
887	IS-MCTS	OSLA	1	0	1	10077	434101125	4.31e+04	1.00	91	12359616	1.36e+05	0.00
888	IS-MCTS	OSLA	1	0	1	17937	712366648	3.97e+04	1.00	98	13446572	1.37e+05	0.00
889	IS-MCTS	OSLA	4	0	4	8334	359221049	4.31e+04	1.00	94	10501572	1.12e+05	0.00
890	IS-MCTS	OSLA	0	1	1	12709	527142010	4.15e+04	0.00	99	13440882	1.36e+05	1.00
891	IS-MCTS	OSLA	1	0	1	9174	408949392	4.46e+04	1.00	92	13066987	1.42e+05	0.00
892	IS-MCTS	OSLA	0	3	3	3751	172125256	4.59e+04	0.00	71	9533435	1.34e+05	1.00
893	IS-MCTS	OSLA	0	3	3	8175	338853400	4.14e+04	0.00	95	10079545	1.06e+05	1.00
894	IS-MCTS	OSLA	0	1	1	8377	341093770	4.07e+04	0.00	96	12180550	1.27e+05	1.00
895	IS-MCTS	OSLA	0	1	1	9299	405550532	4.36e+04	0.00	90	11984634	1.33e+05	1.00
896	IS-MCTS	OSLA	2	0	2	7334	325586395	4.44e+04	1.00	94	12965713	1.38e+05	0.00
897	IS-MCTS	OSLA	3	0	3	6054	279111676	4.61e+04	1.00	87	9722509	1.12e+05	0.00
898	IS-MCTS	OSLA	2	0	2	12054	487814105	4.05e+04	1.00	98	13146604	1.34e+05	0.00
899	IS-MCTS	OSLA	0	6	6	2920	134939088	4.62e+04	0.00	67	8634007	1.29e+05	1.00
900	IS-MCTS	OSLA	1	0	1	8738	380708384	4.36e+04	1.00	93	13055064	1.40e+05	0.00
901	IS-MCTS	OSLA	0	1	1	7600	339629052	4.47e+04	0.00	94	11404481	1.21e+05	1.00
902	IS-MCTS	OSLA	0	2	2	5337	248709242	4.66e+04	0.00	84	11523465	1.37e+05	1.00
903	IS-MCTS	OSLA	0	1	1	11178	475504416	4.25e+04	0.00	98	13674924	1.40e+05	1.00
904	IS-MCTS	OSLA	1	0	1	10670	454512605	4.26e+04	1.00	97	13572518	1.40e+05	0.00
905	IS-MCTS	OSLA	0	1	1	11822	505197449	4.27e+04	0.00	98	11481559	1.17e+05	1.00
906	IS-MCTS	OSLA	1	0	1	12716	523135020	4.11e+04	1.00	98	13730352	1.40e+05	0.00
907	IS-MCTS	OSLA	1	0	1	18644	739079697	3.96e+04	1.00	99	13592241	1.37e+05	0.00
908	IS-MCTS	OSLA	1	0	1	13932	575421446	4.13e+04	1.00	97	11972238	1.23e+05	0.00
909	IS-MCTS	OSLA	0	3	3	5928	269976688	4.55e+04	0.00	88	12082288	1.37e+05	1.00
910	IS-MCTS	OSLA	0	1	1	5873	263290642	4.48e+04	0.00	88	11948775	1.36e+05	1.00
911	IS-MCTS	OSLA	2	0	2	8272	362334348	4.38e+04	1.00	93	12870836	1.38e+05	0.00
912	IS-MCTS	OSLA	0	2	2	8122	352409980	4.34e+04	0.00	88	10463487	1.19e+05	1.00
913	IS-MCTS	OSLA	0	2	2	10706	456147341	4.26e+04	0.00	96	13193222	1.37e+05	1.00
914	IS-MCTS	OSLA	1	0	1	14467	561810915	3.88e+04	1.00	98	13120131	1.34e+05	0.00
915	IS-MCTS	OSLA	1	0	1	8566	339363594	3.96e+04	1.00	87	11005057	1.26e+05	0.00
916	IS-MCTS	OSLA	1	0	1	13454	550911544	4.09e+04	1.00	93	10171933	1.09e+05	0.00
917	IS-MCTS	OSLA	3	0	3	5560	255183102	4.59e+04	1.00	87	12151215	1.40e+05	0.00
918	IS-MCTS	OSLA	1	0	1	9130	380266615	4.17e+04	1.00	92	12596053	1.37e+05	0.00
919	IS-MCTS	OSLA	1	0	1	8042	394056356	4.90e+04	1.00	90	12053748	1.34e+05	0.00
920	IS-MCTS	OSLA	0	1	1	10915	462433381	4.24e+04	0.00	92	12464741	1.35e+05	1.00
921	IS-MCTS	OSLA	0	3	3	6990	308869026	4.42e+04	0.00	92	12728468	1.38e+05	1.00
922	IS-MCTS	OSLA	8	0	8	5369	241153666	4.49e+04	1.00	72	9341056	1.30e+05	0.00
923	IS-MCTS	OSLA	2	0	2	8342	349326949	4.19e+04	1.00	94	12719455	1.35e+05	0.00
924	IS-MCTS	OSLA	2	0	2	9035	345740193	3.83e+04	1.00	97	11013526	1.14e+05	0.00
925	IS-MCTS	OSLA	0	1	1	12768	531647376	4.16e+04	0.00	95	12800813	1.35e+05	1.00
926	IS-MCTS	OSLA	1	0	1	10884	463604356	4.26e+04	1.00	91	12642315	1.39e+05	0.00
927	IS-MCTS	OSLA	0	1	1	9764	427756639	4.38e+04	0.00	97	11503552	1.19e+05	1.00
928	IS-MCTS	OSLA	3	0	3	7468	320173959	4.29e+04	1.00	85	11221167	1.32e+05	0.00
929	IS-MCTS	OSLA	0	5	5	6150	268970260	4.37e+04	0.00	90	12139460	1.35e+05	1.00
930	IS-MCTS	OSLA	0	4	4	3985	189094027	4.75e+04	0.00	75	10183468	1.36e+05	1.00
931	IS-MCTS	OSLA	2	0	2	6987	320470635	4.59e+04	1.00	91	12415543	1.36e+05	0.00
932	IS-MCTS	OSLA	1	0	1	7767	335820349	4.32e+04	1.00	91	10460076	1.15e+05	0.00
933	IS-MCTS	OSLA	1	0	1	9077	387075549	4.26e+04	1.00	92	12579044	1.37e+05	0.00
934	IS-MCTS	OSLA	1	0	1	10669	452076867	4.24e+04	1.00	96	13274495	1.38e+05	0.00
935	IS-MCTS	OSLA	1	0	1	10319	441569216	4.28e+04	1.00	96	12662140	1.32e+05	0.00
936	IS-MCTS	OSLA	4	0	4	7702	338922027	4.40e+04	1.00	85	11113439	1.31e+05	0.00
937	IS-MCTS	OSLA	1	0	1	16381	675403164	4.12e+04	1.00	96	13165915	1.37e+05	0.00
938	IS-MCTS	OSLA	1	0	1	15672	677179385	4.32e+04	1.00	96	13353340	1.39e+05	0.00
939	IS-MCTS	OSLA	0	1	1	7760	334241693	4.31e+04	0.00	91	12169781	1.34e+05	1.00
940	IS-MCTS	OSLA	1	0	1	12374	508835338	4.11e+04	1.00	99	13834870	1.40e+05	0.00
941	IS-MCTS	OSLA	0	1	1	8886	382868528	4.31e+04	0.00	93	12360506	1.33e+05	1.00
942	IS-MCTS	OSLA	1	0	1	7100	307813372	4.34e+04	1.00	90	11681878	1.30e+05	0.00
943	IS-MCTS	OSLA	0	1	1	12202	507315936	4.16e+04	0.00	96	12686546	1.32e+05	1.00
944	IS-MCTS	OSLA	0	1	1	6458	270817339	4.19e+04	0.00	84	10976462	1.31e+05	1.00
945	IS-MCTS	OSLA	3	0	3	7386	296177902	4.01e+04	1.00	91	11328399	1.24e+05	0.00
946	IS-MCTS	OSLA	0	1	1	12755	527005372	4.13e+04	0.00	87	9614955	1.11e+05	1.00
947	IS-MCTS	OSLA	3	0	3	10016	432645923	4.32e+04	1.00	93	12341552	1.33e+05	0.00
948	IS-MCTS	OSLA	0	2	2	6732	299790625	4.45e+04	0.00	84	11145655	1.33e+05	1.00
949	IS-MCTS	OSLA	4	0	4	5477	248625938	4.54e+04	1.00	88	11803472	1.34e+05	0.00
950	IS-MCTS	OSLA	1	0	1	9548	385293243	4.04e+04	1.00	95	10528904	1.11e+05	0.00
951	IS-MCTS	OSLA	1	0	1	9430	403009696	4.27e+04	1.00	94	12506252	1.33e+05	0.00
952	IS-MCTS	OSLA	1	0	1	13852	559531129	4.04e+04	1.00	96	13068470	1.36e+05	0.00
953	IS-MCTS	OSLA	1	0	1	12624	551076373	4.37e+04	1.00	97	12660255	1.31e+05	0.00
954	IS-MCTS	OSLA	0	2	2	5961	239839779	4.02e+04	0.00	90	11241801	1.25e+05	1.00
955	IS-MCTS	OSLA	0	1	1	10025	425900347	4.25e+04	0.00	94	12588067	1.34e+05	1.00
956	IS-MCTS	OSLA	3	0	3	10350	450814544	4.36e+04	1.00	86	12060334	1.40e+05	0.00
957	IS-MCTS	OSLA	0	1	1	10787	459450794	4.26e+04	0.00	98	12349714	1.26e+05	1.00
958	IS-MCTS	OSLA	2	0	2	6939	306166788	4.41e+04	1.00	90	12092044	1.34e+05	0.00
959	IS-MCTS	OSLA	1	0	1	13037	545931309	4.19e+04	1.00	98	13152961	1.34e+05	0.00
960	IS-MCTS	OSLA	0	1	1	11292	474830193	4.21e+04	0.00	92	12534575	1.36e+05	1.00
961	IS-MCTS	OSLA	0	2	2	7820	346101645	4.43e+04	0.00	96	10845683	1.13e+05	1.00
962	IS-MCTS	OSLA	0	2	2	7654	329617069	4.31e+04	0.00	93	12583014	1.35e+05	1.00
963	IS-MCTS	OSLA	1	0	1	8356	351804027	4.21e+04	1.00	92	12198042	1.33e+05	0.00
964	IS-MCTS	OSLA	1	0	1	11817	489163488	4.14e+04	1.00	95	13031699	1.37e+05	0.00
965	IS-MCTS	OSLA	3	0	3	8889	394947263	4.44e+04	1.00	95	10982330	1.16e+05	0.00
966	IS-MCTS	OSLA	1	0	1	10122	421224604	4.16e+04	1.00	93	12491430	1.34e+05	0.00
967	IS-MCTS	OSLA	3	0	3	8800	384352559	4.37e+04	1.00	92	12532495	1.36e+05	0.00
968	IS-MCTS	OSLA	0	2	2	7274	312517054	4.30e+04	0.00	91	11853159	1.30e+05	1.00
969	IS-MCTS	OSLA	2	0	2	8650	382403475	4.42e+04	1.00	82	10836433	1.32e+05	0.00
970	IS-MCTS	OSLA	2	0	2	7692	332986848	4.33e+04	1.00	84	10792291	1.28e+05	0.00
971	IS-MCTS	OSLA	0	1	1	12007	503824482	4.20e+04	0.00	98	13183133	1.35e+05	1.00
972	IS-MCTS	OSLA	0	1	1	10411	422785603	4.06e+04	0.00	93	10997225	1.18e+05	1.00
973	IS-MCTS	OSLA	0	2	2	5382	237229771	4.41e+04	0.00	83	10996776	1.32e+05	1.00
974	IS-MCTS	OSLA	0	4	4	5627	236899785	4.21e+04	0.00	89	11112963	1.25e+05	1.00
975	IS-MCTS	OSLA	1	0	1	13778	533682315	3.87e+04	1.00	89	10831892	1.22e+05	0.00
976	IS-MCTS	OSLA	1	0	1	8429	385504795	4.57e+04	1.00	91	10584131	1.16e+05	0.00
977	IS-MCTS	OSLA	1	0	1	14408	588043340	4.08e+04	1.00	93	12355556	1.33e+05	0.00
978	IS-MCTS	OSLA	0	2	2	8483	350622459	4.13e+04	0.00	95	12939537	1.36e+05	1.00
979	IS-MCTS	OSLA	1	0	1	11207	507653816	4.53e+04	1.00	96	13106443	1.37e+05	0.00
980	IS-MCTS	OSLA	1	0	1	13897	539088855	3.88e+04	1.00	98	13057790	1.33e+05	0.00
981	IS-MCTS	OSLA	0	2	2	9443	390489077	4.14e+04	0.00	94	12491697	1.33e+05	1.00
982	IS-MCTS	OSLA	0	2	2	5970	249121728	4.17e+04	0.00	91	11384270	1.25e+05	1.00
983	IS-MCTS	OSLA	1	0	1	14844	567537838	3.82e+04	1.00	92	10011555	1.09e+05	0.00
984	IS-MCTS	OSLA	0	2	2	8277	318777389	3.85e+04	0.00	96	11868158	1.24e+05	1.00
985	IS-MCTS	OSLA	0	1	1	8063	312674848	3.88e+04	0.00	93	11177954	1.20e+05	1.00
986	IS-MCTS	OSLA	2	0	2	6964	270651712	3.89e+04	1.00	90	10819823	1.20e+05	0.00
987	IS-MCTS	OSLA	0	1	1	13300	501588159	3.77e+04	0.00	97	9443775	9.74e+04	1.00
988	IS-MCTS	OSLA	0	4	4	6668	257732409	3.87e+04	0.00	89	10460245	1.18e+05	1.00
989	IS-MCTS	OSLA	2	0	2	10694	391088067	3.66e+04	1.00	95	10872509	1.14e+05	0.00
990	IS-MCTS	OSLA	1	0	1	7832	337493563	4.31e+04	1.00	90	10783013	1.20e+05	0.00
991	IS-MCTS	OSLA	0	3	3	7396	307864260	4.16e+04	0.00	91	11663671	1.28e+05	1.00
992	IS-MCTS	OSLA	1	0	1	7194	310843926	4.32e+04	1.00	88	11414273	1.30e+05	0.00
993	IS-MCTS	OSLA	1	0	1	8407	319966684	3.81e+04	1.00	94	11054612	1.18e+05	0.00
994	IS-MCTS	OSLA	0	3	3	6209	243735641	3.93e+04	0.00	91	11150245	1.23e+05	1.00
995	IS-MCTS	OSLA	0	1	1	5681	255621549	4.50e+04	0.00	87	9510234	1.09e+05	1.00
996	IS-MCTS	OSLA	2	0	2	9362	403041706	4.31e+04	1.00	94	12766699	1.36e+05	0.00
997	IS-MCTS	OSLA	1	0	1	11065	466669361	4.22e+04	1.00	95	12930629	1.36e+05	0.00
998	IS-MCTS	OSLA	0	1	1	9206	384842933	4.18e+04	0.00	93	12604011	1.36e+05	1.00
999	IS-MCTS	OSLA	1	0	1	17961	709347639	3.95e+04	1.00	98	11404343	1.16e+05	0.00
1000	IS-MCTS	OSLA	0	1	1	7371	324389497	4.40e+04	0.00	95	13147584	1.38e+05	1.00
1001	IS-MCTS	OSLA	2	0	2	7954	346305719	4.35e+04	1.00	93	12292794	1.32e+05	0.00
1002	IS-MCTS	MAST	2	0	2	6984	302118477	4.33e+04	1.00	6658	291753322	4.38e+04	0.00
1003	IS-MCTS	MAST	1	0	1	13182	565182180	4.29e+04	1.00	13240	582573388	4.40e+04	0.00
1004	IS-MCTS	MAST	3	0	3	18141	958810288	5.29e+04	1.00	10447	442820018	4.24e+04	0.00
1005	IS-MCTS	MAST	0	1	1	9169	398018171	4.34e+04	0.00	7915	350244562	4.43e+04	1.00
1006	IS-MCTS	MAST	3	0	3	7091	307847821	4.34e+04	1.00	6559	288769215	4.40e+04	0.00
1007	IS-MCTS	MAST	0	1	1	9282	390836371	4.21e+04	0.00	12411	547850573	4.41e+04	1.00
1008	IS-MCTS	MAST	0	1	1	15883	586412618	3.69e+04	0.00	18906	706230331	3.74e+04	1.00
1009	IS-MCTS	MAST	2	0	2	9876	407598135	4.13e+04	1.00	9922	413042557	4.16e+04	0.00
1010	IS-MCTS	MAST	0	1	1	11981	482585645	4.03e+04	0.00	17096	774107877	4.53e+04	1.00
1011	IS-MCTS	MAST	1	0	1	13162	531758934	4.04e+04	1.00	14092	569896454	4.04e+04	0.00
1012	IS-MCTS	MAST	1	0	1	15641	600229764	3.84e+04	1.00	10950	426694006	3.90e+04	0.00
1013	IS-MCTS	MAST	1	0	1	11934	483598437	4.05e+04	1.00	11013	450316455	4.09e+04	0.00
1014	IS-MCTS	MAST	4	0	4	6828	290430033	4.25e+04	1.00	6397	276137274	4.32e+04	0.00
1015	IS-MCTS	MAST	1	0	1	10114	386276686	3.82e+04	1.00	10784	413459467	3.83e+04	0.00
1016	IS-MCTS	MAST	1	0	1	10296	529563122	5.14e+04	1.00	9376	363763255	3.88e+04	0.00
1017	IS-MCTS	MAST	0	2	2	6784	267913907	3.95e+04	0.00	7452	290607723	3.90e+04	1.00
1018	IS-MCTS	MAST	0	1	1	10978	397993716	3.63e+04	0.00	13873	493948125	3.56e+04	1.00
1019	IS-MCTS	MAST	3	0	3	6190	243348010	3.93e+04	1.00	5846	231420289	3.96e+04	0.00
1020	IS-MCTS	MAST	0	4	4	7988	322795237	4.04e+04	0.00	11783	466201156	3.96e+04	1.00
1021	IS-MCTS	MAST	1	0	1	13429	639229257	4.76e+04	1.00	10024	418498486	4.17e+04	0.00
1022	IS-MCTS	MAST	1	0	1	18381	674769212	3.67e+04	1.00	18800	696997208	3.71e+04	0.00
1023	IS-MCTS	MAST	0	3	3	5381	208924212	3.88e+04	0.00	6122	234796351	3.84e+04	1.00
1024	IS-MCTS	MAST	0	1	1	11220	457232093	4.08e+04	0.00	17053	693210297	4.07e+04	1.00
1025	IS-MCTS	MAST	0	2	2	10813	461302573	4.27e+04	0.00	14934	628439282	4.21e+04	1.00
1026	IS-MCTS	MAST	2	0	2	8194	354759665	4.33e+04	1.00	7819	340359258	4.35e+04	0.00
1027	IS-MCTS	MAST	0	1	1	9883	417016032	4.22e+04	0.00	9636	403143154	4.18e+04	1.00
1028	IS-MCTS	MAST	1	0	1	9287	373683244	4.02e+04	1.00	9432	386559819	4.10e+04	0.00
1029	IS-MCTS	MAST	0	1	1	7966	326435300	4.10e+04	0.00	8578	348123215	4.06e+04	1.00
1030	IS-MCTS	MAST	0	2	2	7370	328116981	4.45e+04	0.00	6566	293012794	4.46e+04	1.00
1031	IS-MCTS	MAST	2	0	2	14341	606599975	4.23e+04	1.00	9402	405395976	4.31e+04	0.00
1032	IS-MCTS	MAST	4	0	4	7652	327891554	4.29e+04	1.00	5905	261152155	4.42e+04	0.00
1033	IS-MCTS	MAST	0	2	2	10457	422319115	4.04e+04	0.00	10884	435778109	4.00e+04	1.00
1034	IS-MCTS	MAST	2	0	2	11223	435962204	3.88e+04	1.00	8210	329071521	4.01e+04	0.00
1035	IS-MCTS	MAST	1	0	1	16606	709692078	4.27e+04	1.00	13557	497282512	3.67e+04	0.00
1036	IS-MCTS	MAST	0	1	1	10870	399657375	3.68e+04	0.00	12075	436701224	3.62e+04	1.00
1037	IS-MCTS	MAST	0	1	1	11062	421644031	3.81e+04	0.00	13978	679747666	4.86e+04	1.00
1038	IS-MCTS	MAST	2	0	2	7447	320219455	4.30e+04	1.00	7065	305109883	4.32e+04	0.00
1039	IS-MCTS	MAST	0	9	9	3440	159388551	4.63e+04	0.00	6573	291638788	4.44e+04	1.00
1040	IS-MCTS	MAST	1	0	1	10199	400020059	3.92e+04	1.00	13233	511382487	3.86e+04	0.00
1041	IS-MCTS	MAST	1	0	1	7927	357497277	4.51e+04	1.00	7220	331107738	4.59e+04	0.00
1042	IS-MCTS	MAST	1	0	1	8978	391588805	4.36e+04	1.00	9470	411015353	4.34e+04	0.00
1043	IS-MCTS	MAST	1	0	1	13567	571415499	4.21e+04	1.00	9631	415179327	4.31e+04	0.00
1044	IS-MCTS	MAST	1	0	1	8438	364722492	4.32e+04	1.00	7991	352104180	4.41e+04	0.00
1045	IS-MCTS	MAST	0	1	1	8772	377714359	4.31e+04	0.00	8407	363945877	4.33e+04	1.00
1046	IS-MCTS	MAST	0	3	3	5661	257912147	4.56e+04	0.00	6522	293634790	4.50e+04	1.00
1047	IS-MCTS	MAST	2	0	2	8923	392009754	4.39e+04	1.00	8636	381738385	4.42e+04	0.00
1048	IS-MCTS	MAST	1	0	1	12573	522051716	4.15e+04	1.00	11533	486974104	4.22e+04	0.00
1049	IS-MCTS	MAST	0	2	2	5825	266778507	4.58e+04	0.00	7828	349477034	4.46e+04	1.00
1050	IS-MCTS	MAST	0	2	2	7409	324912276	4.39e+04	0.00	7512	330583730	4.40e+04	1.00
1051	IS-MCTS	MAST	0	1	1	13659	763229554	5.59e+04	0.00	16756	682769347	4.07e+04	1.00
1052	IS-MCTS	MAST	0	6	6	4583	211434346	4.61e+04	0.00	5262	241296845	4.59e+04	1.00
1053	IS-MCTS	MAST	0	2	2	6005	268495224	4.47e+04	0.00	6841	303026824	4.43e+04	1.00
1054	IS-MCTS	MAST	0	1	1	14706	635775946	4.32e+04	0.00	12486	502795799	4.03e+04	1.00
1055	IS-MCTS	MAST	0	1	1	7278	291935529	4.01e+04	0.00	9159	364912337	3.98e+04	1.00
1056	IS-MCTS	MAST	0	1	1	9802	409249563	4.18e+04	0.00	9792	405878162	4.14e+04	1.00
1057	IS-MCTS	MAST	0	3	3	5490	238296247	4.34e+04	0.00	6083	263263281	4.33e+04	1.00
1058	IS-MCTS	MAST	2	0	2	10934	447720750	4.09e+04	1.00	8235	342201419	4.16e+04	0.00
1059	IS-MCTS	MAST	0	3	3	7101	308119480	4.34e+04	0.00	8397	359859253	4.29e+04	1.00
1060	IS-MCTS	MAST	0	1	1	8454	341578841	4.04e+04	0.00	9359	370556518	3.96e+04	1.00
1061	IS-MCTS	MAST	1	0	1	9971	375716826	3.77e+04	1.00	11007	411968845	3.74e+04	0.00
1062	IS-MCTS	MAST	0	1	1	7848	300495596	3.83e+04	0.00	8700	328880207	3.78e+04	1.00
1063	IS-MCTS	MAST	0	3	3	5660	307680661	5.44e+04	0.00	6007	249251493	4.15e+04	1.00
1064	IS-MCTS	MAST	7	0	7	5507	221290163	4.02e+04	1.00	3872	159946345	4.13e+04	0.00
1065	IS-MCTS	MAST	0	1	1	9253	394511484	4.26e+04	0.00	11908	496936276	4.17e+04	1.00
1066	IS-MCTS	MAST	0	1	1	15343	617657665	4.03e+04	0.00	15560	621784876	4.00e+04	1.00
1067	IS-MCTS	MAST	1	0	1	11964	510801908	4.27e+04	1.00	10394	446991166	4.30e+04	0.00
1068	IS-MCTS	MAST	4	0	4	8085	353202027	4.37e+04	1.00	6217	276548941	4.45e+04	0.00
1069	IS-MCTS	MAST	1	0	1	9441	409188247	4.33e+04	1.00	7418	328414634	4.43e+04	0.00
1070	IS-MCTS	MAST	6	0	6	5688	257973752	4.54e+04	1.00	4495	208540588	4.64e+04	0.00
1071	IS-MCTS	MAST	1	0	1	9959	430127020	4.32e+04	1.00	9711	421729976	4.34e+04	0.00
1072	IS-MCTS	MAST	0	1	1	7047	309655137	4.39e+04	0.00	8834	380345383	4.31e+04	1.00
1073	IS-MCTS	MAST	5	0	5	7602	330115209	4.34e+04	1.00	6283	277359708	4.41e+04	0.00
1074	IS-MCTS	MAST	1	0	1	17503	696305282	3.98e+04	1.00	15939	638754529	4.01e+04	0.00
1075	IS-MCTS	MAST	0	1	1	8666	357435348	4.12e+04	0.00	9230	386968288	4.19e+04	1.00
1076	IS-MCTS	MAST	0	2	2	11211	459075476	4.09e+04	0.00	14740	597184471	4.05e+04	1.00
1077	IS-MCTS	MAST	2	0	2	10689	464663531	4.35e+04	1.00	9292	407598242	4.39e+04	0.00
1078	IS-MCTS	MAST	3	0	3	7316	333605625	4.56e+04	1.00	7247	330508458	4.56e+04	0.00
1079	IS-MCTS	MAST	3	0	3	6420	287025038	4.47e+04	1.00	4039	187613996	4.65e+04	0.00
1080	IS-MCTS	MAST	2	0	2	7586	332290399	4.38e+04	1.00	6361	283821796	4.46e+04	0.00
1081	IS-MCTS	MAST	3	0	3	8477	340145109	4.01e+04	1.00	7068	285851588	4.04e+04	0.00
1082	IS-MCTS	MAST	0	1	1	8596	402057407	4.68e+04	0.00	9605	400220499	4.17e+04	1.00
1083	IS-MCTS	MAST	2	0	2	7013	313457445	4.47e+04	1.00	6604	297030454	4.50e+04	0.00
1084	IS-MCTS	MAST	2	0	2	8007	351082037	4.38e+04	1.00	6937	407800246	5.88e+04	0.00
1085	IS-MCTS	MAST	3	0	3	7444	326777091	4.39e+04	1.00	6950	309793501	4.46e+04	0.00
1086	IS-MCTS	MAST	2	0	2	6931	288810857	4.17e+04	1.00	6893	290125595	4.21e+04	0.00
1087	IS-MCTS	MAST	0	1	1	11618	438489461	3.77e+04	0.00	12275	458939596	3.74e+04	1.00
1088	IS-MCTS	MAST	1	0	1	11020	391392065	3.55e+04	1.00	12250	428989693	3.50e+04	0.00
1089	IS-MCTS	MAST	1	0	1	8851	342065089	3.86e+04	1.00	10040	386301721	3.85e+04	0.00
1090	IS-MCTS	MAST	2	0	2	5744	240728971	4.19e+04	1.00	4825	205360860	4.26e+04	0.00
1091	IS-MCTS	MAST	1	0	1	12608	517794168	4.11e+04	1.00	10625	442605958	4.17e+04	0.00
1092	IS-MCTS	MAST	4	0	4	6434	276653019	4.30e+04	1.00	5438	238254687	4.38e+04	0.00
1093	IS-MCTS	MAST	0	1	1	10667	401650754	3.77e+04	0.00	13126	484200695	3.69e+04	1.00
1094	IS-MCTS	MAST	0	1	1	16365	614579670	3.76e+04	0.00	14235	533547961	3.75e+04	1.00
1095	IS-MCTS	MAST	1	0	1	14042	595845894	4.24e+04	1.00	12980	557941170	4.30e+04	0.00
1096	IS-MCTS	MAST	0	1	1	10049	444497942	4.42e+04	0.00	12320	533871838	4.33e+04	1.00
1097	IS-MCTS	MAST	1	0	1	20534	856632164	4.17e+04	1.00	15135	798617815	5.28e+04	0.00
1098	IS-MCTS	MAST	0	1	1	12246	528924178	4.32e+04	0.00	13405	558616043	4.17e+04	1.00
1099	IS-MCTS	MAST	0	1	1	10058	437494078	4.35e+04	0.00	12678	541094579	4.27e+04	1.00
1100	IS-MCTS	MAST	0	3	3	5176	241621611	4.67e+04	0.00	5791	264280758	4.56e+04	1.00
1101	IS-MCTS	MAST	1	0	1	16388	761406432	4.65e+04	1.00	15212	639071861	4.20e+04	0.00
1102	IS-MCTS	MAST	1	0	1	14325	594284259	4.15e+04	1.00	11780	494981757	4.20e+04	0.00
1103	IS-MCTS	MAST	1	0	1	10762	453969891	4.22e+04	1.00	9578	412764219	4.31e+04	0.00
1104	IS-MCTS	MAST	2	0	2	8664	371770977	4.29e+04	1.00	6631	287714275	4.34e+04	0.00
1105	IS-MCTS	MAST	5	0	5	8121	356230794	4.39e+04	1.00	7733	343988482	4.45e+04	0.00
1106	IS-MCTS	MAST	1	0	1	15818	641828284	4.06e+04	1.00	12123	497866006	4.11e+04	0.00
1107	IS-MCTS	MAST	3	0	3	8354	354210038	4.24e+04	1.00	6916	299224812	4.33e+04	0.00
1108	IS-MCTS	MAST	0	1	1	11746	462361706	3.94e+04	0.00	15267	597609027	3.91e+04	1.00
1109	IS-MCTS	MAST	1	0	1	13515	502084660	3.72e+04	1.00	12660	475632444	3.76e+04	0.00
1110	IS-MCTS	MAST	1	0	1	9740	405493031	4.16e+04	1.00	10844	454691099	4.19e+04	0.00
1111	IS-MCTS	MAST	0	1	1	8746	383971206	4.39e+04	0.00	9754	427141275	4.38e+04	1.00
1112	IS-MCTS	MAST	0	1	1	12461	535335449	4.30e+04	0.00	11834	505196614	4.27e+04	1.00
1113	IS-MCTS	MAST	1	0	1	6954	313091829	4.50e+04	1.00	8317	483376997	5.81e+04	0.00
1114	IS-MCTS	MAST	0	5	5	5224	238641525	4.57e+04	0.00	6846	306539158	4.48e+04	1.00
1115	IS-MCTS	MAST	0	1	1	13100	552595294	4.22e+04	0.00	13160	551009229	4.19e+04	1.00
1116	IS-MCTS	MAST	0	3	3	7912	343404641	4.34e+04	0.00	11907	504780263	4.24e+04	1.00
1117	IS-MCTS	MAST	0	4	4	6459	291234149	4.51e+04	0.00	9407	412945279	4.39e+04	1.00
1118	IS-MCTS	MAST	1	0	1	8249	370407772	4.49e+04	1.00	7907	356419907	4.51e+04	0.00
1119	IS-MCTS	MAST	0	1	1	9040	393930146	4.36e+04	0.00	10697	455057086	4.25e+04	1.00
1120	IS-MCTS	MAST	1	0	1	11756	499962242	4.25e+04	1.00	10916	595240396	5.45e+04	0.00
1121	IS-MCTS	MAST	0	2	2	7939	346723651	4.37e+04	0.00	8850	383988856	4.34e+04	1.00
1122	IS-MCTS	MAST	0	2	2	5966	263530781	4.42e+04	0.00	6245	277300687	4.44e+04	1.00
1123	IS-MCTS	MAST	0	1	1	14630	590663806	4.04e+04	0.00	16168	652229900	4.03e+04	1.00
1124	IS-MCTS	MAST	1	0	1	12490	498438048	3.99e+04	1.00	13056	576464529	4.42e+04	0.00
1125	IS-MCTS	MAST	1	0	1	12338	474127463	3.84e+04	1.00	11750	456272020	3.88e+04	0.00
1126	IS-MCTS	MAST	0	2	2	7679	304707413	3.97e+04	0.00	8577	342734157	4.00e+04	1.00
1127	IS-MCTS	MAST	0	1	1	12895	546664419	4.24e+04	0.00	15719	652994238	4.15e+04	1.00
1128	IS-MCTS	MAST	0	3	3	7479	326076351	4.36e+04	0.00	8030	347331587	4.33e+04	1.00
1129	IS-MCTS	MAST	0	1	1	13632	556889795	4.09e+04	0.00	15115	616017803	4.08e+04	1.00
1130	IS-MCTS	MAST	2	0	2	8283	354610711	4.28e+04	1.00	8320	357311977	4.29e+04	0.00
1131	IS-MCTS	MAST	1	0	1	11456	450638948	3.93e+04	1.00	9454	382105921	4.04e+04	0.00
1132	IS-MCTS	MAST	0	2	2	8946	372774437	4.17e+04	0.00	8384	349643766	4.17e+04	1.00
1133	IS-MCTS	MAST	0	1	1	9138	367696499	4.02e+04	0.00	7481	302139060	4.04e+04	1.00
1134	IS-MCTS	MAST	3	0	3	7985	311791442	3.90e+04	1.00	6732	267776668	3.98e+04	0.00
1135	IS-MCTS	MAST	0	2	2	7922	319690938	4.04e+04	0.00	8316	334075992	4.02e+04	1.00
1136	IS-MCTS	MAST	3	0	3	7410	286577275	3.87e+04	1.00	6572	256393963	3.90e+04	0.00
1137	IS-MCTS	MAST	0	3	3	5970	237188679	3.97e+04	0.00	7263	282280730	3.89e+04	1.00
1138	IS-MCTS	MAST	0	1	1	11637	436305527	3.75e+04	0.00	11408	427960846	3.75e+04	1.00
1139	IS-MCTS	MAST	0	1	1	9795	400214228	4.09e+04	0.00	9988	416059290	4.17e+04	1.00
1140	IS-MCTS	MAST	1	0	1	9106	386341914	4.24e+04	1.00	8280	352649716	4.26e+04	0.00
1141	IS-MCTS	MAST	2	0	2	6961	305016829	4.38e+04	1.00	6182	273493130	4.42e+04	0.00
1142	IS-MCTS	MAST	2	0	2	10922	429266281	3.93e+04	1.00	10339	406229308	3.93e+04	0.00
1143	IS-MCTS	MAST	1	0	1	11857	429576064	3.62e+04	1.00	12136	436511662	3.60e+04	0.00
1144	IS-MCTS	MAST	0	1	1	9078	380819192	4.19e+04	0.00	11263	467307434	4.15e+04	1.00
1145	IS-MCTS	MAST	0	2	2	6798	302570103	4.45e+04	0.00	7500	335569277	4.47e+04	1.00
1146	IS-MCTS	MAST	3	0	3	7396	329423993	4.45e+04	1.00	6207	281817185	4.54e+04	0.00
1147	IS-MCTS	MAST	0	1	1	6698	301439788	4.50e+04	0.00	8909	393268384	4.41e+04	1.00
1148	IS-MCTS	MAST	0	2	2	6385	294271452	4.61e+04	0.00	7169	326942619	4.56e+04	1.00
1149	IS-MCTS	MAST	2	0	2	7583	345230542	4.55e+04	1.00	7027	322799836	4.59e+04	0.00
1150	IS-MCTS	MAST	0	1	1	15495	647913583	4.18e+04	0.00	18749	765814014	4.08e+04	1.00
1151	IS-MCTS	MAST	0	1	1	12304	522323289	4.25e+04	0.00	12837	540412955	4.21e+04	1.00
1152	IS-MCTS	MAST	0	2	2	6461	293983175	4.55e+04	0.00	7089	319368696	4.51e+04	1.00
1153	IS-MCTS	MAST	0	1	1	14122	584788833	4.14e+04	0.00	15016	609922062	4.06e+04	1.00
1154	IS-MCTS	MAST	2	0	2	8601	383843891	4.46e+04	1.00	8048	360019383	4.47e+04	0.00
1155	IS-MCTS	MAST	0	1	1	10385	447987628	4.31e+04	0.00	11564	491364900	4.25e+04	1.00
1156	IS-MCTS	MAST	2	0	2	9853	430683026	4.37e+04	1.00	7109	315817509	4.44e+04	0.00
1157	IS-MCTS	MAST	1	0	1	10080	428194455	4.25e+04	1.00	10618	449600240	4.23e+04	0.00
1158	IS-MCTS	MAST	6	0	6	4835	216381197	4.48e+04	1.00	3557	164318051	4.62e+04	0.00
1159	IS-MCTS	MAST	1	0	1	11411	477136786	4.18e+04	1.00	9365	399703686	4.27e+04	0.00
1160	IS-MCTS	MAST	0	1	1	7544	301317122	3.99e+04	0.00	7503	296886709	3.96e+04	1.00
1161	IS-MCTS	MAST	0	2	2	6774	269350088	3.98e+04	0.00	8252	323523606	3.92e+04	1.00
1162	IS-MCTS	MAST	1	0	1	9926	429933066	4.33e+04	1.00	10513	461370981	4.39e+04	0.00
1163	IS-MCTS	MAST	0	2	2	10627	459203037	4.32e+04	0.00	12165	523212579	4.30e+04	1.00
1164	IS-MCTS	MAST	7	0	7	5046	237322671	4.70e+04	1.00	3718	180306666	4.85e+04	0.00
1165	IS-MCTS	MAST	2	0	2	8714	389936178	4.47e+04	1.00	8117	365422567	4.50e+04	0.00
1166	IS-MCTS	MAST	0	2	2	10191	430631913	4.23e+04	0.00	12945	536280355	4.14e+04	1.00
1167	IS-MCTS	MAST	2	0	2	6759	308845215	4.57e+04	1.00	7358	334105017	4.54e+04	0.00
1168	IS-MCTS	MAST	0	1	1	10626	458399975	4.31e+04	0.00	12894	548963144	4.26e+04	1.00
1169	IS-MCTS	MAST	1	0	1	8680	387286454	4.46e+04	1.00	7219	326581083	4.52e+04	0.00
1170	IS-MCTS	MAST	0	1	1	8416	365120475	4.34e+04	0.00	9386	408403168	4.35e+04	1.00
1171	IS-MCTS	MAST	1	0	1	11849	510087706	4.30e+04	1.00	9949	432884010	4.35e+04	0.00
1172	IS-MCTS	MAST	2	0	2	5450	245993886	4.51e+04	1.00	4866	221928806	4.56e+04	0.00
1173	IS-MCTS	MAST	0	2	2	9871	432120129	4.38e+04	0.00	9376	409261101	4.36e+04	1.00
1174	IS-MCTS	MAST	2	0	2	8014	348987078	4.35e+04	1.00	6175	273578924	4.43e+04	0.00
1175	IS-MCTS	MAST	2	0	2	9355	399721825	4.27e+04	1.00	5699	253749581	4.45e+04	0.00
1176	IS-MCTS	MAST	0	2	2	6856	300326630	4.38e+04	0.00	7696	334813183	4.35e+04	1.00
1177	IS-MCTS	MAST	1	0	1	8726	365037933	4.18e+04	1.00	7587	414327447	5.46e+04	0.00
1178	IS-MCTS	MAST	0	1	1	8835	345326336	3.91e+04	0.00	9055	358017389	3.95e+04	1.00
1179	IS-MCTS	MAST	0	1	1	8239	432398992	5.25e+04	0.00	10616	427506257	4.03e+04	1.00
1180	IS-MCTS	MAST	0	1	1	9667	415477387	4.30e+04	0.00	9012	390637643	4.33e+04	1.00
1181	IS-MCTS	MAST	0	1	1	8972	394649521	4.40e+04	0.00	10078	437187980	4.34e+04	1.00
1182	IS-MCTS	MAST	1	0	1	22322	908807762	4.07e+04	1.00	16018	690402436	4.31e+04	0.00
1183	IS-MCTS	MAST	1	0	1	11678	498539582	4.27e+04	1.00	11485	494137993	4.30e+04	0.00
1184	IS-MCTS	MAST	0	2	2	6714	299169081	4.46e+04	0.00	8027	352023049	4.39e+04	1.00
1185	IS-MCTS	MAST	0	1	1	9156	393271349	4.30e+04	0.00	10159	432997286	4.26e+04	1.00
1186	IS-MCTS	MAST	2	0	2	10791	479714921	4.45e+04	1.00	7760	344948922	4.45e+04	0.00
1187	IS-MCTS	MAST	1	0	1	10211	436383942	4.27e+04	1.00	10219	444084925	4.35e+04	0.00
1188	IS-MCTS	MAST	1	0	1	7828	353669729	4.52e+04	1.00	5312	247291052	4.66e+04	0.00
1189	IS-MCTS	MAST	0	1	1	12509	522613530	4.18e+04	0.00	15748	651439567	4.14e+04	1.00
1190	IS-MCTS	MAST	0	1	1	10681	451049327	4.22e+04	0.00	10264	473138264	4.61e+04	1.00
1191	IS-MCTS	MAST	1	0	1	11383	479908598	4.22e+04	1.00	10444	436731120	4.18e+04	0.00
1192	IS-MCTS	MAST	0	1	1	13192	544732071	4.13e+04	0.00	12456	519205974	4.17e+04	1.00
1193	IS-MCTS	MAST	1	0	1	11684	473005415	4.05e+04	1.00	10467	430245601	4.11e+04	0.00
1194	IS-MCTS	MAST	0	5	5	5864	303621204	5.18e+04	0.00	9340	384076251	4.11e+04	1.00
1195	IS-MCTS	MAST	2	0	2	14382	567950265	3.95e+04	1.00	9903	402860100	4.07e+04	0.00
1196	IS-MCTS	MAST	1	0	1	9507	404408447	4.25e+04	1.00	7976	409037857	5.13e+04	0.00
1197	IS-MCTS	MAST	0	1	1	11358	484693016	4.27e+04	0.00	10348	441003940	4.26e+04	1.00
1198	IS-MCTS	MAST	0	1	1	10225	584054186	5.71e+04	0.00	12376	518552299	4.19e+04	1.00
1199	IS-MCTS	MAST	2	0	2	7165	314772100	4.39e+04	1.00	6634	293830862	4.43e+04	0.00
1200	IS-MCTS	MAST	0	1	1	12444	480959238	3.86e+04	0.00	13160	502379353	3.82e+04	1.00
1201	IS-MCTS	MAST	1	0	1	8648	367125851	4.25e+04	1.00	9064	382674486	4.22e+04	0.00
1202	IS-MCTS	MAST	2	0	2	6994	282700203	4.04e+04	1.00	6705	272708833	4.07e+04	0.00
1203	IS-MCTS	MAST	0	2	2	7283	286900821	3.94e+04	0.00	9538	371405519	3.89e+04	1.00
1204	IS-MCTS	MAST	1	0	1	9178	358131882	3.90e+04	1.00	8618	341896252	3.97e+04	0.00
1205	IS-MCTS	MAST	0	1	1	9016	342492047	3.80e+04	0.00	9011	342247788	3.80e+04	1.00
1206	IS-MCTS	MAST	0	1	1	10937	388880159	3.56e+04	0.00	12330	435129293	3.53e+04	1.00
1207	IS-MCTS	MAST	2	0	2	5863	229328106	3.91e+04	1.00	5490	336242063	6.12e+04	0.00
1208	IS-MCTS	MAST	0	1	1	11163	424427083	3.80e+04	0.00	9857	378321010	3.84e+04	1.00
1209	IS-MCTS	MAST	0	1	1	9320	373535099	4.01e+04	0.00	10052	399763078	3.98e+04	1.00
1210	IS-MCTS	MAST	0	2	2	7777	353386724	4.54e+04	0.00	7857	326209806	4.15e+04	1.00
1211	IS-MCTS	MAST	2	0	2	9570	376816076	3.94e+04	1.00	7006	284597047	4.06e+04	0.00
1212	IS-MCTS	MAST	3	0	3	6741	267041467	3.96e+04	1.00	5861	235733344	4.02e+04	0.00
1213	IS-MCTS	MAST	0	1	1	12228	458553856	3.75e+04	0.00	14764	555213866	3.76e+04	1.00
1214	IS-MCTS	MAST	1	0	1	16933	722933665	4.27e+04	1.00	12520	628323489	5.02e+04	0.00
1215	IS-MCTS	MAST	0	2	2	7055	322806082	4.58e+04	0.00	8914	397394896	4.46e+04	1.00
1216	IS-MCTS	MAST	1	0	1	14629	608215148	4.16e+04	1.00	15646	642128311	4.10e+04	0.00
1217	IS-MCTS	MAST	0	2	2	8572	378099720	4.41e+04	0.00	9085	398911108	4.39e+04	1.00
1218	IS-MCTS	MAST	3	0	3	5478	248189142	4.53e+04	1.00	4876	224129017	4.60e+04	0.00
1219	IS-MCTS	MAST	0	3	3	6949	319660269	4.60e+04	0.00	7055	325419846	4.61e+04	1.00
1220	IS-MCTS	MAST	0	1	1	9591	429184242	4.47e+04	0.00	11004	489280599	4.45e+04	1.00
1221	IS-MCTS	MAST	0	4	4	8486	379809492	4.48e+04	0.00	10498	459717702	4.38e+04	1.00
1222	IS-MCTS	MAST	2	0	2	7444	332973899	4.47e+04	1.00	7076	321838953	4.55e+04	0.00
1223	IS-MCTS	MAST	1	0	1	13567	555756049	4.10e+04	1.00	13111	550375169	4.20e+04	0.00
1224	IS-MCTS	MAST	0	1	1	8364	371849273	4.45e+04	0.00	8252	359730524	4.36e+04	1.00
1225	IS-MCTS	MAST	0	2	2	9095	402556942	4.43e+04	0.00	12935	558495451	4.32e+04	1.00
1226	IS-MCTS	MAST	1	0	1	11104	456472000	4.11e+04	1.00	8267	354893307	4.29e+04	0.00
1227	IS-MCTS	MAST	1	0	1	8874	366881087	4.13e+04	1.00	9541	474652257	4.97e+04	0.00
1228	IS-MCTS	MAST	2	0	2	9400	393384707	4.18e+04	1.00	9223	386886758	4.19e+04	0.00
1229	IS-MCTS	MAST	0	1	1	7100	304955336	4.30e+04	0.00	7963	338899029	4.26e+04	1.00
1230	IS-MCTS	MAST	1	0	1	8872	363711986	4.10e+04	1.00	8664	358904867	4.14e+04	0.00
1231	IS-MCTS	MAST	0	8	8	4039	192511052	4.77e+04	0.00	6285	290391828	4.62e+04	1.00
1232	IS-MCTS	MAST	1	0	1	7965	359037983	4.51e+04	1.00	8391	379395553	4.52e+04	0.00
1233	IS-MCTS	MAST	1	0	1	10188	444302698	4.36e+04	1.00	9846	433283648	4.40e+04	0.00
1234	IS-MCTS	MAST	1	0	1	10350	450828174	4.36e+04	1.00	10755	468761857	4.36e+04	0.00
1235	IS-MCTS	MAST	0	1	1	9018	402000120	4.46e+04	0.00	8923	399232980	4.47e+04	1.00
1236	IS-MCTS	MAST	1	0	1	9288	410096546	4.42e+04	1.00	10741	477825492	4.45e+04	0.00
1237	IS-MCTS	MAST	1	0	1	10691	458950777	4.29e+04	1.00	13595	592847613	4.36e+04	0.00
1238	IS-MCTS	MAST	1	0	1	14018	587946659	4.19e+04	1.00	12223	522367861	4.27e+04	0.00
1239	IS-MCTS	MAST	0	1	1	6772	302373878	4.47e+04	0.00	7299	324329826	4.44e+04	1.00
1240	IS-MCTS	MAST	3	0	3	7059	318392058	4.51e+04	1.00	5478	252592270	4.61e+04	0.00
1241	IS-MCTS	MAST	0	1	1	9915	421573064	4.25e+04	0.00	9831	425175831	4.32e+04	1.00
1242	IS-MCTS	MAST	2	0	2	13482	576849480	4.28e+04	1.00	7827	347580637	4.44e+04	0.00
1243	IS-MCTS	MAST	1	0	1	9975	418354420	4.19e+04	1.00	8895	382504550	4.30e+04	0.00
1244	IS-MCTS	MAST	0	1	1	10849	418249910	3.86e+04	0.00	12525	474628920	3.79e+04	1.00
1245	IS-MCTS	MAST	0	1	1	9999	412557308	4.13e+04	0.00	11105	543821434	4.90e+04	1.00
1246	IS-MCTS	MAST	2	0	2	12397	496697958	4.01e+04	1.00	9837	404252480	4.11e+04	0.00
1247	IS-MCTS	MAST	2	0	2	10128	411498543	4.06e+04	1.00	10520	430052827	4.09e+04	0.00
1248	IS-MCTS	MAST	0	1	1	7109	317833937	4.47e+04	0.00	8794	385694068	4.39e+04	1.00
1249	IS-MCTS	MAST	0	1	1	7838	328476620	4.19e+04	0.00	9019	376048706	4.17e+04	1.00
1250	IS-MCTS	MAST	0	1	1	20362	832849583	4.09e+04	0.00	16098	649441730	4.03e+04	1.00
1251	IS-MCTS	MAST	1	0	1	10574	461451004	4.36e+04	1.00	10004	388600995	3.88e+04	0.00
1252	IS-MCTS	MAST	1	0	1	10063	381994897	3.80e+04	1.00	9961	379288771	3.81e+04	0.00
1253	IS-MCTS	MAST	0	2	2	5658	233486314	4.13e+04	0.00	5939	244716212	4.12e+04	1.00
1254	IS-MCTS	MAST	0	1	1	6609	255240263	3.86e+04	0.00	7307	280593946	3.84e+04	1.00
1255	IS-MCTS	MAST	3	0	3	10794	409149516	3.79e+04	1.00	8570	333143931	3.89e+04	0.00
1256	IS-MCTS	MAST	0	1	1	5846	229111613	3.92e+04	0.00	6797	262739189	3.87e+04	1.00
1257	IS-MCTS	MAST	1	0	1	10877	433724781	3.99e+04	1.00	9618	386119363	4.01e+04	0.00
1258	IS-MCTS	MAST	0	2	2	9558	402918070	4.22e+04	0.00	10039	420777750	4.19e+04	1.00
1259	IS-MCTS	MAST	2	0	2	5749	247394317	4.30e+04	1.00	5421	232770002	4.29e+04	0.00
1260	IS-MCTS	MAST	0	2	2	6625	261454159	3.95e+04	0.00	8436	323998037	3.84e+04	1.00
1261	IS-MCTS	MAST	2	0	2	12848	546767192	4.26e+04	1.00	12559	577520590	4.60e+04	0.00
1262	IS-MCTS	MAST	0	1	1	16619	684104601	4.12e+04	0.00	14404	602539217	4.18e+04	1.00
1263	IS-MCTS	MAST	0	2	2	10896	445900852	4.09e+04	0.00	12707	522309564	4.11e+04	1.00
1264	IS-MCTS	MAST	2	0	2	6669	267635416	4.01e+04	1.00	6351	255527082	4.02e+04	0.00
1265	IS-MCTS	MAST	0	1	1	8004	354070329	4.42e+04	0.00	8777	386156374	4.40e+04	1.00
1266	IS-MCTS	MAST	1	0	1	12435	522160734	4.20e+04	1.00	12247	515680264	4.21e+04	0.00
1267	IS-MCTS	MAST	0	1	1	13020	554307017	4.26e+04	0.00	14931	657924923	4.41e+04	1.00
1268	IS-MCTS	MAST	0	1	1	13413	563765965	4.20e+04	0.00	14434	600305917	4.16e+04	1.00
1269	IS-MCTS	MAST	1	0	1	10121	440800997	4.36e+04	1.00	8114	382248487	4.71e+04	0.00
1270	IS-MCTS	MAST	5	0	5	7167	323445887	4.51e+04	1.00	4831	226878313	4.70e+04	0.00
1271	IS-MCTS	MAST	1	0	1	6252	281711776	4.51e+04	1.00	5095	235074152	4.61e+04	0.00
1272	IS-MCTS	MAST	0	1	1	14821	611296165	4.12e+04	0.00	14797	589857461	3.99e+04	1.00
1273	IS-MCTS	MAST	2	0	2	9383	411402295	4.38e+04	1.00	8934	398186461	4.46e+04	0.00
1274	IS-MCTS	MAST	1	0	1	11639	477695860	4.10e+04	1.00	10965	462156701	4.21e+04	0.00
1275	IS-MCTS	MAST	1	0	1	10890	453055527	4.16e+04	1.00	10955	456242245	4.16e+04	0.00
1276	IS-MCTS	MAST	2	0	2	10233	433705170	4.24e+04	1.00	7518	306707391	4.08e+04	0.00
1277	IS-MCTS	MAST	1	0	1	9177	395295824	4.31e+04	1.00	8666	384984395	4.44e+04	0.00
1278	IS-MCTS	MAST	1	0	1	14143	566737616	4.01e+04	1.00	15396	625621689	4.06e+04	0.00
1279	IS-MCTS	MAST	0	1	1	15545	643666911	4.14e+04	0.00	13726	569985214	4.15e+04	1.00
1280	IS-MCTS	MAST	2	0	2	6466	273550332	4.23e+04	1.00	6135	261531481	4.26e+04	0.00
1281	IS-MCTS	MAST	2	0	2	10388	435644377	4.19e+04	1.00	8376	357367002	4.27e+04	0.00
1282	IS-MCTS	MAST	0	4	4	4278	236012034	5.52e+04	0.00	6071	276420747	4.55e+04	1.00
1283	IS-MCTS	MAST	0	2	2	6712	308380091	4.59e+04	0.00	7628	347276533	4.55e+04	1.00
1284	IS-MCTS	MAST	1	0	1	11811	510966428	4.33e+04	1.00	12667	540586904	4.27e+04	0.00
1285	IS-MCTS	MAST	1	0	1	8159	361794383	4.43e+04	1.00	9178	413347902	4.50e+04	0.00
1286	IS-MCTS	MAST	0	1	1	9201	405874988	4.41e+04	0.00	9624	420013245	4.36e+04	1.00
1287	IS-MCTS	MAST	0	1	1	11153	484119772	4.34e+04	0.00	11225	485902207	4.33e+04	1.00
1288	IS-MCTS	MAST	1	0	1	13903	577727779	4.16e+04	1.00	12147	510818188	4.21e+04	0.00
1289	IS-MCTS	MAST	4	0	4	6321	287825142	4.55e+04	1.00	4504	211582424	4.70e+04	0.00
1290	IS-MCTS	MAST	1	0	1	11575	469712867	4.06e+04	1.00	10589	445224508	4.20e+04	0.00
1291	IS-MCTS	MAST	1	0	1	10594	451006226	4.26e+04	1.00	8037	348111898	4.33e+04	0.00
1292	IS-MCTS	MAST	0	7	7	3747	172804532	4.61e+04	0.00	5892	262387662	4.45e+04	1.00
1293	IS-MCTS	MAST	0	2	2	10574	441634339	4.18e+04	0.00	10799	449386716	4.16e+04	1.00
1294	IS-MCTS	MAST	1	0	1	9335	407721897	4.37e+04	1.00	8420	373923279	4.44e+04	0.00
1295	IS-MCTS	MAST	5	0	5	8493	373930447	4.40e+04	1.00	7395	327875523	4.43e+04	0.00
1296	IS-MCTS	MAST	2	0	2	7372	320486664	4.35e+04	1.00	6374	281122447	4.41e+04	0.00
1297	IS-MCTS	MAST	0	3	3	6509	289687788	4.45e+04	0.00	7933	345569437	4.36e+04	1.00
1298	IS-MCTS	MAST	0	2	2	5947	258975670	4.35e+04	0.00	6645	413920521	6.23e+04	1.00
1299	IS-MCTS	MAST	0	1	1	9460	390264855	4.13e+04	0.00	10415	431411199	4.14e+04	1.00
1300	IS-MCTS	MAST	1	0	1	12204	513786293	4.21e+04	1.00	10503	453020575	4.31e+04	0.00
1301	IS-MCTS	MAST	0	1	1	10920	466152280	4.27e+04	0.00	12605	528498612	4.19e+04	1.00
1302	IS-MCTS	MAST	0	4	4	5845	268599556	4.60e+04	0.00	10014	441671646	4.41e+04	1.00
1303	IS-MCTS	MAST	0	1	1	18189	735301359	4.04e+04	0.00	19305	775954647	4.02e+04	1.00
1304	IS-MCTS	MAST	2	0	2	7155	328162866	4.59e+04	1.00	6584	303348514	4.61e+04	0.00
1305	IS-MCTS	MAST	0	2	2	8228	364737170	4.43e+04	0.00	9608	421584843	4.39e+04	1.00
1306	IS-MCTS	MAST	0	3	3	4673	215319230	4.61e+04	0.00	5131	234543016	4.57e+04	1.00
1307	IS-MCTS	MAST	1	0	1	12136	516919777	4.26e+04	1.00	10985	467018835	4.25e+04	0.00
1308	IS-MCTS	MAST	1	0	1	15363	599177098	3.90e+04	1.00	14565	568211912	3.90e+04	0.00
1309	IS-MCTS	MAST	1	0	1	10809	449797901	4.16e+04	1.00	8991	379179972	4.22e+04	0.00
1310	IS-MCTS	MAST	4	0	4	6980	291817492	4.18e+04	1.00	5032	215208224	4.28e+04	0.00
1311	IS-MCTS	MAST	1	0	1	7016	317337782	4.52e+04	1.00	6724	306861707	4.56e+04	0.00
1312	IS-MCTS	MAST	0	2	2	8995	388157869	4.32e+04	0.00	9683	458136868	4.73e+04	1.00
1313	IS-MCTS	MAST	4	0	4	6093	274519287	4.51e+04	1.00	5511	253104600	4.59e+04	0.00
1314	IS-MCTS	MAST	0	1	1	10922	455338231	4.17e+04	0.00	12286	506245286	4.12e+04	1.00
1315	IS-MCTS	MAST	2	0	2	6048	266396202	4.40e+04	1.00	5766	256866468	4.45e+04	0.00
1316	IS-MCTS	MAST	2	0	2	8524	328439857	3.85e+04	1.00	8455	327977295	3.88e+04	0.00
1317	IS-MCTS	MAST	1	0	1	12915	539003366	4.17e+04	1.00	10833	462755587	4.27e+04	0.00
1318	IS-MCTS	MAST	1	0	1	11816	492362840	4.17e+04	1.00	7633	329627626	4.32e+04	0.00
1319	IS-MCTS	MAST	0	1	1	10295	464287187	4.51e+04	0.00	9334	394495146	4.23e+04	1.00
1320	IS-MCTS	MAST	0	2	2	7360	317274405	4.31e+04	0.00	10739	454536004	4.23e+04	1.00
1321	IS-MCTS	MAST	0	3	3	5108	214988665	4.21e+04	0.00	8847	361050751	4.08e+04	1.00
1322	IS-MCTS	MAST	1	0	1	12009	474366986	3.95e+04	1.00	11169	441116449	3.95e+04	0.00
1323	IS-MCTS	MAST	1	0	1	16483	620407815	3.76e+04	1.00	12780	487739824	3.82e+04	0.00
1324	IS-MCTS	MAST	2	0	2	9031	353165138	3.91e+04	1.00	7026	281817507	4.01e+04	0.00
1325	IS-MCTS	MAST	0	1	1	9304	369801518	3.97e+04	0.00	11561	457074258	3.95e+04	1.00
1326	IS-MCTS	MAST	0	2	2	7853	300323481	3.82e+04	0.00	10272	388663919	3.78e+04	1.00
1327	IS-MCTS	MAST	0	3	3	6276	330723855	5.27e+04	0.00	7710	297094340	3.85e+04	1.00
1328	IS-MCTS	MAST	5	0	5	8464	330778726	3.91e+04	1.00	5939	238868732	4.02e+04	0.00
1329	IS-MCTS	MAST	0	2	2	4239	181696016	4.29e+04	0.00	5120	215752362	4.21e+04	1.00
1330	IS-MCTS	MAST	0	1	1	11167	464015957	4.16e+04	0.00	8868	375965494	4.24e+04	1.00
1331	IS-MCTS	MAST	0	2	2	6225	273947513	4.40e+04	0.00	7872	341784695	4.34e+04	1.00
1332	IS-MCTS	MAST	2	0	2	9602	374540983	3.90e+04	1.00	7593	302322053	3.98e+04	0.00
1333	IS-MCTS	MAST	0	1	1	16240	599669921	3.69e+04	0.00	16209	593513657	3.66e+04	1.00
1334	IS-MCTS	MAST	0	1	1	10648	407246151	3.82e+04	0.00	12310	464060024	3.77e+04	1.00
1335	IS-MCTS	MAST	0	1	1	8070	317264839	3.93e+04	0.00	9892	383144873	3.87e+04	1.00
1336	IS-MCTS	MAST	1	0	1	12259	459375579	3.75e+04	1.00	8947	464787584	5.19e+04	0.00
1337	IS-MCTS	MAST	0	1	1	13261	486699862	3.67e+04	0.00	14464	527826386	3.65e+04	1.00
1338	IS-MCTS	MAST	1	0	1	12054	492272189	4.08e+04	1.00	13059	535083035	4.10e+04	0.00
1339	IS-MCTS	MAST	0	1	1	7944	338560154	4.26e+04	0.00	8750	361711936	4.13e+04	1.00
1340	IS-MCTS	MAST	0	1	1	8345	336543507	4.03e+04	0.00	8874	358404140	4.04e+04	1.00
1341	IS-MCTS	MAST	0	1	1	9154	402436455	4.40e+04	0.00	8715	383594144	4.40e+04	1.00
1342	IS-MCTS	MAST	0	1	1	5770	266118208	4.61e+04	0.00	7672	347790899	4.53e+04	1.00
1343	IS-MCTS	MAST	0	1	1	11402	494067381	4.33e+04	0.00	12324	527217738	4.28e+04	1.00
1344	IS-MCTS	MAST	0	4	4	4322	204901703	4.74e+04	0.00	5066	237524522	4.69e+04	1.00
1345	IS-MCTS	MAST	0	1	1	5338	246968029	4.63e+04	0.00	7689	344866115	4.49e+04	1.00
1346	IS-MCTS	MAST	0	4	4	4452	207919071	4.67e+04	0.00	6936	312230910	4.50e+04	1.00
1347	IS-MCTS	MAST	0	1	1	8010	352015542	4.39e+04	0.00	9105	390326654	4.29e+04	1.00
1348	IS-MCTS	MAST	0	1	1	10415	447966262	4.30e+04	0.00	9607	410348895	4.27e+04	1.00
1349	IS-MCTS	MAST	1	0	1	18107	733888016	4.05e+04	1.00	14704	603476715	4.10e+04	0.00
1350	IS-MCTS	MAST	0	1	1	8098	330381177	4.08e+04	0.00	12124	479811489	3.96e+04	1.00
1351	IS-MCTS	MAST	1	0	1	9574	407327649	4.25e+04	1.00	9178	396878145	4.32e+04	0.00
1352	IS-MCTS	MAST	0	2	2	8169	357180237	4.37e+04	0.00	8819	452490670	5.13e+04	1.00
1353	IS-MCTS	MAST	0	1	1	9785	434580084	4.44e+04	0.00	14182	617078956	4.35e+04	1.00
1354	IS-MCTS	MAST	0	4	4	4672	333772172	7.14e+04	0.00	6901	315165014	4.57e+04	1.00
1355	IS-MCTS	MAST	2	0	2	9050	397257798	4.39e+04	1.00	7824	347607903	4.44e+04	0.00
1356	IS-MCTS	MAST	0	1	1	8743	375096101	4.29e+04	0.00	9912	419201800	4.23e+04	1.00
1357	IS-MCTS	MAST	0	2	2	8865	367950431	4.15e+04	0.00	8923	371175522	4.16e+04	1.00
1358	IS-MCTS	MAST	0	1	1	8947	393034237	4.39e+04	0.00	10886	469813326	4.32e+04	1.00
1359	IS-MCTS	MAST	1	0	1	7901	354664016	4.49e+04	1.00	7926	359323362	4.53e+04	0.00
1360	IS-MCTS	MAST	2	0	2	10484	452610811	4.32e+04	1.00	8918	393297592	4.41e+04	0.00
1361	IS-MCTS	MAST	0	1	1	12158	515681328	4.24e+04	0.00	13338	563399202	4.22e+04	1.00
1362	IS-MCTS	MAST	1	0	1	12922	531175598	4.11e+04	1.00	12771	532881498	4.17e+04	0.00
1363	IS-MCTS	MAST	0	1	1	7967	356012018	4.47e+04	0.00	8921	454660846	5.10e+04	1.00
1364	IS-MCTS	MAST	0	4	4	5690	260522052	4.58e+04	0.00	8965	393613608	4.39e+04	1.00
1365	IS-MCTS	MAST	1	0	1	11813	496995741	4.21e+04	1.00	9801	417495828	4.26e+04	0.00
1366	IS-MCTS	MAST	2	0	2	9716	417204016	4.29e+04	1.00	8030	348392026	4.34e+04	0.00
1367	IS-MCTS	MAST	2	0	2	8566	348764618	4.07e+04	1.00	9863	404000316	4.10e+04	0.00
1368	IS-MCTS	MAST	1	0	1	10907	458434252	4.20e+04	1.00	11328	481026244	4.25e+04	0.00
1369	IS-MCTS	MAST	0	1	1	7658	342030599	4.47e+04	0.00	8852	391888410	4.43e+04	1.00
1370	IS-MCTS	MAST	0	1	1	8552	404765543	4.73e+04	0.00	6281	270725582	4.31e+04	1.00
1371	IS-MCTS	MAST	1	0	1	15381	641902739	4.17e+04	1.00	16964	691076636	4.07e+04	0.00
1372	IS-MCTS	MAST	1	0	1	12832	525505192	4.10e+04	1.00	10499	437336031	4.17e+04	0.00
1373	IS-MCTS	MAST	1	0	1	10765	433369847	4.03e+04	1.00	10643	432915858	4.07e+04	0.00
1374	IS-MCTS	MAST	1	0	1	10538	452790057	4.30e+04	1.00	9190	401126559	4.36e+04	0.00
1375	IS-MCTS	MAST	0	1	1	10173	427864231	4.21e+04	0.00	11456	484557274	4.23e+04	1.00
1376	IS-MCTS	MAST	1	0	1	14115	588405940	4.17e+04	1.00	12951	548762820	4.24e+04	0.00
1377	IS-MCTS	MAST	1	0	1	11426	494414754	4.33e+04	1.00	10611	457642722	4.31e+04	0.00
1378	IS-MCTS	MAST	1	0	1	13092	531761234	4.06e+04	1.00	11497	474487298	4.13e+04	0.00
1379	IS-MCTS	MAST	0	2	2	6832	313109822	4.58e+04	0.00	9514	425172579	4.47e+04	1.00
1380	IS-MCTS	MAST	1	0	1	7506	385572523	5.14e+04	1.00	6784	304441851	4.49e+04	0.00
1381	IS-MCTS	MAST	2	0	2	7522	331934590	4.41e+04	1.00	7227	322131161	4.46e+04	0.00
1382	IS-MCTS	MAST	1	0	1	12934	529536548	4.09e+04	1.00	12315	651651904	5.29e+04	0.00
1383	IS-MCTS	MAST	0	1	1	11102	449701735	4.05e+04	0.00	13226	518640708	3.92e+04	1.00
1384	IS-MCTS	MAST	0	4	4	4666	200950477	4.31e+04	0.00	5370	230678759	4.30e+04	1.00
1385	IS-MCTS	MAST	0	1	1	11415	487716049	4.27e+04	0.00	13070	546541605	4.18e+04	1.00
1386	IS-MCTS	MAST	2	0	2	9054	391129880	4.32e+04	1.00	8983	393917785	4.39e+04	0.00
1387	IS-MCTS	MAST	0	2	2	7497	330399250	4.41e+04	0.00	8188	360659211	4.40e+04	1.00
1388	IS-MCTS	MAST	0	2	2	8026	351074631	4.37e+04	0.00	7806	343652408	4.40e+04	1.00
1389	IS-MCTS	MAST	2	0	2	7716	325571037	4.22e+04	1.00	6386	273835134	4.29e+04	0.00
1390	IS-MCTS	MAST	1	0	1	9019	381414494	4.23e+04	1.00	8633	364255132	4.22e+04	0.00
1391	IS-MCTS	MAST	0	1	1	14776	611613922	4.14e+04	0.00	15372	641213291	4.17e+04	1.00
1392	IS-MCTS	MAST	0	2	2	9063	389882666	4.30e+04	0.00	12365	525062900	4.25e+04	1.00
1393	IS-MCTS	MAST	0	5	5	4911	225368683	4.59e+04	0.00	8411	366962061	4.36e+04	1.00
1394	IS-MCTS	MAST	0	1	1	9795	403482265	4.12e+04	0.00	11001	437827043	3.98e+04	1.00
1395	IS-MCTS	MAST	1	0	1	9203	386272035	4.20e+04	1.00	7865	328339067	4.17e+04	0.00
1396	IS-MCTS	MAST	0	1	1	11463	424447341	3.70e+04	0.00	12331	453920545	3.68e+04	1.00
1397	IS-MCTS	MAST	0	5	5	5653	229078087	4.05e+04	0.00	6292	252429028	4.01e+04	1.00
1398	IS-MCTS	MAST	3	0	3	11302	426937676	3.78e+04	1.00	7924	306305664	3.87e+04	0.00
1399	IS-MCTS	MAST	1	0	1	13594	513458225	3.78e+04	1.00	12359	471374100	3.81e+04	0.00
1400	IS-MCTS	MAST	2	0	2	7622	333291161	4.37e+04	1.00	6967	302570820	4.34e+04	0.00
1401	IS-MCTS	MAST	2	0	2	13290	519388602	3.91e+04	1.00	9835	390852102	3.97e+04	0.00
1402	IS-MCTS	MAST	3	0	3	7223	546128478	7.56e+04	1.00	6771	303691442	4.49e+04	0.00
1403	IS-MCTS	MAST	1	0	1	12846	547920375	4.27e+04	1.00	14137	608865965	4.31e+04	0.00
1404	IS-MCTS	MAST	0	1	1	7327	332056302	4.53e+04	0.00	7258	328481647	4.53e+04	1.00
1405	IS-MCTS	MAST	1	0	1	11735	504377996	4.30e+04	1.00	12213	523085310	4.28e+04	0.00
1406	IS-MCTS	MAST	1	0	1	11498	485103150	4.22e+04	1.00	12420	530458752	4.27e+04	0.00
1407	IS-MCTS	MAST	1	0	1	13055	556835217	4.27e+04	1.00	10476	448377187	4.28e+04	0.00
1408	IS-MCTS	MAST	0	1	1	13436	562920566	4.19e+04	0.00	22250	1051517053	4.73e+04	1.00
1409	IS-MCTS	MAST	1	0	1	12748	535948621	4.20e+04	1.00	13845	587324648	4.24e+04	0.00
1410	IS-MCTS	MAST	0	1	1	17404	722343667	4.15e+04	0.00	15429	643949963	4.17e+04	1.00
1411	IS-MCTS	MAST	1	0	1	10032	433210242	4.32e+04	1.00	12412	535856409	4.32e+04	0.00
1412	IS-MCTS	MAST	1	0	1	13967	582678339	4.17e+04	1.00	11669	489351982	4.19e+04	0.00
1413	IS-MCTS	MAST	1	0	1	12672	524027975	4.14e+04	1.00	13222	572929770	4.33e+04	0.00
1414	IS-MCTS	MAST	2	0	2	8121	331961183	4.09e+04	1.00	7644	314351896	4.11e+04	0.00
1415	IS-MCTS	MAST	6	0	6	12482	533230729	4.27e+04	1.00	5748	260275749	4.53e+04	0.00
1416	IS-MCTS	MAST	0	1	1	9949	381111835	3.83e+04	0.00	10362	397616504	3.84e+04	1.00
1417	IS-MCTS	MAST	1	0	1	14123	580191312	4.11e+04	1.00	14297	591870291	4.14e+04	0.00
1418	IS-MCTS	MAST	0	2	2	7180	309125492	4.31e+04	0.00	8310	351740036	4.23e+04	1.00
1419	IS-MCTS	MAST	0	1	1	9395	371184029	3.95e+04	0.00	9583	376537911	3.93e+04	1.00
1420	IS-MCTS	MAST	0	1	1	11248	413668813	3.68e+04	0.00	12515	456600152	3.65e+04	1.00
1421	IS-MCTS	MAST	2	0	2	6137	249161911	4.06e+04	1.00	5752	236165876	4.11e+04	0.00
1422	IS-MCTS	MAST	0	1	1	9322	381729422	4.09e+04	0.00	11234	459669442	4.09e+04	1.00
1423	IS-MCTS	MAST	0	1	1	14621	603711480	4.13e+04	0.00	16755	693498029	4.14e+04	1.00
1424	IS-MCTS	MAST	0	1	1	10747	419670394	3.91e+04	0.00	12319	470030963	3.82e+04	1.00
1425	IS-MCTS	MAST	2	0	2	7005	272862339	3.90e+04	1.00	6855	268553985	3.92e+04	0.00
1426	IS-MCTS	MAST	0	1	1	11138	473930158	4.26e+04	0.00	13102	553427260	4.22e+04	1.00
1427	IS-MCTS	MAST	3	0	3	7795	351397483	4.51e+04	1.00	4641	216839179	4.67e+04	0.00
1428	IS-MCTS	MAST	0	2	2	5356	245645755	4.59e+04	0.00	7145	316946135	4.44e+04	1.00
1429	IS-MCTS	MAST	0	2	2	7784	350231520	4.50e+04	0.00	8939	396642981	4.44e+04	1.00
1430	IS-MCTS	MAST	1	0	1	12810	533626483	4.17e+04	1.00	12041	506493099	4.21e+04	0.00
1431	IS-MCTS	MAST	6	0	6	5510	251867238	4.57e+04	1.00	4347	203199295	4.67e+04	0.00
1432	IS-MCTS	MAST	1	0	1	7452	328267511	4.41e+04	1.00	7575	339227949	4.48e+04	0.00
1433	IS-MCTS	MAST	1	0	1	12871	528669358	4.11e+04	1.00	10671	444814978	4.17e+04	0.00
1434	IS-MCTS	MAST	3	0	3	7300	293553359	4.02e+04	1.00	6911	276839418	4.01e+04	0.00
1435	IS-MCTS	MAST	1	0	1	8938	396120693	4.43e+04	1.00	7194	322540904	4.48e+04	0.00
1436	IS-MCTS	MAST	5	0	5	7144	371265278	5.20e+04	1.00	6352	283133198	4.46e+04	0.00
1437	IS-MCTS	MAST	0	1	1	13572	565700852	4.17e+04	0.00	12251	510309611	4.17e+04	1.00
1438	IS-MCTS	MAST	0	2	2	7349	315599016	4.29e+04	0.00	8009	343573244	4.29e+04	1.00
1439	IS-MCTS	MAST	3	0	3	9234	382594621	4.14e+04	1.00	8493	355036760	4.18e+04	0.00
1440	IS-MCTS	MAST	0	1	1	9862	405334174	4.11e+04	0.00	13180	528737364	4.01e+04	1.00
1441	IS-MCTS	MAST	1	0	1	13144	506761006	3.86e+04	1.00	12912	496549170	3.85e+04	0.00
1442	IS-MCTS	MAST	1	0	1	16151	586431962	3.63e+04	1.00	12081	448868854	3.72e+04	0.00
1443	IS-MCTS	MAST	0	1	1	7329	290054140	3.96e+04	0.00	9175	356260652	3.88e+04	1.00
1444	IS-MCTS	MAST	0	1	1	12640	454750064	3.60e+04	0.00	13413	475953446	3.55e+04	1.00
1445	IS-MCTS	MAST	1	0	1	12896	490608883	3.80e+04	1.00	9470	368211174	3.89e+04	0.00
1446	IS-MCTS	MAST	1	0	1	10382	405087004	3.90e+04	1.00	9710	514388251	5.30e+04	0.00
1447	IS-MCTS	MAST	3	0	3	7332	325159980	4.43e+04	1.00	6081	278790733	4.58e+04	0.00
1448	IS-MCTS	MAST	4	0	4	4620	210934243	4.57e+04	1.00	4094	189805943	4.64e+04	0.00
1449	IS-MCTS	MAST	0	2	2	7232	308266250	4.26e+04	0.00	7693	324336060	4.22e+04	1.00
1450	IS-MCTS	MAST	0	1	1	11632	421844307	3.63e+04	0.00	10665	392189497	3.68e+04	1.00
1451	IS-MCTS	MAST	1	0	1	6878	297723727	4.33e+04	1.00	6609	288448767	4.36e+04	0.00
1452	IS-MCTS	MAST	0	4	4	5622	259878678	4.62e+04	0.00	6853	309257352	4.51e+04	1.00
1453	IS-MCTS	MAST	1	0	1	10694	468561790	4.38e+04	1.00	11489	493760827	4.30e+04	0.00
1454	IS-MCTS	MAST	1	0	1	10889	510772702	4.69e+04	1.00	9095	396500523	4.36e+04	0.00
1455	IS-MCTS	MAST	0	4	4	3444	164437360	4.77e+04	0.00	5806	264018330	4.55e+04	1.00
1456	IS-MCTS	MAST	3	0	3	6991	317353873	4.54e+04	1.00	5587	256913874	4.60e+04	0.00
1457	IS-MCTS	MAST	1	0	1	7776	340804940	4.38e+04	1.00	8585	375954273	4.38e+04	0.00
1458	IS-MCTS	MAST	1	0	1	13918	616685007	4.43e+04	1.00	8930	406576346	4.55e+04	0.00
1459	IS-MCTS	MAST	0	1	1	8358	360684959	4.32e+04	0.00	11187	476347029	4.26e+04	1.00
1460	IS-MCTS	MAST	0	3	3	7944	325287092	4.09e+04	0.00	9304	379564689	4.08e+04	1.00
1461	IS-MCTS	MAST	1	0	1	8835	385800586	4.37e+04	1.00	9417	409193680	4.35e+04	0.00
1462	IS-MCTS	MAST	0	2	2	8774	396185125	4.52e+04	0.00	11751	514637444	4.38e+04	1.00
1463	IS-MCTS	MAST	3	0	3	9588	424032892	4.42e+04	1.00	9647	426610665	4.42e+04	0.00
1464	IS-MCTS	MAST	0	1	1	8466	375488494	4.44e+04	0.00	8328	370324440	4.45e+04	1.00
1465	IS-MCTS	MAST	4	0	4	5978	273292648	4.57e+04	1.00	4657	217298754	4.67e+04	0.00
1466	IS-MCTS	MAST	1	0	1	10416	439197786	4.22e+04	1.00	10797	496846061	4.60e+04	0.00
1467	IS-MCTS	MAST	2	0	2	8193	350952138	4.28e+04	1.00	7187	315620138	4.39e+04	0.00
1468	IS-MCTS	MAST	2	0	2	9107	363290375	3.99e+04	1.00	8633	390568795	4.52e+04	0.00
1469	IS-MCTS	MAST	1	0	1	14207	577977441	4.07e+04	1.00	13379	552285481	4.13e+04	0.00
1470	IS-MCTS	MAST	0	4	4	7223	379872212	5.26e+04	0.00	10814	467255064	4.32e+04	1.00
1471	IS-MCTS	MAST	1	0	1	9489	429591509	4.53e+04	1.00	7130	329068110	4.62e+04	0.00
1472	IS-MCTS	MAST	1	0	1	9030	388224816	4.30e+04	1.00	9412	403495761	4.29e+04	0.00
1473	IS-MCTS	MAST	0	1	1	12721	544159968	4.28e+04	0.00	17258	729075790	4.22e+04	1.00
1474	IS-MCTS	MAST	1	0	1	9115	388668249	4.26e+04	1.00	11593	495190318	4.27e+04	0.00
1475	IS-MCTS	MAST	2	0	2	11211	477470897	4.26e+04	1.00	9132	398322282	4.36e+04	0.00
1476	IS-MCTS	MAST	1	0	1	11810	457505519	3.87e+04	1.00	15526	777910521	5.01e+04	0.00
1477	IS-MCTS	MAST	0	1	1	12675	542527678	4.28e+04	0.00	14194	603383533	4.25e+04	1.00
1478	IS-MCTS	MAST	1	0	1	11643	482700254	4.15e+04	1.00	11542	478981701	4.15e+04	0.00
1479	IS-MCTS	MAST	0	1	1	12838	547077791	4.26e+04	0.00	12388	527888066	4.26e+04	1.00
1480	IS-MCTS	MAST	0	2	2	7686	341621790	4.44e+04	0.00	8146	359587225	4.41e+04	1.00
1481	IS-MCTS	MAST	4	0	4	7855	351334217	4.47e+04	1.00	6680	302635123	4.53e+04	0.00
1482	IS-MCTS	MAST	2	0	2	8623	373229229	4.33e+04	1.00	8516	365688746	4.29e+04	0.00
1483	IS-MCTS	MAST	1	0	1	6438	285825412	4.44e+04	1.00	6108	269996952	4.42e+04	0.00
1484	IS-MCTS	MAST	1	0	1	7381	306806853	4.16e+04	1.00	7467	314414925	4.21e+04	0.00
1485	IS-MCTS	MAST	0	2	2	9876	412601508	4.18e+04	0.00	12714	526873257	4.14e+04	1.00
1486	IS-MCTS	MAST	3	0	3	6239	281921261	4.52e+04	1.00	5984	274186800	4.58e+04	0.00
1487	IS-MCTS	MAST	1	0	1	9914	435938403	4.40e+04	1.00	9745	430708578	4.42e+04	0.00
1488	IS-MCTS	MAST	0	3	3	5559	253309877	4.56e+04	0.00	7711	347143294	4.50e+04	1.00
1489	IS-MCTS	MAST	1	0	1	14693	687868124	4.68e+04	1.00	14162	597787504	4.22e+04	0.00
1490	IS-MCTS	MAST	0	2	2	4924	226663860	4.60e+04	0.00	5650	260218701	4.61e+04	1.00
1491	IS-MCTS	MAST	0	2	2	6547	296384692	4.53e+04	0.00	9046	398645484	4.41e+04	1.00
1492	IS-MCTS	MAST	1	0	1	9317	449445297	4.82e+04	1.00	9621	407551360	4.24e+04	0.00
1493	IS-MCTS	MAST	1	0	1	12562	491895454	3.92e+04	1.00	9479	381111503	4.02e+04	0.00
1494	IS-MCTS	MAST	1	0	1	14815	605790443	4.09e+04	1.00	13253	548712017	4.14e+04	0.00
1495	IS-MCTS	MAST	3	0	3	8445	375301183	4.44e+04	1.00	7905	356966100	4.52e+04	0.00
1496	IS-MCTS	MAST	1	0	1	13222	638216984	4.83e+04	1.00	11293	478111653	4.23e+04	0.00
1497	IS-MCTS	MAST	2	0	2	9245	410352004	4.44e+04	1.00	10364	462910559	4.47e+04	0.00
1498	IS-MCTS	MAST	1	0	1	13815	566508337	4.10e+04	1.00	14099	584887593	4.15e+04	0.00
1499	IS-MCTS	MAST	0	1	1	11813	504921803	4.27e+04	0.00	10331	445860417	4.32e+04	1.00
1500	IS-MCTS	MAST	1	0	1	7972	341659438	4.29e+04	1.00	10572	449101710	4.25e+04	0.00
1501	IS-MCTS	MAST	2	0	2	10588	416010720	3.93e+04	1.00	8297	332596138	4.01e+04	0.00
1502	IS-MCTS	Random	0	2	2	8861	384453613	4.34e+04	0.00	95	13054493	1.37e+05	1.00
1503	IS-MCTS	Random	0	6	6	5206	238337718	4.58e+04	0.00	88	12102654	1.38e+05	1.00
1504	IS-MCTS	Random	0	1	1	6453	291991975	4.52e+04	0.00	87	12203786	1.40e+05	1.00
1505	IS-MCTS	Random	0	1	1	8088	609085104	7.53e+04	0.00	94	12774610	1.36e+05	1.00
1506	IS-MCTS	Random	0	1	1	12890	785806752	6.10e+04	0.00	92	10282541	1.12e+05	1.00
1507	IS-MCTS	Random	4	0	4	11743	500805990	4.26e+04	1.00	85	11783545	1.39e+05	0.00
1508	IS-MCTS	Random	1	0	1	7966	347316010	4.36e+04	1.00	89	12645776	1.42e+05	0.00
1509	IS-MCTS	Random	0	1	1	10399	437732597	4.21e+04	0.00	96	13493058	1.41e+05	1.00
1510	IS-MCTS	Random	0	2	2	6010	262396019	4.37e+04	0.00	84	9446121	1.12e+05	1.00
1511	IS-MCTS	Random	2	0	2	6908	303678600	4.40e+04	1.00	90	12628539	1.40e+05	0.00
1512	IS-MCTS	Random	1	0	1	9773	410153325	4.20e+04	1.00	93	12951103	1.39e+05	0.00
1513	IS-MCTS	Random	0	2	2	7794	332487821	4.27e+04	0.00	93	13170013	1.42e+05	1.00
1514	IS-MCTS	Random	0	2	2	9903	420273577	4.24e+04	0.00	97	14522083	1.50e+05	1.00
1515	IS-MCTS	Random	0	1	1	11075	451049642	4.07e+04	0.00	99	11318303	1.14e+05	1.00
1516	IS-MCTS	Random	1	0	1	11422	446649487	3.91e+04	1.00	97	13350619	1.38e+05	0.00
1517	IS-MCTS	Random	0	1	1	10246	393423152	3.84e+04	0.00	93	12006013	1.29e+05	1.00
1518	IS-MCTS	Random	0	1	1	11295	470825951	4.17e+04	0.00	96	13496738	1.41e+05	1.00
1519	IS-MCTS	Random	4	0	4	6451	292939315	4.54e+04	1.00	84	9952422	1.18e+05	0.00
1520	IS-MCTS	Random	2	0	2	8628	383110833	4.44e+04	1.00	81	10916246	1.35e+05	0.00
1521	IS-MCTS	Random	3	0	3	9278	400204776	4.31e+04	1.00	83	11181251	1.35e+05	0.00
1522	IS-MCTS	Random	1	0	1	13523	545525171	4.03e+04	1.00	97	13825011	1.43e+05	0.00
1523	IS-MCTS	Random	1	0	1	5507	248171184	4.51e+04	1.00	82	11581171	1.41e+05	0.00
1524	IS-MCTS	Random	2	0	2	9084	383470898	4.22e+04	1.00	96	11170310	1.16e+05	0.00
1525	IS-MCTS	Random	1	0	1	11579	492571146	4.25e+04	1.00	90	12667419	1.41e+05	0.00
1526	IS-MCTS	Random	0	1	1	5973	266308562	4.46e+04	0.00	87	11763265	1.35e+05	1.00
1527	IS-MCTS	Random	2	0	2	8519	368639160	4.33e+04	1.00	96	13481934	1.40e+05	0.00
1528	IS-MCTS	Random	1	0	1	19573	756354828	3.86e+04	1.00	98	12147272	1.24e+05	0.00
1529	IS-MCTS	Random	0	2	2	5160	233819252	4.53e+04	0.00	85	11604280	1.37e+05	1.00
1530	IS-MCTS	Random	4	0	4	6906	302485952	4.38e+04	1.00	86	11818431	1.37e+05	0.00
1531	IS-MCTS	Random	0	3	3	7114	308620937	4.34e+04	0.00	91	12479996	1.37e+05	1.00
1532	IS-MCTS	Random	1	0	1	12866	529673141	4.12e+04	1.00	95	13353638	1.41e+05	0.00
1533	IS-MCTS	Random	1	0	1	8721	354757125	4.07e+04	1.00	92	12346769	1.34e+05	0.00
1534	IS-MCTS	Random	0	1	1	11117	439609161	3.95e+04	0.00	98	13324157	1.36e+05	1.00
1535	IS-MCTS	Random	1	0	1	13960	507967419	3.64e+04	1.00	98	13084604	1.34e+05	0.00
1536	IS-MCTS	Random	0	4	4	5187	213426555	4.11e+04	0.00	86	10809241	1.26e+05	1.00
1537	IS-MCTS	Random	0	1	1	7001	306667955	4.38e+04	0.00	92	11960626	1.30e+05	1.00
1538	IS-MCTS	Random	0	1	1	11576	480512052	4.15e+04	0.00	98	13953859	1.42e+05	1.00
1539	IS-MCTS	Random	3	0	3	7819	343320583	4.39e+04	1.00	93	13146965	1.41e+05	0.00
1540	IS-MCTS	Random	0	3	3	7079	308028804	4.35e+04	0.00	91	12551597	1.38e+05	1.00
1541	IS-MCTS	Random	1	0	1	13152	538425911	4.09e+04	1.00	96	13473537	1.40e+05	0.00
1542	IS-MCTS	Random	0	3	3	7770	341740988	4.40e+04	0.00	94	13017891	1.38e+05	1.00
1543	IS-MCTS	Random	2	0	2	7541	329447575	4.37e+04	1.00	93	13007332	1.40e+05	0.00
1544	IS-MCTS	Random	0	1	1	7089	301322712	4.25e+04	0.00	90	12574482	1.40e+05	1.00
1545	IS-MCTS	Random	0	1	1	9141	385828198	4.22e+04	0.00	93	13088391	1.41e+05	1.00
1546	IS-MCTS	Random	2	0	2	8269	360451813	4.36e+04	1.00	89	11885383	1.34e+05	0.00
1547	IS-MCTS	Random	0	2	2	9912	410669673	4.14e+04	0.00	97	13439856	1.39e+05	1.00
1548	IS-MCTS	Random	2	0	2	8029	347916397	4.33e+04	1.00	85	11674116	1.37e+05	0.00
1549	IS-MCTS	Random	5	0	5	6797	291261552	4.29e+04	1.00	87	12080235	1.39e+05	0.00
1550	IS-MCTS	Random	1	0	1	11514	456552149	3.97e+04	1.00	97	13265423	1.37e+05	0.00
1551	IS-MCTS	Random	0	2	2	8926	375943504	4.21e+04	0.00	97	11329452	1.17e+05	1.00
1552	IS-MCTS	Random	0	2	2	6619	271991167	4.11e+04	0.00	88	10950770	1.24e+05	1.00
1553	IS-MCTS	Random	0	1	1	8489	363774205	4.29e+04	0.00	89	12252854	1.38e+05	1.00
1554	IS-MCTS	Random	0	1	1	16157	652265736	4.04e+04	0.00	98	13807557	1.41e+05	1.00
1555	IS-MCTS	Random	0	1	1	8104	394920238	4.87e+04	0.00	90	12301017	1.37e+05	1.00
1556	IS-MCTS	Random	1	0	1	10721	448094145	4.18e+04	1.00	92	12754437	1.39e+05	0.00
1557	IS-MCTS	Random	1	0	1	15785	654785930	4.15e+04	1.00	97	13410899	1.38e+05	0.00
1558	IS-MCTS	Random	3	0	3	9941	423587220	4.26e+04	1.00	88	12414503	1.41e+05	0.00
1559	IS-MCTS	Random	3	0	3	5824	253193698	4.35e+04	1.00	80	10859754	1.36e+05	0.00
1560	IS-MCTS	Random	2	0	2	7097	298727758	4.21e+04	1.00	87	10035035	1.15e+05	0.00
1561	IS-MCTS	Random	2	0	2	10380	414291211	3.99e+04	1.00	95	12657668	1.33e+05	0.00
1562	IS-MCTS	Random	0	1	1	21012	808111570	3.85e+04	0.00	97	13102440	1.35e+05	1.00
1563	IS-MCTS	Random	0	2	2	6876	289978645	4.22e+04	0.00	92	12129668	1.32e+05	1.00
1564	IS-MCTS	Random	2	0	2	9072	374380609	4.13e+04	1.00	95	12935456	1.36e+05	0.00
1565	IS-MCTS	Random	0	2	2	7933	319034229	4.02e+04	0.00	95	12815040	1.35e+05	1.00
1566	IS-MCTS	Random	1	0	1	14528	526199478	3.62e+04	1.00	95	11703186	1.23e+05	0.00
1567	IS-MCTS	Random	2	0	2	9719	371889353	3.83e+04	1.00	95	11713313	1.23e+05	0.00
1568	IS-MCTS	Random	7	0	7	7651	297492872	3.89e+04	1.00	77	9466988	1.23e+05	0.00
1569	IS-MCTS	Random	0	1	1	8700	332856657	3.83e+04	0.00	93	11348292	1.22e+05	1.00
1570	IS-MCTS	Random	0	1	1	14429	502910108	3.49e+04	0.00	97	11468273	1.18e+05	1.00
1571	IS-MCTS	Random	0	4	4	4373	172366648	3.94e+04	0.00	81	9695547	1.20e+05	1.00
1572	IS-MCTS	Random	1	0	1	10264	367551329	3.58e+04	1.00	96	10792473	1.12e+05	0.00
1573	IS-MCTS	Random	1	0	1	12906	459498453	3.56e+04	1.00	98	11935117	1.22e+05	0.00
1574	IS-MCTS	Random	2	0	2	10434	373461156	3.58e+04	1.00	98	12078985	1.23e+05	0.00
1575	IS-MCTS	Random	0	2	2	11244	426709949	3.80e+04	0.00	96	11828282	1.23e+05	1.00
1576	IS-MCTS	Random	2	0	2	8467	329722592	3.89e+04	1.00	90	10501253	1.17e+05	0.00
1577	IS-MCTS	Random	0	3	3	6308	267639757	4.24e+04	0.00	90	12581717	1.40e+05	1.00
1578	IS-MCTS	Random	1	0	1	8356	360492521	4.31e+04	1.00	84	11663270	1.39e+05	0.00
1579	IS-MCTS	Random	0	1	1	11632	470984611	4.05e+04	0.00	97	13386936	1.38e+05	1.00
1580	IS-MCTS	Random	0	2	2	6903	271111163	3.93e+04	0.00	93	12188633	1.31e+05	1.00
1581	IS-MCTS	Random	2	0	2	4712	209373942	4.44e+04	1.00	78	8457448	1.08e+05	0.00
1582	IS-MCTS	Random	0	1	1	8076	330538373	4.09e+04	0.00	92	11810438	1.28e+05	1.00
1583	IS-MCTS	Random	0	3	3	5461	248931100	4.56e+04	0.00	86	11934447	1.39e+05	1.00
1584	IS-MCTS	Random	0	2	2	6410	282772884	4.41e+04	0.00	84	11343709	1.35e+05	1.00
1585	IS-MCTS	Random	1	0	1	11610	489617421	4.22e+04	1.00	91	12823594	1.41e+05	0.00
1586	IS-MCTS	Random	3	0	3	7354	379459024	5.16e+04	1.00	92	12158313	1.32e+05	0.00
1587	IS-MCTS	Random	0	4	4	5434	242174108	4.46e+04	0.00	89	12203251	1.37e+05	1.00
1588	IS-MCTS	Random	0	3	3	7161	310495337	4.34e+04	0.00	93	12928716	1.39e+05	1.00
1589	IS-MCTS	Random	1	0	1	11207	488389346	4.36e+04	1.00	94	13472433	1.43e+05	0.00
1590	IS-MCTS	Random	2	0	2	8262	354835188	4.29e+04	1.00	92	13208230	1.44e+05	0.00
1591	IS-MCTS	Random	0	4	4	4952	226985193	4.58e+04	0.00	82	11338041	1.38e+05	1.00
1592	IS-MCTS	Random	3	0	3	9783	424542758	4.34e+04	1.00	90	12238713	1.36e+05	0.00
1593	IS-MCTS	Random	1	0	1	13099	552669441	4.22e+04	1.00	96	13161950	1.37e+05	0.00
1594	IS-MCTS	Random	1	0	1	8469	359806812	4.25e+04	1.00	90	12389726	1.38e+05	0.00
1595	IS-MCTS	Random	0	1	1	7695	332374276	4.32e+04	0.00	94	13085651	1.39e+05	1.00
1596	IS-MCTS	Random	0	1	1	11447	483658602	4.23e+04	0.00	95	10970925	1.15e+05	1.00
1597	IS-MCTS	Random	0	1	1	12319	508789630	4.13e+04	0.00	98	14096864	1.44e+05	1.00
1598	IS-MCTS	Random	0	1	1	6703	287429167	4.29e+04	0.00	92	12722889	1.38e+05	1.00
1599	IS-MCTS	Random	1	0	1	8467	370875358	4.38e+04	1.00	90	12235669	1.36e+05	0.00
1600	IS-MCTS	Random	0	1	1	9549	391786690	4.10e+04	0.00	96	12704919	1.32e+05	1.00
1601	IS-MCTS	Random	2	0	2	6947	303138680	4.36e+04	1.00	91	12796998	1.41e+05	0.00
1602	IS-MCTS	Random	1	0	1	9929	407474121	4.10e+04	1.00	96	13324593	1.39e+05	0.00
1603	IS-MCTS	Random	0	2	2	4879	217599429	4.46e+04	0.00	85	11662422	1.37e+05	1.00
1604	IS-MCTS	Random	1	0	1	18208	697088220	3.83e+04	1.00	98	13507688	1.38e+05	0.00
1605	IS-MCTS	Random	0	3	3	7389	302723743	4.10e+04	0.00	88	9351580	1.06e+05	1.00
1606	IS-MCTS	Random	0	2	2	6771	256585798	3.79e+04	0.00	92	10826333	1.18e+05	1.00
1607	IS-MCTS	Random	1	0	1	10097	418912913	4.15e+04	1.00	93	12660442	1.36e+05	0.00
1608	IS-MCTS	Random	0	2	2	7390	316628313	4.28e+04	0.00	93	12996192	1.40e+05	1.00
1609	IS-MCTS	Random	1	0	1	7946	321357956	4.04e+04	1.00	92	12590488	1.37e+05	0.00
1610	IS-MCTS	Random	0	1	1	14776	593845061	4.02e+04	0.00	97	11215608	1.16e+05	1.00
1611	IS-MCTS	Random	0	1	1	12218	497805348	4.07e+04	0.00	96	13309318	1.39e+05	1.00
1612	IS-MCTS	Random	0	1	1	9016	370919417	4.11e+04	0.00	93	12590927	1.35e+05	1.00
1613	IS-MCTS	Random	1	0	1	10164	421554543	4.15e+04	1.00	81	11001783	1.36e+05	0.00
1614	IS-MCTS	Random	0	1	1	18966	732361363	3.86e+04	0.00	97	13251379	1.37e+05	1.00
1615	IS-MCTS	Random	1	0	1	10245	384972148	3.76e+04	1.00	95	11353237	1.20e+05	0.00
1616	IS-MCTS	Random	3	0	3	6450	254948664	3.95e+04	1.00	90	11063806	1.23e+05	0.00
1617	IS-MCTS	Random	2	0	2	9393	389532838	4.15e+04	1.00	84	10887431	1.30e+05	0.00
1618	IS-MCTS	Random	0	1	1	6596	267119031	4.05e+04	0.00	91	11975507	1.32e+05	1.00
1619	IS-MCTS	Random	0	2	2	5245	226091945	4.31e+04	0.00	88	11593870	1.32e+05	1.00
1620	IS-MCTS	Random	1	0	1	8262	327730845	3.97e+04	1.00	89	11521562	1.29e+05	0.00
1621	IS-MCTS	Random	1	0	1	11325	407751443	3.60e+04	1.00	95	11290003	1.19e+05	0.00
1622	IS-MCTS	Random	0	4	4	4288	168836833	3.94e+04	0.00	77	9115383	1.18e+05	1.00
1623	IS-MCTS	Random	2	0	2	6853	267038251	3.90e+04	1.00	86	8311561	9.66e+04	0.00
1624	IS-MCTS	Random	1	0	1	12493	448738582	3.59e+04	1.00	95	11634752	1.22e+05	0.00
1625	IS-MCTS	Random	0	3	3	5703	226443564	3.97e+04	0.00	86	10390986	1.21e+05	1.00
1626	IS-MCTS	Random	1	0	1	8680	328639614	3.79e+04	1.00	91	11155643	1.23e+05	0.00
1627	IS-MCTS	Random	4	0	4	5715	217012549	3.80e+04	1.00	81	9154226	1.13e+05	0.00
1628	IS-MCTS	Random	5	0	5	10364	384752845	3.71e+04	1.00	80	7293396	9.12e+04	0.00
1629	IS-MCTS	Random	1	0	1	13505	476763324	3.53e+04	1.00	98	11313381	1.15e+05	0.00
1630	IS-MCTS	Random	3	0	3	6648	253528514	3.81e+04	1.00	82	9693588	1.18e+05	0.00
1631	IS-MCTS	Random	1	0	1	12179	440701743	3.62e+04	1.00	98	12088770	1.23e+05	0.00
1632	IS-MCTS	Random	1	0	1	14235	520202561	3.65e+04	1.00	99	10494497	1.06e+05	0.00
1633	IS-MCTS	Random	0	1	1	7911	323709003	4.09e+04	0.00	88	12134795	1.38e+05	1.00
1634	IS-MCTS	Random	1	0	1	12521	504890706	4.03e+04	1.00	96	13318771	1.39e+05	0.00
1635	IS-MCTS	Random	2	0	2	10019	414496808	4.14e+04	1.00	90	12532011	1.39e+05	0.00
1636	IS-MCTS	Random	1	0	1	10711	435169413	4.06e+04	1.00	96	12240678	1.28e+05	0.00
1637	IS-MCTS	Random	0	1	1	6214	256387092	4.13e+04	0.00	87	11232483	1.29e+05	1.00
1638	IS-MCTS	Random	2	0	2	9003	343718555	3.82e+04	1.00	92	11325394	1.23e+05	0.00
1639	IS-MCTS	Random	2	0	2	9701	361295926	3.72e+04	1.00	87	10021319	1.15e+05	0.00
1640	IS-MCTS	Random	2	0	2	6704	249106042	3.72e+04	1.00	84	9867241	1.17e+05	0.00
1641	IS-MCTS	Random	1	0	1	7527	333300181	4.43e+04	1.00	91	10239134	1.13e+05	0.00
1642	IS-MCTS	Random	3	0	3	7110	307516928	4.33e+04	1.00	93	12965744	1.39e+05	0.00
1643	IS-MCTS	Random	0	1	1	9698	414154754	4.27e+04	0.00	92	12699503	1.38e+05	1.00
1644	IS-MCTS	Random	1	0	1	12410	502710166	4.05e+04	1.00	95	12687589	1.34e+05	0.00
1645	IS-MCTS	Random	1	0	1	6225	284250725	4.57e+04	1.00	85	11892438	1.40e+05	0.00
1646	IS-MCTS	Random	2	0	2	7988	344241894	4.31e+04	1.00	94	11458688	1.22e+05	0.00
1647	IS-MCTS	Random	4	0	4	5049	223578628	4.43e+04	1.00	71	9219928	1.30e+05	0.00
1648	IS-MCTS	Random	0	5	5	4638	203595997	4.39e+04	0.00	80	10376330	1.30e+05	1.00
1649	IS-MCTS	Random	1	0	1	11355	465379165	4.10e+04	1.00	92	12750085	1.39e+05	0.00
1650	IS-MCTS	Random	1	0	1	10950	454687150	4.15e+04	1.00	98	13525005	1.38e+05	0.00
1651	IS-MCTS	Random	2	0	2	11381	473546117	4.16e+04	1.00	97	10681310	1.10e+05	0.00
1652	IS-MCTS	Random	0	2	2	5036	200953428	3.99e+04	0.00	84	10524054	1.25e+05	1.00
1653	IS-MCTS	Random	0	4	4	3986	168023754	4.22e+04	0.00	80	9998985	1.25e+05	1.00
1654	IS-MCTS	Random	0	1	1	10619	458203001	4.31e+04	0.00	97	13557975	1.40e+05	1.00
1655	IS-MCTS	Random	0	3	3	6759	318005270	4.70e+04	0.00	93	13347917	1.44e+05	1.00
1656	IS-MCTS	Random	0	1	1	9512	410029877	4.31e+04	0.00	91	10305128	1.13e+05	1.00
1657	IS-MCTS	Random	0	3	3	3997	182515594	4.57e+04	0.00	73	9730691	1.33e+05	1.00
1658	IS-MCTS	Random	0	1	1	9280	388376396	4.19e+04	0.00	93	12997821	1.40e+05	1.00
1659	IS-MCTS	Random	1	0	1	12113	506633698	4.18e+04	1.00	96	13162838	1.37e+05	0.00
1660	IS-MCTS	Random	0	1	1	8333	356628754	4.28e+04	0.00	93	12701899	1.37e+05	1.00
1661	IS-MCTS	Random	0	1	1	12977	542488165	4.18e+04	0.00	97	13461936	1.39e+05	1.00
1662	IS-MCTS	Random	0	3	3	4389	198470141	4.52e+04	0.00	80	10914933	1.36e+05	1.00
1663	IS-MCTS	Random	0	2	2	6757	295232210	4.37e+04	0.00	86	11655723	1.36e+05	1.00
1664	IS-MCTS	Random	1	0	1	10601	440726244	4.16e+04	1.00	95	13192521	1.39e+05	0.00
1665	IS-MCTS	Random	0	2	2	7949	345595573	4.35e+04	0.00	92	12038379	1.31e+05	1.00
1666	IS-MCTS	Random	3	0	3	10953	456876389	4.17e+04	1.00	92	12562241	1.37e+05	0.00
1667	IS-MCTS	Random	0	1	1	16588	684633945	4.13e+04	0.00	98	13308666	1.36e+05	1.00
1668	IS-MCTS	Random	1	0	1	11401	459736479	4.03e+04	1.00	99	13591334	1.37e+05	0.00
1669	IS-MCTS	Random	0	2	2	5857	297943099	5.09e+04	0.00	90	11454903	1.27e+05	1.00
1670	IS-MCTS	Random	2	0	2	10465	436735602	4.17e+04	1.00	91	12057951	1.33e+05	0.00
1671	IS-MCTS	Random	0	2	2	7488	319775276	4.27e+04	0.00	92	12615763	1.37e+05	1.00
1672	IS-MCTS	Random	0	2	2	8201	344521896	4.20e+04	0.00	90	11945126	1.33e+05	1.00
1673	IS-MCTS	Random	0	1	1	5820	255355210	4.39e+04	0.00	88	11843694	1.35e+05	1.00
1674	IS-MCTS	Random	2	0	2	8804	365326292	4.15e+04	1.00	96	12060623	1.26e+05	0.00
1675	IS-MCTS	Random	0	1	1	8745	352192029	4.03e+04	0.00	95	12473482	1.31e+05	1.00
1676	IS-MCTS	Random	0	1	1	13789	494115178	3.58e+04	0.00	98	12480510	1.27e+05	1.00
1677	IS-MCTS	Random	0	2	2	7578	317552921	4.19e+04	0.00	94	11661391	1.24e+05	1.00
1678	IS-MCTS	Random	1	0	1	5305	235328885	4.44e+04	1.00	77	10251971	1.33e+05	0.00
1679	IS-MCTS	Random	1	0	1	12112	492912819	4.07e+04	1.00	93	10852137	1.17e+05	0.00
1680	IS-MCTS	Random	0	1	1	16394	654244388	3.99e+04	0.00	97	13403685	1.38e+05	1.00
1681	IS-MCTS	Random	0	1	1	10160	423431111	4.17e+04	0.00	96	13127554	1.37e+05	1.00
1682	IS-MCTS	Random	4	0	4	10392	433664585	4.17e+04	1.00	89	11643919	1.31e+05	0.00
1683	IS-MCTS	Random	4	0	4	6061	267357320	4.41e+04	1.00	84	9304095	1.11e+05	0.00
1684	IS-MCTS	Random	0	2	2	8464	356296831	4.21e+04	0.00	95	12893918	1.36e+05	1.00
1685	IS-MCTS	Random	1	0	1	19233	738757525	3.84e+04	1.00	98	13129668	1.34e+05	0.00
1686	IS-MCTS	Random	2	0	2	9061	357370926	3.94e+04	1.00	95	12422010	1.31e+05	0.00
1687	IS-MCTS	Random	1	0	1	8686	349284885	4.02e+04	1.00	91	9429783	1.04e+05	0.00
1688	IS-MCTS	Random	1	0	1	9581	404518667	4.22e+04	1.00	99	14037603	1.42e+05	0.00
1689	IS-MCTS	Random	0	2	2	6646	288994635	4.35e+04	0.00	90	12606684	1.40e+05	1.00
1690	IS-MCTS	Random	0	1	1	8826	371569491	4.21e+04	0.00	96	12961335	1.35e+05	1.00
1691	IS-MCTS	Random	3	0	3	6090	266204864	4.37e+04	1.00	80	10816074	1.35e+05	0.00
1692	IS-MCTS	Random	1	0	1	13192	539206521	4.09e+04	1.00	95	10947685	1.15e+05	0.00
1693	IS-MCTS	Random	1	0	1	12427	509301098	4.10e+04	1.00	96	13181738	1.37e+05	0.00
1694	IS-MCTS	Random	1	0	1	15638	616184795	3.94e+04	1.00	98	13339463	1.36e+05	0.00
1695	IS-MCTS	Random	0	3	3	5056	223970195	4.43e+04	0.00	87	11835666	1.36e+05	1.00
1696	IS-MCTS	Random	1	0	1	8613	334580384	3.88e+04	1.00	93	10771110	1.16e+05	0.00
1697	IS-MCTS	Random	0	1	1	14093	566190109	4.02e+04	0.00	95	13108670	1.38e+05	1.00
1698	IS-MCTS	Random	0	1	1	12039	468949409	3.90e+04	0.00	96	12957654	1.35e+05	1.00
1699	IS-MCTS	Random	3	0	3	6128	240151234	3.92e+04	1.00	87	10870453	1.25e+05	0.00
1700	IS-MCTS	Random	2	0	2	7565	293008805	3.87e+04	1.00	92	10856346	1.18e+05	0.00
1701	IS-MCTS	Random	3	0	3	12770	479169420	3.75e+04	1.00	95	11497064	1.21e+05	0.00
1702	IS-MCTS	Random	1	0	1	10004	360159179	3.60e+04	1.00	95	11661224	1.23e+05	0.00
1703	IS-MCTS	Random	1	0	1	7190	270397165	3.76e+04	1.00	91	11238970	1.24e+05	0.00
1704	IS-MCTS	Random	1	0	1	9435	356916910	3.78e+04	1.00	90	10960820	1.22e+05	0.00
1705	IS-MCTS	Random	0	2	2	6623	272599634	4.12e+04	0.00	89	10049784	1.13e+05	1.00
1706	IS-MCTS	Random	1	0	1	14626	527939086	3.61e+04	1.00	96	12484060	1.30e+05	0.00
1707	IS-MCTS	Random	1	0	1	15117	588335154	3.89e+04	1.00	95	11781300	1.24e+05	0.00
1708	IS-MCTS	Random	0	3	3	6083	264567506	4.35e+04	0.00	92	12558501	1.37e+05	1.00
1709	IS-MCTS	Random	0	1	1	11863	469188856	3.96e+04	0.00	98	11057932	1.13e+05	1.00
1710	IS-MCTS	Random	0	2	2	6997	278752932	3.98e+04	0.00	92	12386586	1.35e+05	1.00
1711	IS-MCTS	Random	0	2	2	5027	194695113	3.87e+04	0.00	84	10020855	1.19e+05	1.00
1712	IS-MCTS	Random	0	5	5	4710	208351087	4.42e+04	0.00	83	11330985	1.37e+05	1.00
1713	IS-MCTS	Random	1	0	1	11396	483625815	4.24e+04	1.00	95	13368305	1.41e+05	0.00
1714	IS-MCTS	Random	1	0	1	17395	710576860	4.08e+04	1.00	96	10898880	1.14e+05	0.00
1715	IS-MCTS	Random	2	0	2	10952	465221813	4.25e+04	1.00	93	12471113	1.34e+05	0.00
1716	IS-MCTS	Random	3	0	3	7162	308876031	4.31e+04	1.00	82	10924588	1.33e+05	0.00
1717	IS-MCTS	Random	1	0	1	7662	331847612	4.33e+04	1.00	92	12722279	1.38e+05	0.00
1718	IS-MCTS	Random	1	0	1	7405	322225215	4.35e+04	1.00	92	10920473	1.19e+05	0.00
1719	IS-MCTS	Random	0	2	2	8708	370903730	4.26e+04	0.00	95	13206351	1.39e+05	1.00
1720	IS-MCTS	Random	0	3	3	7065	297375904	4.21e+04	0.00	91	12277013	1.35e+05	1.00
1721	IS-MCTS	Random	0	1	1	10797	452901215	4.19e+04	0.00	94	13030174	1.39e+05	1.00
1722	IS-MCTS	Random	0	1	1	11281	495928658	4.40e+04	0.00	92	12389789	1.35e+05	1.00
1723	IS-MCTS	Random	0	2	2	9938	428134818	4.31e+04	0.00	95	13013176	1.37e+05	1.00
1724	IS-MCTS	Random	2	0	2	13224	547559018	4.14e+04	1.00	97	13571332	1.40e+05	0.00
1725	IS-MCTS	Random	0	5	5	5286	237096648	4.49e+04	0.00	81	10865638	1.34e+05	1.00
1726	IS-MCTS	Random	2	0	2	7781	336754592	4.33e+04	1.00	92	12549367	1.36e+05	0.00
1727	IS-MCTS	Random	0	2	2	9329	390009256	4.18e+04	0.00	96	11199068	1.17e+05	1.00
1728	IS-MCTS	Random	1	0	1	11082	474748958	4.28e+04	1.00	96	13432338	1.40e+05	0.00
1729	IS-MCTS	Random	0	1	1	8727	376114685	4.31e+04	0.00	88	12089875	1.37e+05	1.00
1730	IS-MCTS	Random	2	0	2	12734	541022787	4.25e+04	1.00	85	11762628	1.38e+05	0.00
1731	IS-MCTS	Random	1	0	1	14182	573631900	4.04e+04	1.00	97	11494561	1.19e+05	0.00
1732	IS-MCTS	Random	1	0	1	11970	486032781	4.06e+04	1.00	94	13013549	1.38e+05	0.00
1733	IS-MCTS	Random	1	0	1	13434	526950459	3.92e+04	1.00	97	13403581	1.38e+05	0.00
1734	IS-MCTS	Random	0	1	1	9101	378333311	4.16e+04	0.00	94	12829506	1.36e+05	1.00
1735	IS-MCTS	Random	0	3	3	6474	283008414	4.37e+04	0.00	92	10299580	1.12e+05	1.00
1736	IS-MCTS	Random	1	0	1	7049	296916433	4.21e+04	1.00	91	11671241	1.28e+05	0.00
1737	IS-MCTS	Random	0	5	5	3893	169839945	4.36e+04	0.00	72	9004599	1.25e+05	1.00
1738	IS-MCTS	Random	1	0	1	16488	632647112	3.84e+04	1.00	98	13065578	1.33e+05	0.00
1739	IS-MCTS	Random	2	0	2	9916	401918442	4.05e+04	1.00	95	12707275	1.34e+05	0.00
1740	IS-MCTS	Random	3	0	3	6534	259663102	3.97e+04	1.00	90	9409955	1.05e+05	0.00
1741	IS-MCTS	Random	3	0	3	7071	289570415	4.10e+04	1.00	88	11036727	1.25e+05	0.00
1742	IS-MCTS	Random	1	0	1	9239	388080183	4.20e+04	1.00	90	12656682	1.41e+05	0.00
1743	IS-MCTS	Random	0	2	2	8495	355503134	4.18e+04	0.00	96	12962235	1.35e+05	1.00
1744	IS-MCTS	Random	2	0	2	12112	530960901	4.38e+04	1.00	96	12343519	1.29e+05	0.00
1745	IS-MCTS	Random	1	0	1	13351	481300246	3.60e+04	1.00	97	11617800	1.20e+05	0.00
1746	IS-MCTS	Random	2	0	2	10180	435014630	4.27e+04	1.00	88	12164382	1.38e+05	0.00
1747	IS-MCTS	Random	2	0	2	11440	469917923	4.11e+04	1.00	98	13716052	1.40e+05	0.00
1748	IS-MCTS	Random	0	2	2	4877	215932225	4.43e+04	0.00	81	10791157	1.33e+05	1.00
1749	IS-MCTS	Random	2	0	2	10172	410164561	4.03e+04	1.00	98	10890685	1.11e+05	0.00
1750	IS-MCTS	Random	3	0	3	6026	247489793	4.11e+04	1.00	86	10746762	1.25e+05	0.00
1751	IS-MCTS	Random	0	1	1	10538	404026805	3.83e+04	0.00	95	12198052	1.28e+05	1.00
1752	IS-MCTS	Random	1	0	1	12432	448386649	3.61e+04	1.00	97	11985466	1.24e+05	0.00
1753	IS-MCTS	Random	0	2	2	6303	245475511	3.89e+04	0.00	91	10889878	1.20e+05	1.00
1754	IS-MCTS	Random	0	1	1	12212	451492641	3.70e+04	0.00	91	11050285	1.21e+05	1.00
1755	IS-MCTS	Random	2	0	2	7983	307406781	3.85e+04	1.00	94	11888649	1.26e+05	0.00
1756	IS-MCTS	Random	2	0	2	13692	528975475	3.86e+04	1.00	97	12856337	1.33e+05	0.00
1757	IS-MCTS	Random	1	0	1	9330	377966547	4.05e+04	1.00	87	11716602	1.35e+05	0.00
1758	IS-MCTS	Random	2	0	2	9001	380430021	4.23e+04	1.00	92	12802538	1.39e+05	0.00
1759	IS-MCTS	Random	3	0	3	7793	329370131	4.23e+04	1.00	89	12290652	1.38e+05	0.00
1760	IS-MCTS	Random	6	0	6	5018	219326127	4.37e+04	1.00	75	10139679	1.35e+05	0.00
1761	IS-MCTS	Random	1	0	1	10768	439341067	4.08e+04	1.00	91	12660108	1.39e+05	0.00
1762	IS-MCTS	Random	1	0	1	13794	506714234	3.67e+04	1.00	96	11388533	1.19e+05	0.00
1763	IS-MCTS	Random	2	0	2	8972	338755037	3.78e+04	1.00	86	10305318	1.20e+05	0.00
1764	IS-MCTS	Random	0	1	1	12201	444119181	3.64e+04	0.00	98	12219550	1.25e+05	1.00
1765	IS-MCTS	Random	0	1	1	10245	441326376	4.31e+04	0.00	93	13421739	1.44e+05	1.00
1766	IS-MCTS	Random	0	1	1	10501	476132820	4.53e+04	0.00	90	11403732	1.27e+05	1.00
1767	IS-MCTS	Random	2	0	2	11625	507892270	4.37e+04	1.00	93	13254561	1.43e+05	0.00
1768	IS-MCTS	Random	3	0	3	7518	330415879	4.39e+04	1.00	94	12777261	1.36e+05	0.00
1769	IS-MCTS	Random	1	0	1	16073	664447522	4.13e+04	1.00	99	13954461	1.41e+05	0.00
1770	IS-MCTS	Random	3	0	3	8629	373776770	4.33e+04	1.00	91	10642187	1.17e+05	0.00
1771	IS-MCTS	Random	2	0	2	12454	526190515	4.23e+04	1.00	96	13716792	1.43e+05	0.00
1772	IS-MCTS	Random	1	0	1	9383	391057249	4.17e+04	1.00	95	13243939	1.39e+05	0.00
1773	IS-MCTS	Random	2	0	2	9956	427585623	4.29e+04	1.00	96	13629418	1.42e+05	0.00
1774	IS-MCTS	Random	2	0	2	6409	275626089	4.30e+04	1.00	83	11090655	1.34e+05	0.00
1775	IS-MCTS	Random	2	0	2	8705	382542818	4.39e+04	1.00	89	12212804	1.37e+05	0.00
1776	IS-MCTS	Random	3	0	3	6954	296144750	4.26e+04	1.00	80	10528318	1.32e+05	0.00
1777	IS-MCTS	Random	1	0	1	11558	477267543	4.13e+04	1.00	96	13289247	1.38e+05	0.00
1778	IS-MCTS	Random	4	0	4	9568	389259213	4.07e+04	1.00	80	10371114	1.30e+05	0.00
1779	IS-MCTS	Random	0	2	2	6887	264545264	3.84e+04	0.00	88	9033328	1.03e+05	1.00
1780	IS-MCTS	Random	1	0	1	12063	486205895	4.03e+04	1.00	95	12227659	1.29e+05	0.00
1781	IS-MCTS	Random	2	0	2	8833	386902702	4.38e+04	1.00	94	13601476	1.45e+05	0.00
1782	IS-MCTS	Random	0	3	3	7075	311338606	4.40e+04	0.00	94	12832339	1.37e+05	1.00
1783	IS-MCTS	Random	0	1	1	8620	379007075	4.40e+04	0.00	96	13717628	1.43e+05	1.00
1784	IS-MCTS	Random	0	1	1	7635	324841798	4.25e+04	0.00	91	10954877	1.20e+05	1.00
1785	IS-MCTS	Random	1	0	1	12036	520093361	4.32e+04	1.00	97	13960133	1.44e+05	0.00
1786	IS-MCTS	Random	3	0	3	6014	268257635	4.46e+04	1.00	83	11597040	1.40e+05	0.00
1787	IS-MCTS	Random	1	0	1	11125	474225837	4.26e+04	1.00	93	13115950	1.41e+05	0.00
1788	IS-MCTS	Random	1	0	1	13880	556184128	4.01e+04	1.00	98	12242798	1.25e+05	0.00
1789	IS-MCTS	Random	1	0	1	8341	357536903	4.29e+04	1.00	91	12608863	1.39e+05	0.00
1790	IS-MCTS	Random	1	0	1	9129	381670069	4.18e+04	1.00	93	13190948	1.42e+05	0.00
1791	IS-MCTS	Random	2	0	2	7065	306803779	4.34e+04	1.00	92	12914519	1.40e+05	0.00
1792	IS-MCTS	Random	4	0	4	6497	291083410	4.48e+04	1.00	84	11744389	1.40e+05	0.00
1793	IS-MCTS	Random	2	0	2	7216	313417248	4.34e+04	1.00	92	10603144	1.15e+05	0.00
1794	IS-MCTS	Random	1	0	1	14630	596470263	4.08e+04	1.00	92	12627296	1.37e+05	0.00
1795	IS-MCTS	Random	1	0	1	11835	493362413	4.17e+04	1.00	88	12224752	1.39e+05	0.00
1796	IS-MCTS	Random	1	0	1	10495	421570138	4.02e+04	1.00	91	12387418	1.36e+05	0.00
1797	IS-MCTS	Random	0	2	2	10618	398341651	3.75e+04	0.00	95	9992480	1.05e+05	1.00
1798	IS-MCTS	Random	5	0	5	10206	445685943	4.37e+04	1.00	91	13051475	1.43e+05	0.00
1799	IS-MCTS	Random	0	2	2	6091	271536661	4.46e+04	0.00	85	11878386	1.40e+05	1.00
1800	IS-MCTS	Random	1	0	1	8011	346543180	4.33e+04	1.00	90	12546761	1.39e+05	0.00
1801	IS-MCTS	Random	3	0	3	8345	429390246	5.15e+04	1.00	89	12131185	1.36e+05	0.00
1802	IS-MCTS	Random	2	0	2	9496	409967229	4.32e+04	1.00	96	13801517	1.44e+05	0.00
1803	IS-MCTS	Random	2	0	2	9164	395447403	4.32e+04	1.00	97	13301781	1.37e+05	0.00
1804	IS-MCTS	Random	3	0	3	6401	281396818	4.40e+04	1.00	87	11955814	1.37e+05	0.00
1805	IS-MCTS	Random	1	0	1	10662	456153064	4.28e+04	1.00	99	14366642	1.45e+05	0.00
1806	IS-MCTS	Random	0	1	1	8542	392799388	4.60e+04	0.00	90	10420748	1.16e+05	1.00
1807	IS-MCTS	Random	0	1	1	3835	177000196	4.62e+04	0.00	77	10678969	1.39e+05	1.00
1808	IS-MCTS	Random	1	0	1	14655	601274055	4.10e+04	1.00	99	14204577	1.43e+05	0.00
1809	IS-MCTS	Random	2	0	2	9492	399773663	4.21e+04	1.00	96	13371432	1.39e+05	0.00
1810	IS-MCTS	Random	2	0	2	7979	341906221	4.29e+04	1.00	92	12567759	1.37e+05	0.00
1811	IS-MCTS	Random	2	0	2	8503	358715928	4.22e+04	1.00	95	11158647	1.17e+05	0.00
1812	IS-MCTS	Random	1	0	1	15091	583493451	3.87e+04	1.00	97	13548598	1.40e+05	0.00
1813	IS-MCTS	Random	0	2	2	8867	355015760	4.00e+04	0.00	96	12648544	1.32e+05	1.00
1814	IS-MCTS	Random	2	0	2	8265	318031621	3.85e+04	1.00	95	11538653	1.21e+05	0.00
1815	IS-MCTS	Random	0	3	3	4526	208384515	4.60e+04	0.00	83	10310398	1.24e+05	1.00
1816	IS-MCTS	Random	0	2	2	8408	364329043	4.33e+04	0.00	95	13594569	1.43e+05	1.00
1817	IS-MCTS	Random	0	1	1	18337	722870215	3.94e+04	0.00	99	14068759	1.42e+05	1.00
1818	IS-MCTS	Random	0	1	1	13333	555315647	4.16e+04	0.00	95	13608960	1.43e+05	1.00
1819	IS-MCTS	Random	1	0	1	7658	328248600	4.29e+04	1.00	88	11544846	1.31e+05	0.00
1820	IS-MCTS	Random	3	0	3	10684	465463285	4.36e+04	1.00	87	12599419	1.45e+05	0.00
1821	IS-MCTS	Random	0	1	1	13669	561166320	4.11e+04	0.00	98	14096440	1.44e+05	1.00
1822	IS-MCTS	Random	0	1	1	19762	769162202	3.89e+04	0.00	99	13989840	1.41e+05	1.00
1823	IS-MCTS	Random	2	0	2	8922	390152879	4.37e+04	1.00	95	10993433	1.16e+05	0.00
1824	IS-MCTS	Random	0	1	1	8992	375486878	4.18e+04	0.00	95	13246672	1.39e+05	1.00
1825	IS-MCTS	Random	0	1	1	8464	364550001	4.31e+04	0.00	95	13270541	1.40e+05	1.00
1826	IS-MCTS	Random	2	0	2	9562	411507103	4.30e+04	1.00	94	13326764	1.42e+05	0.00
1827	IS-MCTS	Random	0	1	1	8579	375274545	4.37e+04	0.00	88	12059041	1.37e+05	1.00
1828	IS-MCTS	Random	1	0	1	12105	489976123	4.05e+04	1.00	95	13219034	1.39e+05	0.00
1829	IS-MCTS	Random	0	1	1	8221	346461645	4.21e+04	0.00	96	13215276	1.38e+05	1.00
1830	IS-MCTS	Random	2	0	2	9123	361102112	3.96e+04	1.00	94	12379073	1.32e+05	0.00
1831	IS-MCTS	Random	0	1	1	7679	317355454	4.13e+04	0.00	89	11332125	1.27e+05	1.00
1832	IS-MCTS	Random	4	0	4	5883	263060845	4.47e+04	1.00	84	10518385	1.25e+05	0.00
1833	IS-MCTS	Random	1	0	1	8334	370587194	4.45e+04	1.00	90	12657490	1.41e+05	0.00
1834	IS-MCTS	Random	0	1	1	7548	328006463	4.35e+04	0.00	92	12732096	1.38e+05	1.00
1835	IS-MCTS	Random	4	0	4	5069	231112466	4.56e+04	1.00	79	10826794	1.37e+05	0.00
1836	IS-MCTS	Random	2	0	2	8946	380915258	4.26e+04	1.00	93	13288430	1.43e+05	0.00
1837	IS-MCTS	Random	0	3	3	5551	266722544	4.80e+04	0.00	84	11528731	1.37e+05	1.00
1838	IS-MCTS	Random	0	1	1	11064	457088864	4.13e+04	0.00	95	13398893	1.41e+05	1.00
1839	IS-MCTS	Random	1	0	1	9558	403186725	4.22e+04	1.00	96	13344458	1.39e+05	0.00
1840	IS-MCTS	Random	1	0	1	12589	516720785	4.10e+04	1.00	98	13565552	1.38e+05	0.00
1841	IS-MCTS	Random	1	0	1	8260	348926939	4.22e+04	1.00	90	12354677	1.37e+05	0.00
1842	IS-MCTS	Random	1	0	1	14973	610926524	4.08e+04	1.00	93	10310994	1.11e+05	0.00
1843	IS-MCTS	Random	2	0	2	8203	354561977	4.32e+04	1.00	95	13337762	1.40e+05	0.00
1844	IS-MCTS	Random	1	0	1	11024	450925823	4.09e+04	1.00	93	12601006	1.35e+05	0.00
1845	IS-MCTS	Random	1	0	1	12034	479879673	3.99e+04	1.00	98	13621320	1.39e+05	0.00
1846	IS-MCTS	Random	0	2	2	7486	317237652	4.24e+04	0.00	93	10227262	1.10e+05	1.00
1847	IS-MCTS	Random	2	0	2	11581	451320141	3.90e+04	1.00	97	12943570	1.33e+05	0.00
1848	IS-MCTS	Random	1	0	1	10016	369116780	3.69e+04	1.00	99	12115041	1.22e+05	0.00
1849	IS-MCTS	Random	0	2	2	10712	451911825	4.22e+04	0.00	96	13383578	1.39e+05	1.00
1850	IS-MCTS	Random	2	0	2	6512	285034478	4.38e+04	1.00	86	10123896	1.18e+05	0.00
1851	IS-MCTS	Random	2	0	2	10212	425745816	4.17e+04	1.00	97	13297935	1.37e+05	0.00
1852	IS-MCTS	Random	0	3	3	8314	348669942	4.19e+04	0.00	96	13061443	1.36e+05	1.00
1853	IS-MCTS	Random	1	0	1	10624	443100693	4.17e+04	1.00	97	13295406	1.37e+05	0.00
1854	IS-MCTS	Random	1	0	1	11387	478171995	4.20e+04	1.00	94	12924365	1.37e+05	0.00
1855	IS-MCTS	Random	2	0	2	4658	206114751	4.42e+04	1.00	76	10324646	1.36e+05	0.00
1856	IS-MCTS	Random	2	0	2	10511	429421166	4.09e+04	1.00	92	12435102	1.35e+05	0.00
1857	IS-MCTS	Random	2	0	2	7886	330793117	4.19e+04	1.00	93	12533058	1.35e+05	0.00
1858	IS-MCTS	Random	0	3	3	8349	324282868	3.88e+04	0.00	96	12111496	1.26e+05	1.00
1859	IS-MCTS	Random	2	0	2	6043	254208859	4.21e+04	1.00	87	11392881	1.31e+05	0.00
1860	IS-MCTS	Random	0	2	2	6444	261579771	4.06e+04	0.00	88	9685656	1.10e+05	1.00
1861	IS-MCTS	Random	0	1	1	10438	413400381	3.96e+04	0.00	96	12765136	1.33e+05	1.00
1862	IS-MCTS	Random	0	2	2	8581	339324418	3.95e+04	0.00	95	12297002	1.29e+05	1.00
1863	IS-MCTS	Random	2	0	2	8310	326999227	3.94e+04	1.00	87	11167935	1.28e+05	0.00
1864	IS-MCTS	Random	0	1	1	7253	364222396	5.02e+04	0.00	87	9903854	1.14e+05	1.00
1865	IS-MCTS	Random	2	0	2	7211	281425708	3.90e+04	1.00	82	9689626	1.18e+05	0.00
1866	IS-MCTS	Random	2	0	2	6004	232755246	3.88e+04	1.00	88	10713795	1.22e+05	0.00
1867	IS-MCTS	Random	0	2	2	8333	317778786	3.81e+04	0.00	94	11177486	1.19e+05	1.00
1868	IS-MCTS	Random	2	0	2	4908	194977222	3.97e+04	1.00	82	9796496	1.19e+05	0.00
1869	IS-MCTS	Random	0	1	1	8299	317371698	3.82e+04	0.00	94	11951934	1.27e+05	1.00
1870	IS-MCTS	Random	1	0	1	11819	424433717	3.59e+04	1.00	92	8922719	9.70e+04	0.00
1871	IS-MCTS	Random	0	1	1	8006	298806788	3.73e+04	0.00	88	10298907	1.17e+05	1.00
1872	IS-MCTS	Random	1	0	1	11730	414279051	3.53e+04	1.00	95	11268498	1.19e+05	0.00
1873	IS-MCTS	Random	1	0	1	11021	389085529	3.53e+04	1.00	97	11495755	1.19e+05	0.00
1874	IS-MCTS	Random	0	3	3	5541	212213132	3.83e+04	0.00	87	8048589	9.25e+04	1.00
1875	IS-MCTS	Random	0	3	3	5572	216972044	3.89e+04	0.00	87	10376016	1.19e+05	1.00
1876	IS-MCTS	Random	0	1	1	11954	438263960	3.67e+04	0.00	98	11850431	1.21e+05	1.00
1877	IS-MCTS	Random	0	3	3	5150	206607650	4.01e+04	0.00	84	10251085	1.22e+05	1.00
1878	IS-MCTS	Random	1	0	1	10687	417200608	3.90e+04	1.00	92	12461233	1.35e+05	0.00
1879	IS-MCTS	Random	0	2	2	9043	398858778	4.41e+04	0.00	96	11364060	1.18e+05	1.00
1880	IS-MCTS	Random	2	0	2	14356	566188056	3.94e+04	1.00	98	13706726	1.40e+05	0.00
1881	IS-MCTS	Random	1	0	1	12802	511586224	4.00e+04	1.00	98	13889503	1.42e+05	0.00
1882	IS-MCTS	Random	2	0	2	9394	370679435	3.95e+04	1.00	94	12751097	1.36e+05	0.00
1883	IS-MCTS	Random	1	0	1	8578	324622597	3.78e+04	1.00	93	9481528	1.02e+05	0.00
1884	IS-MCTS	Random	2	0	2	7626	280284920	3.68e+04	1.00	91	10450697	1.15e+05	0.00
1885	IS-MCTS	Random	2	0	2	7702	285784281	3.71e+04	1.00	91	10976104	1.21e+05	0.00
1886	IS-MCTS	Random	2	0	2	10245	430953257	4.21e+04	1.00	89	11960269	1.34e+05	0.00
1887	IS-MCTS	Random	1	0	1	12154	496862235	4.09e+04	1.00	97	13380758	1.38e+05	0.00
1888	IS-MCTS	Random	0	1	1	10350	418384802	4.04e+04	0.00	94	13049103	1.39e+05	1.00
1889	IS-MCTS	Random	0	4	4	5536	247634937	4.47e+04	0.00	86	11797227	1.37e+05	1.00
1890	IS-MCTS	Random	0	3	3	5331	237112776	4.45e+04	0.00	89	12334899	1.39e+05	1.00
1891	IS-MCTS	Random	7	0	7	4473	200301852	4.48e+04	1.00	75	10083783	1.34e+05	0.00
1892	IS-MCTS	Random	1	0	1	9974	420694140	4.22e+04	1.00	91	12717915	1.40e+05	0.00
1893	IS-MCTS	Random	1	0	1	12699	522808500	4.12e+04	1.00	97	11164535	1.15e+05	0.00
1894	IS-MCTS	Random	3	0	3	9882	451272596	4.57e+04	1.00	88	12723270	1.45e+05	0.00
1895	IS-MCTS	Random	0	2	2	7349	320168861	4.36e+04	0.00	91	12540319	1.38e+05	1.00
1896	IS-MCTS	Random	1	0	1	9671	405334996	4.19e+04	1.00	94	13048711	1.39e+05	0.00
1897	IS-MCTS	Random	1	0	1	10533	464050008	4.41e+04	1.00	93	11539745	1.24e+05	0.00
1898	IS-MCTS	Random	2	0	2	10307	437313969	4.24e+04	1.00	93	13173378	1.42e+05	0.00
1899	IS-MCTS	Random	1	0	1	10781	474118179	4.40e+04	1.00	93	13071345	1.41e+05	0.00
1900	IS-MCTS	Random	0	1	1	13382	542552395	4.05e+04	0.00	98	13863225	1.41e+05	1.00
1901	IS-MCTS	Random	0	1	1	6405	275292726	4.30e+04	0.00	90	10245702	1.14e+05	1.00
1902	IS-MCTS	Random	1	0	1	12339	447825798	3.63e+04	1.00	96	12451094	1.30e+05	0.00
1903	IS-MCTS	Random	2	0	2	10665	447367570	4.19e+04	1.00	93	12388980	1.33e+05	0.00
1904	IS-MCTS	Random	1	0	1	7847	340190925	4.34e+04	1.00	91	12777255	1.40e+05	0.00
1905	IS-MCTS	Random	0	1	1	9238	401125652	4.34e+04	0.00	92	12848171	1.40e+05	1.00
1906	IS-MCTS	Random	1	0	1	15616	622865135	3.99e+04	1.00	98	13858333	1.41e+05	0.00
1907	IS-MCTS	Random	2	0	2	7340	318833108	4.34e+04	1.00	92	13067891	1.42e+05	0.00
1908	IS-MCTS	Random	2	0	2	12660	523924281	4.14e+04	1.00	97	13871003	1.43e+05	0.00
1909	IS-MCTS	Random	0	3	3	6037	269513653	4.46e+04	0.00	91	12651806	1.39e+05	1.00
1910	IS-MCTS	Random	0	1	1	9591	415603772	4.33e+04	0.00	92	10518327	1.14e+05	1.00
1911	IS-MCTS	Random	2	0	2	9409	405314819	4.31e+04	1.00	81	10838786	1.34e+05	0.00
1912	IS-MCTS	Random	0	1	1	11659	485048190	4.16e+04	0.00	94	12963068	1.38e+05	1.00
1913	IS-MCTS	Random	2	0	2	7637	329831820	4.32e+04	1.00	90	12765222	1.42e+05	0.00
1914	IS-MCTS	Random	0	2	2	8829	414215485	4.69e+04	0.00	95	12080594	1.27e+05	1.00
1915	IS-MCTS	Random	0	2	2	6501	283999488	4.37e+04	0.00	87	11704867	1.35e+05	1.00
1916	IS-MCTS	Random	2	0	2	9736	408003599	4.19e+04	1.00	90	12571356	1.40e+05	0.00
1917	IS-MCTS	Random	1	0	1	13293	542127805	4.08e+04	1.00	95	13163283	1.39e+05	0.00
1918	IS-MCTS	Random	2	0	2	11791	517386672	4.39e+04	1.00	95	12541308	1.32e+05	0.00
1919	IS-MCTS	Random	2	0	2	14190	546608956	3.85e+04	1.00	97	11931957	1.23e+05	0.00
1920	IS-MCTS	Random	1	0	1	7805	343363504	4.40e+04	1.00	82	11549500	1.41e+05	0.00
1921	IS-MCTS	Random	0	2	2	6892	304617898	4.42e+04	0.00	87	12225630	1.41e+05	1.00
1922	IS-MCTS	Random	2	0	2	12823	557681071	4.35e+04	1.00	96	13216009	1.38e+05	0.00
1923	IS-MCTS	Random	2	0	2	7452	325652608	4.37e+04	1.00	86	11938929	1.39e+05	0.00
1924	IS-MCTS	Random	2	0	2	6103	274697257	4.50e+04	1.00	88	12090607	1.37e+05	0.00
1925	IS-MCTS	Random	1	0	1	13168	549446136	4.17e+04	1.00	96	13324414	1.39e+05	0.00
1926	IS-MCTS	Random	0	1	1	6236	273219020	4.38e+04	0.00	87	12122007	1.39e+05	1.00
1927	IS-MCTS	Random	0	4	4	6463	291522020	4.51e+04	0.00	90	11863148	1.32e+05	1.00
1928	IS-MCTS	Random	1	0	1	10512	442609471	4.21e+04	1.00	94	13245027	1.41e+05	0.00
1929	IS-MCTS	Random	1	0	1	10879	446950455	4.11e+04	1.00	97	13341571	1.38e+05	0.00
1930	IS-MCTS	Random	1	0	1	10653	447649962	4.20e+04	1.00	93	12946073	1.39e+05	0.00
1931	IS-MCTS	Random	1	0	1	7320	308937254	4.22e+04	1.00	88	12195108	1.39e+05	0.00
1932	IS-MCTS	Random	0	1	1	11228	473627381	4.22e+04	0.00	95	10638881	1.12e+05	1.00
1933	IS-MCTS	Random	1	0	1	10436	432450263	4.14e+04	1.00	94	12949922	1.38e+05	0.00
1934	IS-MCTS	Random	1	0	1	13644	533253851	3.91e+04	1.00	96	12716653	1.32e+05	0.00
1935	IS-MCTS	Random	3	0	3	8254	329217491	3.99e+04	1.00	90	11749113	1.31e+05	0.00
1936	IS-MCTS	Random	0	1	1	8413	350396791	4.16e+04	0.00	96	10591892	1.10e+05	1.00
1937	IS-MCTS	Random	1	0	1	10859	466317068	4.29e+04	1.00	90	12508295	1.39e+05	0.00
1938	IS-MCTS	Random	2	0	2	7767	340062851	4.38e+04	1.00	90	12798128	1.42e+05	0.00
1939	IS-MCTS	Random	2	0	2	8662	381130859	4.40e+04	1.00	87	12134140	1.39e+05	0.00
1940	IS-MCTS	Random	0	2	2	10632	479596505	4.51e+04	0.00	98	12497265	1.28e+05	1.00
1941	IS-MCTS	Random	0	2	2	6310	279966190	4.44e+04	0.00	83	11108763	1.34e+05	1.00
1942	IS-MCTS	Random	1	0	1	7038	302399243	4.30e+04	1.00	90	12499517	1.39e+05	0.00
1943	IS-MCTS	Random	5	0	5	7311	323032958	4.42e+04	1.00	79	10560093	1.34e+05	0.00
1944	IS-MCTS	Random	4	0	4	5074	228386888	4.50e+04	1.00	79	10778129	1.36e+05	0.00
1945	IS-MCTS	Random	2	0	2	7909	404676247	5.12e+04	1.00	93	12838549	1.38e+05	0.00
1946	IS-MCTS	Random	2	0	2	10843	452932681	4.18e+04	1.00	97	13345423	1.38e+05	0.00
1947	IS-MCTS	Random	0	1	1	8351	358992259	4.30e+04	0.00	92	12365770	1.34e+05	1.00
1948	IS-MCTS	Random	1	0	1	12965	536934131	4.14e+04	1.00	94	12804043	1.36e+05	0.00
1949	IS-MCTS	Random	2	0	2	9946	421004539	4.23e+04	1.00	93	12527510	1.35e+05	0.00
1950	IS-MCTS	Random	2	0	2	8643	364105752	4.21e+04	1.00	90	10758719	1.20e+05	0.00
1951	IS-MCTS	Random	2	0	2	7426	317218164	4.27e+04	1.00	91	12232838	1.34e+05	0.00
1952	IS-MCTS	Random	3	0	3	8944	362079959	4.05e+04	1.00	92	11898327	1.29e+05	0.00
1953	IS-MCTS	Random	0	1	1	9636	360118617	3.74e+04	0.00	93	12013267	1.29e+05	1.00
1954	IS-MCTS	Random	3	0	3	5894	239435520	4.06e+04	1.00	86	10512377	1.22e+05	0.00
1955	IS-MCTS	Random	1	0	1	12435	515289858	4.14e+04	1.00	98	13929659	1.42e+05	0.00
1956	IS-MCTS	Random	0	2	2	5999	261595993	4.36e+04	0.00	84	11821388	1.41e+05	1.00
1957	IS-MCTS	Random	1	0	1	14725	606105287	4.12e+04	1.00	97	13769405	1.42e+05	0.00
1958	IS-MCTS	Random	0	1	1	10187	429115310	4.21e+04	0.00	94	13303055	1.42e+05	1.00
1959	IS-MCTS	Random	0	4	4	6926	301027671	4.35e+04	0.00	93	10342297	1.11e+05	1.00
1960	IS-MCTS	Random	3	0	3	9065	381103051	4.20e+04	1.00	92	12791563	1.39e+05	0.00
1961	IS-MCTS	Random	1	0	1	10295	432499219	4.20e+04	1.00	93	12975206	1.40e+05	0.00
1962	IS-MCTS	Random	1	0	1	9834	413116794	4.20e+04	1.00	91	12602221	1.38e+05	0.00
1963	IS-MCTS	Random	2	0	2	8525	450747999	5.29e+04	1.00	94	12590537	1.34e+05	0.00
1964	IS-MCTS	Random	1	0	1	16313	656895716	4.03e+04	1.00	97	13263048	1.37e+05	0.00
1965	IS-MCTS	Random	2	0	2	8389	360692130	4.30e+04	1.00	87	11587073	1.33e+05	0.00
1966	IS-MCTS	Random	1	0	1	13757	558580780	4.06e+04	1.00	97	13775265	1.42e+05	0.00
1967	IS-MCTS	Random	0	1	1	9193	379849902	4.13e+04	0.00	97	12519178	1.29e+05	1.00
1968	IS-MCTS	Random	3	0	3	8814	367815580	4.17e+04	1.00	86	11564184	1.34e+05	0.00
1969	IS-MCTS	Random	1	0	1	13080	489358134	3.74e+04	1.00	98	13122537	1.34e+05	0.00
1970	IS-MCTS	Random	0	1	1	12281	487145638	3.97e+04	0.00	99	12605643	1.27e+05	1.00
1971	IS-MCTS	Random	0	1	1	10597	450871017	4.25e+04	0.00	97	13125796	1.35e+05	1.00
1972	IS-MCTS	Random	0	1	1	18730	742324535	3.96e+04	0.00	99	13749152	1.39e+05	1.00
1973	IS-MCTS	Random	1	0	1	11280	476705312	4.23e+04	1.00	93	12975453	1.40e+05	0.00
1974	IS-MCTS	Random	0	3	3	5883	257389849	4.38e+04	0.00	89	12401616	1.39e+05	1.00
1975	IS-MCTS	Random	1	0	1	14328	594596163	4.15e+04	1.00	86	10510743	1.22e+05	0.00
1976	IS-MCTS	Random	2	0	2	11014	442390936	4.02e+04	1.00	97	13358216	1.38e+05	0.00
1977	IS-MCTS	Random	1	0	1	11129	456110482	4.10e+04	1.00	93	13037385	1.40e+05	0.00
1978	IS-MCTS	Random	0	2	2	8834	346955975	3.93e+04	0.00	95	12532592	1.32e+05	1.00
1979	IS-MCTS	Random	3	0	3	8039	329907901	4.10e+04	1.00	88	10981436	1.25e+05	0.00
1980	IS-MCTS	Random	2	0	2	13469	539352206	4.00e+04	1.00	92	12138926	1.32e+05	0.00
1981	IS-MCTS	Random	2	0	2	9581	389246514	4.06e+04	1.00	94	12749167	1.36e+05	0.00
1982	IS-MCTS	Random	1	0	1	12430	470540360	3.79e+04	1.00	97	12774212	1.32e+05	0.00
1983	IS-MCTS	Random	2	0	2	9532	354100459	3.71e+04	1.00	96	10593262	1.10e+05	0.00
1984	IS-MCTS	Random	0	1	1	11323	414452321	3.66e+04	0.00	97	11928020	1.23e+05	1.00
1985	IS-MCTS	Random	0	1	1	10413	394257694	3.79e+04	0.00	94	11693491	1.24e+05	1.00
1986	IS-MCTS	Random	0	2	2	8739	321786478	3.68e+04	0.00	97	11577130	1.19e+05	1.00
1987	IS-MCTS	Random	2	0	2	8324	337781005	4.06e+04	1.00	87	11372190	1.31e+05	0.00
1988	IS-MCTS	Random	0	2	2	6975	264073285	3.79e+04	0.00	89	10749458	1.21e+05	1.00
1989	IS-MCTS	Random	2	0	2	8920	330353934	3.70e+04	1.00	92	10957774	1.19e+05	0.00
1990	IS-MCTS	Random	1	0	1	10811	389097014	3.60e+04	1.00	96	11880218	1.24e+05	0.00
1991	IS-MCTS	Random	2	0	2	10392	382766319	3.68e+04	1.00	97	11839269	1.22e+05	0.00
1992	IS-MCTS	Random	0	4	4	4026	162894350	4.05e+04	0.00	77	7786275	1.01e+05	1.00
1993	IS-MCTS	Random	4	0	4	5403	215214462	3.98e+04	1.00	80	9958356	1.24e+05	0.00
1994	IS-MCTS	Random	0	1	1	9251	357508908	3.86e+04	0.00	90	11223875	1.25e+05	1.00
1995	IS-MCTS	Random	0	1	1	12053	458294429	3.80e+04	0.00	96	13005858	1.35e+05	1.00
1996	IS-MCTS	Random	3	0	3	9239	383059886	4.15e+04	1.00	94	12779601	1.36e+05	0.00
1997	IS-MCTS	Random	0	1	1	10823	471156829	4.35e+04	0.00	93	10966330	1.18e+05	1.00
1998	IS-MCTS	Random	1	0	1	9142	376534409	4.12e+04	1.00	90	12331063	1.37e+05	0.00
1999	IS-MCTS	Random	0	1	1	7177	292188834	4.07e+04	0.00	92	12186045	1.32e+05	1.00
2000	IS-MCTS	Random	0	1	1	7220	280379333	3.88e+04	0.00	89	10868099	1.22e+05	1.00
2001	IS-MCTS	Random	2	0	2	9264	346785141	3.74e+04	1.00	95	11788500	1.24e+05	0.00
2002	RMHC	IS-MCTS	0	2	2	87	7350686	8.45e+04	0.00	7874	346651675	4.40e+04	1.00
2003	RMHC	IS-MCTS	0	1	1	97	8362002	8.62e+04	0.00	10429	444807128	4.27e+04	1.00
2004	RMHC	IS-MCTS	0	3	3	96	8294460	8.64e+04	0.00	12993	543682148	4.18e+04	1.00
2005	RMHC	IS-MCTS	2	0	2	88	7945737	9.03e+04	1.00	7162	312834697	4.37e+04	0.00
2006	RMHC	IS-MCTS	0	1	1	98	8851939	9.03e+04	0.00	10634	423369323	3.98e+04	1.00
2007	RMHC	IS-MCTS	1	0	1	98	8632937	8.81e+04	1.00	11949	505452096	4.23e+04	0.00
2008	RMHC	IS-MCTS	3	0	3	90	7796316	8.66e+04	1.00	6402	277516603	4.33e+04	0.00
2009	RMHC	IS-MCTS	2	0	2	92	7297059	7.93e+04	1.00	7079	273177006	3.86e+04	0.00
2010	RMHC	IS-MCTS	1	0	1	92	7733888	8.41e+04	1.00	7829	339445142	4.34e+04	0.00
2011	RMHC	IS-MCTS	0	1	1	94	8320981	8.85e+04	0.00	10985	468685214	4.27e+04	1.00
2012	RMHC	IS-MCTS	1	0	1	97	8273405	8.53e+04	1.00	9377	390835156	4.17e+04	0.00
2013	RMHC	IS-MCTS	0	1	1	97	8499102	8.76e+04	0.00	14852	613516989	4.13e+04	1.00
2014	RMHC	IS-MCTS	2	0	2	95	8409968	8.85e+04	1.00	8470	360188134	4.25e+04	0.00
2015	RMHC	IS-MCTS	3	0	3	87	7820215	8.99e+04	1.00	5651	254457115	4.50e+04	0.00
2016	RMHC	IS-MCTS	0	1	1	95	8455830	8.90e+04	0.00	10529	450764089	4.28e+04	1.00
2017	RMHC	IS-MCTS	0	5	5	80	6817637	8.52e+04	0.00	6437	271905505	4.22e+04	1.00
2018	RMHC	IS-MCTS	1	0	1	93	7312473	7.86e+04	1.00	9309	356006082	3.82e+04	0.00
2019	RMHC	IS-MCTS	0	1	1	94	8014250	8.53e+04	0.00	12940	538623683	4.16e+04	1.00
2020	RMHC	IS-MCTS	1	0	1	90	7561139	8.40e+04	1.00	9037	387965828	4.29e+04	0.00
2021	RMHC	IS-MCTS	2	0	2	95	8082721	8.51e+04	1.00	10335	438520071	4.24e+04	0.00
2022	RMHC	IS-MCTS	1	0	1	97	8380412	8.64e+04	1.00	10590	474925447	4.48e+04	0.00
2023	RMHC	IS-MCTS	2	0	2	92	7877204	8.56e+04	1.00	7495	301409128	4.02e+04	0.00
2024	RMHC	IS-MCTS	4	0	4	90	7242438	8.05e+04	1.00	6105	247628163	4.06e+04	0.00
2025	RMHC	IS-MCTS	0	4	4	74	6784297	9.17e+04	0.00	5025	227329723	4.52e+04	1.00
2026	RMHC	IS-MCTS	0	1	1	97	8613667	8.88e+04	0.00	14226	570012274	4.01e+04	1.00
2027	RMHC	IS-MCTS	5	0	5	82	7022298	8.56e+04	1.00	4695	210058249	4.47e+04	0.00
2028	RMHC	IS-MCTS	0	1	1	97	8734447	9.00e+04	0.00	11163	476627744	4.27e+04	1.00
2029	RMHC	IS-MCTS	4	0	4	85	7482087	8.80e+04	1.00	5774	255709646	4.43e+04	0.00
2030	RMHC	IS-MCTS	0	3	3	79	6508316	8.24e+04	0.00	5377	231688492	4.31e+04	1.00
2031	RMHC	IS-MCTS	3	0	3	82	6741928	8.22e+04	1.00	5526	229075066	4.15e+04	0.00
2032	RMHC	IS-MCTS	3	0	3	85	7037470	8.28e+04	1.00	4637	202276979	4.36e+04	0.00
2033	RMHC	IS-MCTS	1	0	1	89	7561677	8.50e+04	1.00	6532	293365720	4.49e+04	0.00
2034	RMHC	IS-MCTS	0	1	1	97	8546024	8.81e+04	0.00	14973	627063950	4.19e+04	1.00
2035	RMHC	IS-MCTS	4	0	4	91	7657203	8.41e+04	1.00	6405	295500309	4.61e+04	0.00
2036	RMHC	IS-MCTS	0	2	2	96	8489580	8.84e+04	0.00	8171	352588812	4.32e+04	1.00
2037	RMHC	IS-MCTS	0	1	1	95	7997691	8.42e+04	0.00	8787	382987647	4.36e+04	1.00
2038	RMHC	IS-MCTS	3	0	3	87	7297292	8.39e+04	1.00	6681	280035850	4.19e+04	0.00
2039	RMHC	IS-MCTS	0	1	1	89	6853529	7.70e+04	0.00	9135	371508744	4.07e+04	1.00
2040	RMHC	IS-MCTS	0	1	1	91	8106274	8.91e+04	0.00	9630	415420648	4.31e+04	1.00
2041	RMHC	IS-MCTS	1	0	1	98	8559831	8.73e+04	1.00	11458	490568914	4.28e+04	0.00
2042	RMHC	IS-MCTS	0	7	7	74	6295844	8.51e+04	0.00	4542	203113691	4.47e+04	1.00
2043	RMHC	IS-MCTS	4	0	4	81	6569032	8.11e+04	1.00	4601	200429657	4.36e+04	0.00
2044	RMHC	IS-MCTS	1	0	1	87	7811267	8.98e+04	1.00	9149	400533834	4.38e+04	0.00
2045	RMHC	IS-MCTS	0	4	4	89	7908600	8.89e+04	0.00	8116	345352842	4.26e+04	1.00
2046	RMHC	IS-MCTS	1	0	1	100	8888990	8.89e+04	1.00	13997	543336271	3.88e+04	0.00
2047	RMHC	IS-MCTS	0	3	3	89	6618941	7.44e+04	0.00	8037	304030008	3.78e+04	1.00
2048	RMHC	IS-MCTS	1	0	1	95	7013972	7.38e+04	1.00	9524	348383600	3.66e+04	0.00
2049	RMHC	IS-MCTS	3	0	3	90	6375380	7.08e+04	1.00	6678	250019594	3.74e+04	0.00
2050	RMHC	IS-MCTS	0	1	1	95	6666474	7.02e+04	0.00	9570	352515760	3.68e+04	1.00
2051	RMHC	IS-MCTS	1	0	1	98	7131909	7.28e+04	1.00	15113	535564665	3.54e+04	0.00
2052	RMHC	IS-MCTS	0	2	2	94	6778149	7.21e+04	0.00	10818	389336898	3.60e+04	1.00
2053	RMHC	IS-MCTS	4	0	4	76	5492096	7.23e+04	1.00	3981	157376002	3.95e+04	0.00
2054	RMHC	IS-MCTS	2	0	2	90	6839155	7.60e+04	1.00	5795	272747109	4.71e+04	0.00
2055	RMHC	IS-MCTS	0	2	2	94	7212395	7.67e+04	0.00	8280	313268868	3.78e+04	1.00
2056	RMHC	IS-MCTS	0	1	1	97	7223134	7.45e+04	0.00	13255	470740437	3.55e+04	1.00
2057	RMHC	IS-MCTS	0	3	3	83	6167654	7.43e+04	0.00	6470	247429699	3.82e+04	1.00
2058	RMHC	IS-MCTS	6	0	6	85	6134676	7.22e+04	1.00	5681	214617221	3.78e+04	0.00
2059	RMHC	IS-MCTS	0	1	1	94	6908947	7.35e+04	0.00	10656	425834553	4.00e+04	1.00
2060	RMHC	IS-MCTS	4	0	4	82	5996013	7.31e+04	1.00	4220	163188136	3.87e+04	0.00
2061	RMHC	IS-MCTS	2	0	2	89	6666814	7.49e+04	1.00	6556	248818547	3.80e+04	0.00
2062	RMHC	IS-MCTS	0	2	2	84	6397248	7.62e+04	0.00	6118	231292299	3.78e+04	1.00
2063	RMHC	IS-MCTS	0	1	1	91	6576382	7.23e+04	0.00	9758	360046047	3.69e+04	1.00
2064	RMHC	IS-MCTS	2	0	2	97	7196192	7.42e+04	1.00	9967	383195328	3.84e+04	0.00
2065	RMHC	IS-MCTS	1	0	1	93	6846119	7.36e+04	1.00	8769	322657240	3.68e+04	0.00
2066	RMHC	IS-MCTS	0	7	7	85	6164035	7.25e+04	0.00	8269	308113402	3.73e+04	1.00
2067	RMHC	IS-MCTS	1	0	1	96	6962677	7.25e+04	1.00	9506	347243988	3.65e+04	0.00
2068	RMHC	IS-MCTS	0	1	1	95	6696393	7.05e+04	0.00	10844	392823951	3.62e+04	1.00
2069	RMHC	IS-MCTS	0	1	1	91	6713077	7.38e+04	0.00	7881	292004020	3.71e+04	1.00
2070	RMHC	IS-MCTS	1	0	1	99	7117205	7.19e+04	1.00	13432	460379818	3.43e+04	0.00
2071	RMHC	IS-MCTS	0	2	2	92	6695913	7.28e+04	0.00	9121	337377454	3.70e+04	1.00
2072	RMHC	IS-MCTS	2	0	2	95	7052078	7.42e+04	1.00	8565	316958753	3.70e+04	0.00
2073	RMHC	IS-MCTS	3	0	3	88	6583076	7.48e+04	1.00	6475	248381312	3.84e+04	0.00
2074	RMHC	IS-MCTS	0	1	1	92	6818593	7.41e+04	0.00	8605	319747839	3.72e+04	1.00
2075	RMHC	IS-MCTS	3	0	3	91	6806395	7.48e+04	1.00	6163	234356418	3.80e+04	0.00
2076	RMHC	IS-MCTS	2	0	2	88	6604996	7.51e+04	1.00	6499	245141709	3.77e+04	0.00
2077	RMHC	IS-MCTS	1	0	1	98	7225524	7.37e+04	1.00	9547	355164734	3.72e+04	0.00
2078	RMHC	IS-MCTS	0	2	2	95	7183334	7.56e+04	0.00	11073	401385348	3.62e+04	1.00
2079	RMHC	IS-MCTS	0	1	1	99	7250145	7.32e+04	0.00	13326	468890931	3.52e+04	1.00
2080	RMHC	IS-MCTS	8	0	8	83	6090200	7.34e+04	1.00	4374	171140244	3.91e+04	0.00
2081	RMHC	IS-MCTS	2	0	2	96	7186341	7.49e+04	1.00	9458	355599123	3.76e+04	0.00
2082	RMHC	IS-MCTS	1	0	1	95	6898209	7.26e+04	1.00	10051	361725788	3.60e+04	0.00
2083	RMHC	IS-MCTS	3	0	3	79	5537178	7.01e+04	1.00	4680	183118737	3.91e+04	0.00
2084	RMHC	IS-MCTS	0	1	1	87	6432759	7.39e+04	0.00	8064	301639113	3.74e+04	1.00
2085	RMHC	IS-MCTS	0	1	1	92	6663036	7.24e+04	0.00	11733	429754872	3.66e+04	1.00
2086	RMHC	IS-MCTS	0	1	1	95	6966712	7.33e+04	0.00	10346	378821198	3.66e+04	1.00
2087	RMHC	IS-MCTS	0	2	2	88	6695366	7.61e+04	0.00	6685	253880301	3.80e+04	1.00
2088	RMHC	IS-MCTS	0	1	1	85	6139391	7.22e+04	0.00	10120	366811299	3.62e+04	1.00
2089	RMHC	IS-MCTS	3	0	3	95	6928019	7.29e+04	1.00	9235	343131775	3.72e+04	0.00
2090	RMHC	IS-MCTS	1	0	1	99	7314563	7.39e+04	1.00	10943	390286987	3.57e+04	0.00
2091	RMHC	IS-MCTS	1	0	1	100	7592425	7.59e+04	1.00	16442	579773094	3.53e+04	0.00
2092	RMHC	IS-MCTS	3	0	3	89	6679873	7.51e+04	1.00	5626	215036016	3.82e+04	0.00
2093	RMHC	IS-MCTS	2	0	2	90	6695191	7.44e+04	1.00	6841	261689759	3.83e+04	0.00
2094	RMHC	IS-MCTS	1	0	1	92	6969251	7.58e+04	1.00	8892	327859425	3.69e+04	0.00
2095	RMHC	IS-MCTS	2	0	2	92	6944071	7.55e+04	1.00	7122	266375048	3.74e+04	0.00
2096	RMHC	IS-MCTS	0	1	1	89	6752594	7.59e+04	0.00	7466	280477255	3.76e+04	1.00
2097	RMHC	IS-MCTS	5	0	5	85	6349509	7.47e+04	1.00	4875	189510201	3.89e+04	0.00
2098	RMHC	IS-MCTS	0	1	1	95	6979160	7.35e+04	0.00	9975	360618262	3.62e+04	1.00
2099	RMHC	IS-MCTS	0	1	1	94	6862376	7.30e+04	0.00	11744	421720982	3.59e+04	1.00
2100	RMHC	IS-MCTS	2	0	2	95	7073349	7.45e+04	1.00	7938	293543255	3.70e+04	0.00
2101	RMHC	IS-MCTS	3	0	3	93	6819929	7.33e+04	1.00	8013	300475043	3.75e+04	0.00
2102	RMHC	IS-MCTS	0	1	1	98	7350840	7.50e+04	0.00	12747	446986921	3.51e+04	1.00
2103	RMHC	IS-MCTS	1	0	1	99	7436982	7.51e+04	1.00	15415	541210562	3.51e+04	0.00
2104	RMHC	IS-MCTS	0	4	4	89	6645741	7.47e+04	0.00	8603	317419736	3.69e+04	1.00
2105	RMHC	IS-MCTS	1	0	1	91	6662075	7.32e+04	1.00	6913	261286927	3.78e+04	0.00
2106	RMHC	IS-MCTS	1	0	1	96	7017320	7.31e+04	1.00	11364	403914793	3.55e+04	0.00
2107	RMHC	IS-MCTS	2	0	2	98	7173783	7.32e+04	1.00	9312	342751579	3.68e+04	0.00
2108	RMHC	IS-MCTS	1	0	1	96	7196556	7.50e+04	1.00	8282	306839141	3.70e+04	0.00
2109	RMHC	IS-MCTS	1	0	1	83	6186336	7.45e+04	1.00	5439	209681699	3.86e+04	0.00
2110	RMHC	IS-MCTS	1	0	1	97	7082701	7.30e+04	1.00	9907	362520220	3.66e+04	0.00
2111	RMHC	IS-MCTS	0	2	2	81	6294271	7.77e+04	0.00	5656	218313244	3.86e+04	1.00
2112	RMHC	IS-MCTS	1	0	1	99	7298719	7.37e+04	1.00	11625	412856134	3.55e+04	0.00
2113	RMHC	IS-MCTS	0	2	2	97	7165119	7.39e+04	0.00	11711	428131318	3.66e+04	1.00
2114	RMHC	IS-MCTS	2	0	2	90	6792758	7.55e+04	1.00	6436	244214697	3.79e+04	0.00
2115	RMHC	IS-MCTS	0	1	1	88	6758375	7.68e+04	0.00	14772	541417685	3.67e+04	1.00
2116	RMHC	IS-MCTS	0	1	1	92	6709051	7.29e+04	0.00	8599	314238353	3.65e+04	1.00
2117	RMHC	IS-MCTS	0	1	1	97	7223793	7.45e+04	0.00	12180	436423631	3.58e+04	1.00
2118	RMHC	IS-MCTS	2	0	2	87	6540800	7.52e+04	1.00	5764	222125416	3.85e+04	0.00
2119	RMHC	IS-MCTS	0	1	1	86	6316185	7.34e+04	0.00	8309	312269745	3.76e+04	1.00
2120	RMHC	IS-MCTS	1	0	1	92	6701777	7.28e+04	1.00	9113	333807596	3.66e+04	0.00
2121	RMHC	IS-MCTS	1	0	1	94	6927975	7.37e+04	1.00	8982	331885285	3.70e+04	0.00
2122	RMHC	IS-MCTS	0	1	1	85	6122662	7.20e+04	0.00	7289	274753830	3.77e+04	1.00
2123	RMHC	IS-MCTS	1	0	1	100	7341508	7.34e+04	1.00	14283	490134721	3.43e+04	0.00
2124	RMHC	IS-MCTS	1	0	1	96	7029321	7.32e+04	1.00	10162	371740355	3.66e+04	0.00
2125	RMHC	IS-MCTS	0	1	1	93	7147669	7.69e+04	0.00	10788	392497498	3.64e+04	1.00
2126	RMHC	IS-MCTS	1	0	1	91	6915691	7.60e+04	1.00	7014	263363832	3.75e+04	0.00
2127	RMHC	IS-MCTS	2	0	2	93	6996176	7.52e+04	1.00	8402	311753404	3.71e+04	0.00
2128	RMHC	IS-MCTS	1	0	1	98	7281618	7.43e+04	1.00	12967	454363410	3.50e+04	0.00
2129	RMHC	IS-MCTS	2	0	2	92	6669963	7.25e+04	1.00	6674	253600782	3.80e+04	0.00
2130	RMHC	IS-MCTS	2	0	2	92	6836133	7.43e+04	1.00	7245	269967354	3.73e+04	0.00
2131	RMHC	IS-MCTS	1	0	1	97	7262037	7.49e+04	1.00	10028	370811274	3.70e+04	0.00
2132	RMHC	IS-MCTS	0	3	3	87	6423397	7.38e+04	0.00	6546	248085187	3.79e+04	1.00
2133	RMHC	IS-MCTS	0	1	1	96	7086284	7.38e+04	0.00	17185	625356977	3.64e+04	1.00
2134	RMHC	IS-MCTS	1	0	1	92	6655313	7.23e+04	1.00	6673	249562256	3.74e+04	0.00
2135	RMHC	IS-MCTS	1	0	1	97	7036313	7.25e+04	1.00	10765	391372608	3.64e+04	0.00
2136	RMHC	IS-MCTS	1	0	1	96	6868883	7.16e+04	1.00	15107	529912661	3.51e+04	0.00
2137	RMHC	IS-MCTS	1	0	1	97	7141610	7.36e+04	1.00	11234	405811782	3.61e+04	0.00
2138	RMHC	IS-MCTS	3	0	3	93	6722112	7.23e+04	1.00	8378	310650923	3.71e+04	0.00
2139	RMHC	IS-MCTS	4	0	4	83	5972777	7.20e+04	1.00	4701	182349585	3.88e+04	0.00
2140	RMHC	IS-MCTS	0	3	3	86	6592444	7.67e+04	0.00	8249	306721113	3.72e+04	1.00
2141	RMHC	IS-MCTS	0	3	3	87	6299090	7.24e+04	0.00	6919	261317260	3.78e+04	1.00
2142	RMHC	IS-MCTS	0	1	1	97	7060809	7.28e+04	0.00	13282	462300718	3.48e+04	1.00
2143	RMHC	IS-MCTS	2	0	2	93	6787065	7.30e+04	1.00	7683	290598855	3.78e+04	0.00
2144	RMHC	IS-MCTS	4	0	4	87	6286440	7.23e+04	1.00	5842	223872204	3.83e+04	0.00
2145	RMHC	IS-MCTS	0	1	1	95	6903515	7.27e+04	0.00	9718	356288994	3.67e+04	1.00
2146	RMHC	IS-MCTS	2	0	2	97	6860212	7.07e+04	1.00	9229	336956882	3.65e+04	0.00
2147	RMHC	IS-MCTS	1	0	1	92	6859768	7.46e+04	1.00	10235	382085169	3.73e+04	0.00
2148	RMHC	IS-MCTS	0	1	1	93	7037245	7.57e+04	0.00	8885	323139699	3.64e+04	1.00
2149	RMHC	IS-MCTS	5	0	5	87	6552899	7.53e+04	1.00	5544	213134916	3.84e+04	0.00
2150	RMHC	IS-MCTS	0	1	1	97	6972435	7.19e+04	0.00	12413	434581119	3.50e+04	1.00
2151	RMHC	IS-MCTS	0	1	1	93	7090611	7.62e+04	0.00	8638	321907684	3.73e+04	1.00
2152	RMHC	IS-MCTS	0	1	1	96	7164905	7.46e+04	0.00	10626	381500375	3.59e+04	1.00
2153	RMHC	IS-MCTS	4	0	4	91	6768448	7.44e+04	1.00	6665	249980017	3.75e+04	0.00
2154	RMHC	IS-MCTS	7	0	7	84	6238017	7.43e+04	1.00	4938	191155086	3.87e+04	0.00
2155	RMHC	IS-MCTS	2	0	2	88	6414098	7.29e+04	1.00	6954	263269467	3.79e+04	0.00
2156	RMHC	IS-MCTS	3	0	3	81	5974220	7.38e+04	1.00	4725	184578416	3.91e+04	0.00
2157	RMHC	IS-MCTS	1	0	1	95	7148177	7.52e+04	1.00	9740	360235816	3.70e+04	0.00
2158	RMHC	IS-MCTS	0	1	1	88	6727654	7.65e+04	0.00	8876	327179765	3.69e+04	1.00
2159	RMHC	IS-MCTS	4	0	4	80	6064366	7.58e+04	1.00	4335	170152121	3.93e+04	0.00
2160	RMHC	IS-MCTS	1	0	1	100	7279304	7.28e+04	1.00	11670	412083427	3.53e+04	0.00
2161	RMHC	IS-MCTS	0	2	2	88	6808808	7.74e+04	0.00	9435	348837797	3.70e+04	1.00
2162	RMHC	IS-MCTS	3	0	3	92	6694909	7.28e+04	1.00	6760	257104689	3.80e+04	0.00
2163	RMHC	IS-MCTS	0	1	1	93	6723953	7.23e+04	0.00	9776	360225310	3.68e+04	1.00
2164	RMHC	IS-MCTS	2	0	2	94	6516180	6.93e+04	1.00	7328	272622564	3.72e+04	0.00
2165	RMHC	IS-MCTS	0	1	1	92	6536404	7.10e+04	0.00	10096	372900791	3.69e+04	1.00
2166	RMHC	IS-MCTS	2	0	2	96	6988067	7.28e+04	1.00	10289	372507110	3.62e+04	0.00
2167	RMHC	IS-MCTS	1	0	1	100	7542152	7.54e+04	1.00	12867	450461500	3.50e+04	0.00
2168	RMHC	IS-MCTS	1	0	1	96	7126803	7.42e+04	1.00	11381	407773299	3.58e+04	0.00
2169	RMHC	IS-MCTS	0	1	1	84	6360504	7.57e+04	0.00	9897	372329719	3.76e+04	1.00
2170	RMHC	IS-MCTS	0	1	1	97	7211381	7.43e+04	0.00	11432	407086186	3.56e+04	1.00
2171	RMHC	IS-MCTS	1	0	1	98	7135657	7.28e+04	1.00	12089	441445528	3.65e+04	0.00
2172	RMHC	IS-MCTS	0	2	2	88	6542820	7.44e+04	0.00	7099	265048089	3.73e+04	1.00
2173	RMHC	IS-MCTS	2	0	2	94	6910133	7.35e+04	1.00	8545	324460891	3.80e+04	0.00
2174	RMHC	IS-MCTS	0	1	1	99	7131939	7.20e+04	0.00	16403	563859568	3.44e+04	1.00
2175	RMHC	IS-MCTS	3	0	3	92	6944519	7.55e+04	1.00	7224	287327619	3.98e+04	0.00
2176	RMHC	IS-MCTS	1	0	1	93	7002992	7.53e+04	1.00	11967	437281274	3.65e+04	0.00
2177	RMHC	IS-MCTS	0	1	1	95	7106850	7.48e+04	0.00	10457	383214818	3.66e+04	1.00
2178	RMHC	IS-MCTS	4	0	4	85	6569781	7.73e+04	1.00	4860	189571420	3.90e+04	0.00
2179	RMHC	IS-MCTS	1	0	1	92	7079591	7.70e+04	1.00	9192	340059355	3.70e+04	0.00
2180	RMHC	IS-MCTS	0	1	1	97	7385211	7.61e+04	0.00	13368	503875165	3.77e+04	1.00
2181	RMHC	IS-MCTS	1	0	1	98	7136346	7.28e+04	1.00	15667	550503870	3.51e+04	0.00
2182	RMHC	IS-MCTS	0	1	1	96	7051101	7.34e+04	0.00	17630	652899819	3.70e+04	1.00
2183	RMHC	IS-MCTS	0	2	2	90	6993654	7.77e+04	0.00	7376	279693835	3.79e+04	1.00
2184	RMHC	IS-MCTS	1	0	1	95	7008338	7.38e+04	1.00	11212	402035106	3.59e+04	0.00
2185	RMHC	IS-MCTS	1	0	1	98	7541140	7.70e+04	1.00	13268	470185512	3.54e+04	0.00
2186	RMHC	IS-MCTS	0	3	3	88	6610445	7.51e+04	0.00	6718	259842101	3.87e+04	1.00
2187	RMHC	IS-MCTS	3	0	3	90	6921746	7.69e+04	1.00	6955	315337802	4.53e+04	0.00
2188	RMHC	IS-MCTS	0	1	1	93	7177177	7.72e+04	0.00	12913	462561490	3.58e+04	1.00
2189	RMHC	IS-MCTS	6	0	6	84	6478488	7.71e+04	1.00	5151	202358058	3.93e+04	0.00
2190	RMHC	IS-MCTS	0	1	1	96	7114371	7.41e+04	0.00	10108	361301519	3.57e+04	1.00
2191	RMHC	IS-MCTS	5	0	5	83	6034739	7.27e+04	1.00	4809	188110806	3.91e+04	0.00
2192	RMHC	IS-MCTS	2	0	2	90	6582322	7.31e+04	1.00	7193	267053319	3.71e+04	0.00
2193	RMHC	IS-MCTS	0	2	2	94	6968730	7.41e+04	0.00	8389	312907765	3.73e+04	1.00
2194	RMHC	IS-MCTS	0	3	3	92	6789926	7.38e+04	0.00	6258	237072700	3.79e+04	1.00
2195	RMHC	IS-MCTS	3	0	3	88	6515232	7.40e+04	1.00	5946	228230181	3.84e+04	0.00
2196	RMHC	IS-MCTS	0	1	1	96	7273739	7.58e+04	0.00	11753	415865827	3.54e+04	1.00
2197	RMHC	IS-MCTS	0	1	1	85	6319103	7.43e+04	0.00	6394	245160923	3.83e+04	1.00
2198	RMHC	IS-MCTS	1	0	1	98	7190296	7.34e+04	1.00	11856	417080460	3.52e+04	0.00
2199	RMHC	IS-MCTS	0	2	2	87	6542626	7.52e+04	0.00	11357	423840503	3.73e+04	1.00
2200	RMHC	IS-MCTS	6	0	6	73	5520680	7.56e+04	1.00	3531	142142162	4.03e+04	0.00
2201	RMHC	IS-MCTS	2	0	2	80	5976562	7.47e+04	1.00	7412	286051571	3.86e+04	0.00
2202	RMHC	IS-MCTS	0	2	2	98	7190518	7.34e+04	0.00	11533	411107895	3.56e+04	1.00
2203	RMHC	IS-MCTS	2	0	2	91	7015723	7.71e+04	1.00	7397	280185859	3.79e+04	0.00
2204	RMHC	IS-MCTS	2	0	2	94	7196602	7.66e+04	1.00	8899	331742633	3.73e+04	0.00
2205	RMHC	IS-MCTS	1	0	1	96	7085657	7.38e+04	1.00	11971	424591969	3.55e+04	0.00
2206	RMHC	IS-MCTS	0	2	2	85	6267080	7.37e+04	0.00	9776	364988522	3.73e+04	1.00
2207	RMHC	IS-MCTS	1	0	1	89	6814368	7.66e+04	1.00	8955	332620745	3.71e+04	0.00
2208	RMHC	IS-MCTS	0	2	2	91	6943408	7.63e+04	0.00	7903	296877033	3.76e+04	1.00
2209	RMHC	IS-MCTS	1	0	1	92	6750461	7.34e+04	1.00	9606	353309693	3.68e+04	0.00
2210	RMHC	IS-MCTS	0	1	1	95	6941992	7.31e+04	0.00	12915	456929828	3.54e+04	1.00
2211	RMHC	IS-MCTS	3	0	3	86	6530501	7.59e+04	1.00	5225	204389485	3.91e+04	0.00
2212	RMHC	IS-MCTS	3	0	3	80	5845960	7.31e+04	1.00	4582	179082614	3.91e+04	0.00
2213	RMHC	IS-MCTS	1	0	1	95	7113571	7.49e+04	1.00	8192	310414031	3.79e+04	0.00
2214	RMHC	IS-MCTS	1	0	1	95	7002032	7.37e+04	1.00	13727	491239429	3.58e+04	0.00
2215	RMHC	IS-MCTS	0	1	1	92	6633897	7.21e+04	0.00	8241	311082415	3.77e+04	1.00
2216	RMHC	IS-MCTS	1	0	1	98	7163715	7.31e+04	1.00	12550	439735301	3.50e+04	0.00
2217	RMHC	IS-MCTS	3	0	3	92	6722894	7.31e+04	1.00	6932	265396889	3.83e+04	0.00
2218	RMHC	IS-MCTS	1	0	1	93	6823198	7.34e+04	1.00	13953	499127653	3.58e+04	0.00
2219	RMHC	IS-MCTS	3	0	3	94	7135038	7.59e+04	1.00	8399	314790807	3.75e+04	0.00
2220	RMHC	IS-MCTS	0	4	4	85	6439349	7.58e+04	0.00	5589	217640706	3.89e+04	1.00
2221	RMHC	IS-MCTS	0	1	1	95	6988368	7.36e+04	0.00	13940	500688992	3.59e+04	1.00
2222	RMHC	IS-MCTS	1	0	1	98	7544077	7.70e+04	1.00	12531	437467872	3.49e+04	0.00
2223	RMHC	IS-MCTS	0	4	4	87	6582290	7.57e+04	0.00	6184	238784025	3.86e+04	1.00
2224	RMHC	IS-MCTS	3	0	3	91	6972598	7.66e+04	1.00	7965	300567683	3.77e+04	0.00
2225	RMHC	IS-MCTS	0	2	2	94	7273735	7.74e+04	0.00	7705	288624512	3.75e+04	1.00
2226	RMHC	IS-MCTS	0	1	1	94	6933790	7.38e+04	0.00	12982	466209448	3.59e+04	1.00
2227	RMHC	IS-MCTS	0	2	2	92	6928641	7.53e+04	0.00	8779	327955236	3.74e+04	1.00
2228	RMHC	IS-MCTS	1	0	1	96	7143203	7.44e+04	1.00	9962	366108835	3.68e+04	0.00
2229	RMHC	IS-MCTS	0	1	1	96	7150259	7.45e+04	0.00	12621	454018958	3.60e+04	1.00
2230	RMHC	IS-MCTS	0	2	2	85	6283575	7.39e+04	0.00	8565	322336431	3.76e+04	1.00
2231	RMHC	IS-MCTS	1	0	1	85	6421510	7.55e+04	1.00	7186	272351514	3.79e+04	0.00
2232	RMHC	IS-MCTS	0	1	1	97	7497300	7.73e+04	0.00	12291	429063955	3.49e+04	1.00
2233	RMHC	IS-MCTS	3	0	3	95	7073530	7.45e+04	1.00	8006	312319170	3.90e+04	0.00
2234	RMHC	IS-MCTS	0	1	1	96	7096726	7.39e+04	0.00	12034	431504224	3.59e+04	1.00
2235	RMHC	IS-MCTS	1	0	1	95	6984102	7.35e+04	1.00	12433	469204254	3.77e+04	0.00
2236	RMHC	IS-MCTS	6	0	6	81	5950949	7.35e+04	1.00	4794	187506713	3.91e+04	0.00
2237	RMHC	IS-MCTS	0	1	1	97	7234495	7.46e+04	0.00	12948	460778628	3.56e+04	1.00
2238	RMHC	IS-MCTS	0	1	1	93	6678390	7.18e+04	0.00	10752	392198972	3.65e+04	1.00
2239	RMHC	IS-MCTS	1	0	1	97	7220492	7.44e+04	1.00	10492	384191839	3.66e+04	0.00
2240	RMHC	IS-MCTS	1	0	1	95	6988589	7.36e+04	1.00	12240	434138110	3.55e+04	0.00
2241	RMHC	IS-MCTS	2	0	2	96	7257555	7.56e+04	1.00	9485	351594620	3.71e+04	0.00
2242	RMHC	IS-MCTS	1	0	1	89	6595655	7.41e+04	1.00	6093	231406344	3.80e+04	0.00
2243	RMHC	IS-MCTS	5	0	5	90	6817061	7.57e+04	1.00	6247	239286817	3.83e+04	0.00
2244	RMHC	IS-MCTS	0	1	1	98	7386167	7.54e+04	0.00	15515	532977986	3.44e+04	1.00
2245	RMHC	IS-MCTS	0	1	1	97	7098997	7.32e+04	0.00	11306	406944396	3.60e+04	1.00
2246	RMHC	IS-MCTS	1	0	1	94	6784685	7.22e+04	1.00	8666	319069440	3.68e+04	0.00
2247	RMHC	IS-MCTS	1	0	1	96	6969758	7.26e+04	1.00	12785	457126579	3.58e+04	0.00
2248	RMHC	IS-MCTS	2	0	2	99	7269871	7.34e+04	1.00	12766	452709490	3.55e+04	0.00
2249	RMHC	IS-MCTS	1	0	1	96	7113818	7.41e+04	1.00	10716	395412618	3.69e+04	0.00
2250	RMHC	IS-MCTS	0	1	1	94	6742862	7.17e+04	0.00	12018	437535634	3.64e+04	1.00
2251	RMHC	IS-MCTS	1	0	1	96	7027434	7.32e+04	1.00	10186	370813121	3.64e+04	0.00
2252	RMHC	IS-MCTS	2	0	2	90	6623010	7.36e+04	1.00	6602	251532348	3.81e+04	0.00
2253	RMHC	IS-MCTS	0	1	1	93	6684606	7.19e+04	0.00	11530	420048871	3.64e+04	1.00
2254	RMHC	IS-MCTS	0	3	3	84	6111103	7.28e+04	0.00	8753	327090677	3.74e+04	1.00
2255	RMHC	IS-MCTS	0	3	3	94	6847214	7.28e+04	0.00	7197	270462932	3.76e+04	1.00
2256	RMHC	IS-MCTS	2	0	2	91	6636816	7.29e+04	1.00	6926	263682690	3.81e+04	0.00
2257	RMHC	IS-MCTS	2	0	2	95	6969056	7.34e+04	1.00	9104	337733664	3.71e+04	0.00
2258	RMHC	IS-MCTS	3	0	3	95	6893252	7.26e+04	1.00	8441	314228616	3.72e+04	0.00
2259	RMHC	IS-MCTS	1	0	1	96	7080308	7.38e+04	1.00	10242	378103036	3.69e+04	0.00
2260	RMHC	IS-MCTS	2	0	2	83	6382787	7.69e+04	1.00	5774	221017429	3.83e+04	0.00
2261	RMHC	IS-MCTS	0	1	1	99	7356363	7.43e+04	0.00	14975	518684193	3.46e+04	1.00
2262	RMHC	IS-MCTS	1	0	1	100	7342228	7.34e+04	1.00	13681	472487145	3.45e+04	0.00
2263	RMHC	IS-MCTS	0	1	1	86	6471982	7.53e+04	0.00	7387	277887037	3.76e+04	1.00
2264	RMHC	IS-MCTS	0	2	2	93	7161749	7.70e+04	0.00	9276	343779306	3.71e+04	1.00
2265	RMHC	IS-MCTS	1	0	1	93	7036996	7.57e+04	1.00	7765	289164972	3.72e+04	0.00
2266	RMHC	IS-MCTS	0	2	2	91	6916745	7.60e+04	0.00	9699	357459101	3.69e+04	1.00
2267	RMHC	IS-MCTS	1	0	1	89	6874670	7.72e+04	1.00	8884	330211642	3.72e+04	0.00
2268	RMHC	IS-MCTS	0	1	1	94	7209626	7.67e+04	0.00	10804	419550145	3.88e+04	1.00
2269	RMHC	IS-MCTS	4	0	4	89	6856687	7.70e+04	1.00	5692	222668412	3.91e+04	0.00
2270	RMHC	IS-MCTS	2	0	2	88	6428168	7.30e+04	1.00	6722	256599407	3.82e+04	0.00
2271	RMHC	IS-MCTS	0	2	2	95	7107109	7.48e+04	0.00	8441	313780580	3.72e+04	1.00
2272	RMHC	IS-MCTS	2	0	2	89	6519645	7.33e+04	1.00	7096	269820568	3.80e+04	0.00
2273	RMHC	IS-MCTS	6	0	6	70	5146871	7.35e+04	1.00	3091	123822727	4.01e+04	0.00
2274	RMHC	IS-MCTS	4	0	4	85	6062500	7.13e+04	1.00	4954	192667924	3.89e+04	0.00
2275	RMHC	IS-MCTS	1	0	1	96	7015027	7.31e+04	1.00	10894	394615842	3.62e+04	0.00
2276	RMHC	IS-MCTS	1	0	1	96	7058701	7.35e+04	1.00	15347	549928329	3.58e+04	0.00
2277	RMHC	IS-MCTS	1	0	1	90	6611238	7.35e+04	1.00	7603	285045431	3.75e+04	0.00
2278	RMHC	IS-MCTS	1	0	1	99	7192302	7.26e+04	1.00	16879	590771844	3.50e+04	0.00
2279	RMHC	IS-MCTS	0	1	1	97	7274740	7.50e+04	0.00	13181	466925599	3.54e+04	1.00
2280	RMHC	IS-MCTS	0	1	1	91	6774502	7.44e+04	0.00	12145	444501898	3.66e+04	1.00
2281	RMHC	IS-MCTS	2	0	2	98	7284661	7.43e+04	1.00	10808	393126668	3.64e+04	0.00
2282	RMHC	IS-MCTS	0	1	1	86	6332215	7.36e+04	0.00	8970	335631961	3.74e+04	1.00
2283	RMHC	IS-MCTS	1	0	1	95	7037128	7.41e+04	1.00	9331	347438996	3.72e+04	0.00
2284	RMHC	IS-MCTS	3	0	3	88	6487325	7.37e+04	1.00	5854	249715040	4.27e+04	0.00
2285	RMHC	IS-MCTS	4	0	4	90	6685766	7.43e+04	1.00	6251	243517816	3.90e+04	0.00
2286	RMHC	IS-MCTS	0	1	1	98	7289081	7.44e+04	0.00	13381	463625505	3.46e+04	1.00
2287	RMHC	IS-MCTS	2	0	2	90	6692563	7.44e+04	1.00	7004	267361879	3.82e+04	0.00
2288	RMHC	IS-MCTS	0	1	1	92	6756724	7.34e+04	0.00	12815	467212580	3.65e+04	1.00
2289	RMHC	IS-MCTS	2	0	2	88	6447293	7.33e+04	1.00	6184	237413888	3.84e+04	0.00
2290	RMHC	IS-MCTS	0	1	1	95	6841642	7.20e+04	0.00	8986	326480200	3.63e+04	1.00
2291	RMHC	IS-MCTS	1	0	1	87	6233807	7.17e+04	1.00	9667	360534607	3.73e+04	0.00
2292	RMHC	IS-MCTS	2	0	2	98	7221991	7.37e+04	1.00	11388	411101587	3.61e+04	0.00
2293	RMHC	IS-MCTS	0	4	4	86	6395574	7.44e+04	0.00	6473	249145386	3.85e+04	1.00
2294	RMHC	IS-MCTS	2	0	2	91	6775250	7.45e+04	1.00	6574	250708946	3.81e+04	0.00
2295	RMHC	IS-MCTS	0	1	1	93	7109591	7.64e+04	0.00	9553	351321366	3.68e+04	1.00
2296	RMHC	IS-MCTS	3	0	3	93	7004322	7.53e+04	1.00	8240	307782046	3.74e+04	0.00
2297	RMHC	IS-MCTS	0	1	1	99	7348254	7.42e+04	0.00	13823	484295131	3.50e+04	1.00
2298	RMHC	IS-MCTS	1	0	1	86	6353482	7.39e+04	1.00	6227	236357239	3.80e+04	0.00
2299	RMHC	IS-MCTS	1	0	1	97	7103903	7.32e+04	1.00	13415	475151680	3.54e+04	0.00
2300	RMHC	IS-MCTS	1	0	1	99	7325621	7.40e+04	1.00	15424	526945144	3.42e+04	0.00
2301	RMHC	IS-MCTS	3	0	3	92	6969514	7.58e+04	1.00	7155	273134156	3.82e+04	0.00
2302	RMHC	IS-MCTS	0	1	1	95	7184314	7.56e+04	0.00	13024	463127264	3.56e+04	1.00
2303	RMHC	IS-MCTS	1	0	1	100	7440734	7.44e+04	1.00	15070	529673705	3.51e+04	0.00
2304	RMHC	IS-MCTS	3	0	3	89	6570576	7.38e+04	1.00	7159	269527071	3.76e+04	0.00
2305	RMHC	IS-MCTS	0	1	1	97	7144250	7.37e+04	0.00	12959	466493852	3.60e+04	1.00
2306	RMHC	IS-MCTS	0	1	1	97	7112674	7.33e+04	0.00	10611	378300000	3.57e+04	1.00
2307	RMHC	IS-MCTS	1	0	1	98	7340032	7.49e+04	1.00	9214	343046445	3.72e+04	0.00
2308	RMHC	IS-MCTS	1	0	1	93	6771961	7.28e+04	1.00	8706	324865471	3.73e+04	0.00
2309	RMHC	IS-MCTS	1	0	1	97	7172347	7.39e+04	1.00	11991	429015945	3.58e+04	0.00
2310	RMHC	IS-MCTS	1	0	1	97	7177501	7.40e+04	1.00	12613	444196567	3.52e+04	0.00
2311	RMHC	IS-MCTS	1	0	1	96	7067347	7.36e+04	1.00	10241	372902413	3.64e+04	0.00
2312	RMHC	IS-MCTS	2	0	2	96	7246939	7.55e+04	1.00	9023	385721314	4.27e+04	0.00
2313	RMHC	IS-MCTS	0	1	1	95	7048787	7.42e+04	0.00	13658	494110630	3.62e+04	1.00
2314	RMHC	IS-MCTS	4	0	4	86	6357672	7.39e+04	1.00	6518	252704310	3.88e+04	0.00
2315	RMHC	IS-MCTS	0	2	2	85	6429955	7.56e+04	0.00	6408	243920593	3.81e+04	1.00
2316	RMHC	IS-MCTS	1	0	1	94	7010655	7.46e+04	1.00	9739	354998952	3.65e+04	0.00
2317	RMHC	IS-MCTS	0	1	1	97	7398884	7.63e+04	0.00	13060	472359157	3.62e+04	1.00
2318	RMHC	IS-MCTS	2	0	2	97	7138418	7.36e+04	1.00	10818	396971567	3.67e+04	0.00
2319	RMHC	IS-MCTS	0	2	2	88	6366181	7.23e+04	0.00	10487	401948667	3.83e+04	1.00
2320	RMHC	IS-MCTS	0	1	1	95	6985683	7.35e+04	0.00	10712	386266998	3.61e+04	1.00
2321	RMHC	IS-MCTS	2	0	2	82	6025623	7.35e+04	1.00	5024	196874646	3.92e+04	0.00
2322	RMHC	IS-MCTS	1	0	1	94	7126345	7.58e+04	1.00	13475	497350266	3.69e+04	0.00
2323	RMHC	IS-MCTS	0	1	1	92	6848454	7.44e+04	0.00	8104	298938691	3.69e+04	1.00
2324	RMHC	IS-MCTS	0	1	1	98	7219537	7.37e+04	0.00	13166	462502458	3.51e+04	1.00
2325	RMHC	IS-MCTS	0	1	1	92	6589812	7.16e+04	0.00	12152	447259778	3.68e+04	1.00
2326	RMHC	IS-MCTS	0	1	1	89	6460208	7.26e+04	0.00	8178	306929783	3.75e+04	1.00
2327	RMHC	IS-MCTS	0	1	1	94	6966797	7.41e+04	0.00	11135	407756463	3.66e+04	1.00
2328	RMHC	IS-MCTS	0	1	1	92	6815100	7.41e+04	0.00	7918	295550263	3.73e+04	1.00
2329	RMHC	IS-MCTS	4	0	4	85	6227323	7.33e+04	1.00	4992	195841799	3.92e+04	0.00
2330	RMHC	IS-MCTS	1	0	1	97	7193620	7.42e+04	1.00	8692	320321508	3.69e+04	0.00
2331	RMHC	IS-MCTS	0	1	1	91	6647522	7.30e+04	0.00	8891	330871616	3.72e+04	1.00
2332	RMHC	IS-MCTS	0	3	3	90	6655219	7.39e+04	0.00	6634	251330648	3.79e+04	1.00
2333	RMHC	IS-MCTS	0	1	1	92	6837767	7.43e+04	0.00	8695	328976881	3.78e+04	1.00
2334	RMHC	IS-MCTS	4	0	4	94	6993147	7.44e+04	1.00	7803	292508337	3.75e+04	0.00
2335	RMHC	IS-MCTS	1	0	1	89	6464267	7.26e+04	1.00	12300	452306722	3.68e+04	0.00
2336	RMHC	IS-MCTS	1	0	1	97	7089452	7.31e+04	1.00	11039	391282270	3.54e+04	0.00
2337	RMHC	IS-MCTS	3	0	3	87	6387395	7.34e+04	1.00	5201	202175386	3.89e+04	0.00
2338	RMHC	IS-MCTS	3	0	3	90	6641942	7.38e+04	1.00	6579	249880181	3.80e+04	0.00
2339	RMHC	IS-MCTS	4	0	4	86	6485384	7.54e+04	1.00	6179	241774069	3.91e+04	0.00
2340	RMHC	IS-MCTS	1	0	1	96	7523158	7.84e+04	1.00	12957	538553310	4.16e+04	0.00
2341	RMHC	IS-MCTS	0	1	1	91	6808499	7.48e+04	0.00	9315	344431986	3.70e+04	1.00
2342	RMHC	IS-MCTS	0	2	2	92	6592607	7.17e+04	0.00	8159	303251998	3.72e+04	1.00
2343	RMHC	IS-MCTS	0	1	1	95	7118242	7.49e+04	0.00	11090	406027403	3.66e+04	1.00
2344	RMHC	IS-MCTS	0	4	4	87	6527189	7.50e+04	0.00	8244	308155564	3.74e+04	1.00
2345	RMHC	IS-MCTS	2	0	2	93	7287934	7.84e+04	1.00	7047	267357534	3.79e+04	0.00
2346	RMHC	IS-MCTS	1	0	1	96	7240791	7.54e+04	1.00	13840	492363898	3.56e+04	0.00
2347	RMHC	IS-MCTS	0	1	1	96	7132067	7.43e+04	0.00	11613	425113015	3.66e+04	1.00
2348	RMHC	IS-MCTS	0	1	1	94	7100399	7.55e+04	0.00	13591	486693429	3.58e+04	1.00
2349	RMHC	IS-MCTS	1	0	1	94	6982903	7.43e+04	1.00	9326	345875152	3.71e+04	0.00
2350	RMHC	IS-MCTS	2	0	2	87	6319869	7.26e+04	1.00	6431	244957128	3.81e+04	0.00
2351	RMHC	IS-MCTS	0	2	2	84	6262983	7.46e+04	0.00	6275	239332301	3.81e+04	1.00
2352	RMHC	IS-MCTS	0	1	1	96	7156780	7.45e+04	0.00	14367	527446148	3.67e+04	1.00
2353	RMHC	IS-MCTS	0	1	1	98	7215269	7.36e+04	0.00	16596	577461304	3.48e+04	1.00
2354	RMHC	IS-MCTS	0	2	2	96	7083747	7.38e+04	0.00	10372	380178282	3.67e+04	1.00
2355	RMHC	IS-MCTS	1	0	1	98	7351741	7.50e+04	1.00	16928	680516094	4.02e+04	0.00
2356	RMHC	IS-MCTS	0	3	3	86	6194931	7.20e+04	0.00	7822	295511677	3.78e+04	1.00
2357	RMHC	IS-MCTS	0	2	2	87	6523838	7.50e+04	0.00	6141	235817351	3.84e+04	1.00
2358	RMHC	IS-MCTS	2	0	2	96	7406265	7.71e+04	1.00	9942	409545311	4.12e+04	0.00
2359	RMHC	IS-MCTS	2	0	2	95	7108565	7.48e+04	1.00	9532	353439408	3.71e+04	0.00
2360	RMHC	IS-MCTS	0	1	1	91	6926322	7.61e+04	0.00	10432	385602745	3.70e+04	1.00
2361	RMHC	IS-MCTS	0	2	2	90	6739728	7.49e+04	0.00	7625	310884128	4.08e+04	1.00
2362	RMHC	IS-MCTS	0	1	1	91	6805388	7.48e+04	0.00	8770	329819360	3.76e+04	1.00
2363	RMHC	IS-MCTS	0	1	1	90	6855627	7.62e+04	0.00	8494	317231982	3.73e+04	1.00
2364	RMHC	IS-MCTS	0	1	1	97	7288437	7.51e+04	0.00	13867	496047437	3.58e+04	1.00
2365	RMHC	IS-MCTS	0	1	1	91	6627184	7.28e+04	0.00	8191	310002540	3.78e+04	1.00
2366	RMHC	IS-MCTS	0	1	1	96	7097212	7.39e+04	0.00	9833	356836718	3.63e+04	1.00
2367	RMHC	IS-MCTS	0	1	1	90	6558871	7.29e+04	0.00	10548	384575783	3.65e+04	1.00
2368	RMHC	IS-MCTS	1	0	1	83	6151540	7.41e+04	1.00	6691	253595810	3.79e+04	0.00
2369	RMHC	IS-MCTS	2	0	2	90	6831278	7.59e+04	1.00	7856	298081992	3.79e+04	0.00
2370	RMHC	IS-MCTS	0	1	1	98	7460592	7.61e+04	0.00	18307	627947738	3.43e+04	1.00
2371	RMHC	IS-MCTS	2	0	2	95	7056075	7.43e+04	1.00	8499	318827797	3.75e+04	0.00
2372	RMHC	IS-MCTS	1	0	1	95	6850849	7.21e+04	1.00	8801	326092933	3.71e+04	0.00
2373	RMHC	IS-MCTS	1	0	1	93	6854047	7.37e+04	1.00	10569	385145153	3.64e+04	0.00
2374	RMHC	IS-MCTS	1	0	1	92	6748420	7.34e+04	1.00	8488	311539885	3.67e+04	0.00
2375	RMHC	IS-MCTS	3	0	3	81	5882044	7.26e+04	1.00	5976	231244246	3.87e+04	0.00
2376	RMHC	IS-MCTS	4	0	4	81	6041999	7.46e+04	1.00	5345	209737467	3.92e+04	0.00
2377	RMHC	IS-MCTS	0	1	1	95	7050934	7.42e+04	0.00	11245	406833650	3.62e+04	1.00
2378	RMHC	IS-MCTS	4	0	4	84	6228643	7.42e+04	1.00	4788	186062447	3.89e+04	0.00
2379	RMHC	IS-MCTS	0	2	2	92	6547273	7.12e+04	0.00	9771	351394417	3.60e+04	1.00
2380	RMHC	IS-MCTS	3	0	3	93	6102087	6.56e+04	1.00	8059	293237422	3.64e+04	0.00
2381	RMHC	IS-MCTS	1	0	1	91	5962681	6.55e+04	1.00	9204	325970200	3.54e+04	0.00
2382	RMHC	IS-MCTS	2	0	2	92	6013213	6.54e+04	1.00	7092	257779107	3.63e+04	0.00
2383	RMHC	IS-MCTS	0	1	1	93	5976429	6.43e+04	0.00	10308	366244653	3.55e+04	1.00
2384	RMHC	IS-MCTS	3	0	3	88	5782732	6.57e+04	1.00	7326	268906558	3.67e+04	0.00
2385	RMHC	IS-MCTS	1	0	1	99	6499942	6.57e+04	1.00	15019	511905456	3.41e+04	0.00
2386	RMHC	IS-MCTS	2	0	2	95	6286073	6.62e+04	1.00	8862	316218238	3.57e+04	0.00
2387	RMHC	IS-MCTS	1	0	1	95	6583341	6.93e+04	1.00	9764	346753386	3.55e+04	0.00
2388	RMHC	IS-MCTS	0	4	4	88	5954815	6.77e+04	0.00	7133	261456732	3.67e+04	1.00
2389	RMHC	IS-MCTS	0	4	4	77	5023736	6.52e+04	0.00	5634	208345667	3.70e+04	1.00
2390	RMHC	IS-MCTS	3	0	3	94	6245311	6.64e+04	1.00	7880	284301709	3.61e+04	0.00
2391	RMHC	IS-MCTS	0	3	3	87	5784002	6.65e+04	0.00	6114	225047232	3.68e+04	1.00
2392	RMHC	IS-MCTS	0	1	1	96	6425838	6.69e+04	0.00	9510	329019549	3.46e+04	1.00
2393	RMHC	IS-MCTS	2	0	2	95	6219525	6.55e+04	1.00	9398	334531951	3.56e+04	0.00
2394	RMHC	IS-MCTS	2	0	2	87	5746215	6.60e+04	1.00	5479	265965681	4.85e+04	0.00
2395	RMHC	IS-MCTS	0	2	2	95	6378479	6.71e+04	0.00	9841	351774735	3.57e+04	1.00
2396	RMHC	IS-MCTS	0	1	1	98	6466708	6.60e+04	0.00	14732	492385394	3.34e+04	1.00
2397	RMHC	IS-MCTS	0	1	1	98	6414564	6.55e+04	0.00	11777	402566610	3.42e+04	1.00
2398	RMHC	IS-MCTS	0	1	1	97	6334865	6.53e+04	0.00	14726	500637926	3.40e+04	1.00
2399	RMHC	IS-MCTS	1	0	1	93	6177261	6.64e+04	1.00	7769	284059712	3.66e+04	0.00
2400	RMHC	IS-MCTS	0	1	1	99	6601108	6.67e+04	0.00	12544	424362464	3.38e+04	1.00
2401	RMHC	IS-MCTS	0	3	3	89	5838252	6.56e+04	0.00	6343	234870008	3.70e+04	1.00
2402	RMHC	IS-MCTS	1	0	1	96	6326255	6.59e+04	1.00	10316	362426948	3.51e+04	0.00
2403	RMHC	IS-MCTS	1	0	1	94	6096267	6.49e+04	1.00	11431	400725261	3.51e+04	0.00
2404	RMHC	IS-MCTS	1	0	1	95	6230017	6.56e+04	1.00	11285	395135132	3.50e+04	0.00
2405	RMHC	IS-MCTS	1	0	1	91	6189593	6.80e+04	1.00	7110	258280367	3.63e+04	0.00
2406	RMHC	IS-MCTS	0	3	3	85	5517680	6.49e+04	0.00	6441	238977493	3.71e+04	1.00
2407	RMHC	IS-MCTS	2	0	2	97	6293388	6.49e+04	1.00	8547	309480290	3.62e+04	0.00
2408	RMHC	IS-MCTS	1	0	1	96	6204163	6.46e+04	1.00	11848	406131065	3.43e+04	0.00
2409	RMHC	IS-MCTS	0	4	4	86	5581510	6.49e+04	0.00	8277	301131127	3.64e+04	1.00
2410	RMHC	IS-MCTS	0	1	1	87	5716997	6.57e+04	0.00	8385	299981186	3.58e+04	1.00
2411	RMHC	IS-MCTS	2	0	2	94	6069385	6.46e+04	1.00	8160	294279485	3.61e+04	0.00
2412	RMHC	IS-MCTS	0	5	5	89	5768123	6.48e+04	0.00	6625	241927298	3.65e+04	1.00
2413	RMHC	IS-MCTS	1	0	1	94	6130274	6.52e+04	1.00	10625	373425642	3.51e+04	0.00
2414	RMHC	IS-MCTS	0	2	2	95	6222636	6.55e+04	0.00	8829	315180229	3.57e+04	1.00
2415	RMHC	IS-MCTS	0	2	2	94	6088465	6.48e+04	0.00	9860	352374953	3.57e+04	1.00
2416	RMHC	IS-MCTS	0	2	2	86	5534132	6.44e+04	0.00	6944	255323187	3.68e+04	1.00
2417	RMHC	IS-MCTS	1	0	1	100	6559356	6.56e+04	1.00	15867	536297003	3.38e+04	0.00
2418	RMHC	IS-MCTS	0	1	1	93	6076507	6.53e+04	0.00	8001	286487136	3.58e+04	1.00
2419	RMHC	IS-MCTS	0	3	3	87	5579255	6.41e+04	0.00	5704	212596881	3.73e+04	1.00
2420	RMHC	IS-MCTS	0	3	3	92	5952017	6.47e+04	0.00	8378	298432653	3.56e+04	1.00
2421	RMHC	IS-MCTS	2	0	2	98	6435528	6.57e+04	1.00	10286	366816838	3.57e+04	0.00
2422	RMHC	IS-MCTS	0	2	2	95	6159440	6.48e+04	0.00	9022	339759726	3.77e+04	1.00
2423	RMHC	IS-MCTS	2	0	2	94	6302732	6.71e+04	1.00	7746	285410791	3.68e+04	0.00
2424	RMHC	IS-MCTS	0	1	1	97	6482570	6.68e+04	0.00	12818	440357824	3.44e+04	1.00
2425	RMHC	IS-MCTS	4	0	4	82	5392504	6.58e+04	1.00	4522	171161703	3.79e+04	0.00
2426	RMHC	IS-MCTS	1	0	1	99	6522264	6.59e+04	1.00	13846	462898918	3.34e+04	0.00
2427	RMHC	IS-MCTS	0	1	1	93	6199540	6.67e+04	0.00	7751	283517531	3.66e+04	1.00
2428	RMHC	IS-MCTS	0	1	1	96	6324332	6.59e+04	0.00	11060	380651974	3.44e+04	1.00
2429	RMHC	IS-MCTS	3	0	3	92	6072363	6.60e+04	1.00	6177	230430384	3.73e+04	0.00
2430	RMHC	IS-MCTS	2	0	2	94	6129871	6.52e+04	1.00	7687	279557980	3.64e+04	0.00
2431	RMHC	IS-MCTS	3	0	3	86	5733797	6.67e+04	1.00	5644	225053928	3.99e+04	0.00
2432	RMHC	IS-MCTS	1	0	1	98	6500422	6.63e+04	1.00	11737	401351244	3.42e+04	0.00
2433	RMHC	IS-MCTS	4	0	4	81	5320957	6.57e+04	1.00	4638	175720739	3.79e+04	0.00
2434	RMHC	IS-MCTS	1	0	1	98	6457836	6.59e+04	1.00	13717	467126295	3.41e+04	0.00
2435	RMHC	IS-MCTS	1	0	1	99	6549249	6.62e+04	1.00	15749	528986952	3.36e+04	0.00
2436	RMHC	IS-MCTS	0	1	1	96	6268899	6.53e+04	0.00	14003	466693593	3.33e+04	1.00
2437	RMHC	IS-MCTS	1	0	1	94	6175958	6.57e+04	1.00	13987	486266085	3.48e+04	0.00
2438	RMHC	IS-MCTS	1	0	1	91	6053640	6.65e+04	1.00	6616	279449981	4.22e+04	0.00
2439	RMHC	IS-MCTS	4	0	4	90	6021198	6.69e+04	1.00	6254	232637143	3.72e+04	0.00
2440	RMHC	IS-MCTS	3	0	3	91	5883046	6.46e+04	1.00	6570	242720440	3.69e+04	0.00
2441	RMHC	IS-MCTS	0	1	1	94	6099932	6.49e+04	0.00	9593	341083618	3.56e+04	1.00
2442	RMHC	IS-MCTS	0	1	1	90	5859777	6.51e+04	0.00	7945	284599422	3.58e+04	1.00
2443	RMHC	IS-MCTS	0	1	1	94	6179561	6.57e+04	0.00	10609	377344732	3.56e+04	1.00
2444	RMHC	IS-MCTS	0	7	7	69	4478276	6.49e+04	0.00	4781	180249194	3.77e+04	1.00
2445	RMHC	IS-MCTS	0	1	1	95	6298813	6.63e+04	0.00	10061	362091752	3.60e+04	1.00
2446	RMHC	IS-MCTS	0	1	1	99	6652123	6.72e+04	0.00	13469	445771262	3.31e+04	1.00
2447	RMHC	IS-MCTS	1	0	1	96	6357500	6.62e+04	1.00	12851	450704121	3.51e+04	0.00
2448	RMHC	IS-MCTS	3	0	3	88	5800219	6.59e+04	1.00	5686	211837931	3.73e+04	0.00
2449	RMHC	IS-MCTS	0	1	1	99	6513678	6.58e+04	0.00	15609	527664255	3.38e+04	1.00
2450	RMHC	IS-MCTS	5	0	5	92	5977758	6.50e+04	1.00	6688	244226043	3.65e+04	0.00
2451	RMHC	IS-MCTS	0	1	1	89	5849150	6.57e+04	0.00	8574	308796458	3.60e+04	1.00
2452	RMHC	IS-MCTS	0	1	1	99	6440168	6.51e+04	0.00	17079	558741049	3.27e+04	1.00
2453	RMHC	IS-MCTS	5	0	5	87	5884630	6.76e+04	1.00	5551	209109382	3.77e+04	0.00
2454	RMHC	IS-MCTS	0	1	1	87	5673276	6.52e+04	0.00	10270	367746241	3.58e+04	1.00
2455	RMHC	IS-MCTS	0	1	1	94	6237103	6.64e+04	0.00	11526	408430947	3.54e+04	1.00
2456	RMHC	IS-MCTS	0	1	1	99	6441650	6.51e+04	0.00	13809	474488644	3.44e+04	1.00
2457	RMHC	IS-MCTS	1	0	1	95	6280043	6.61e+04	1.00	9220	327378075	3.55e+04	0.00
2458	RMHC	IS-MCTS	1	0	1	97	6497642	6.70e+04	1.00	13724	476098566	3.47e+04	0.00
2459	RMHC	IS-MCTS	2	0	2	97	6333751	6.53e+04	1.00	10363	368821538	3.56e+04	0.00
2460	RMHC	IS-MCTS	0	2	2	89	5713219	6.42e+04	0.00	7112	258533876	3.64e+04	1.00
2461	RMHC	IS-MCTS	1	0	1	97	6324149	6.52e+04	1.00	14827	513074731	3.46e+04	0.00
2462	RMHC	IS-MCTS	2	0	2	95	6457454	6.80e+04	1.00	10038	357462028	3.56e+04	0.00
2463	RMHC	IS-MCTS	0	2	2	96	6459051	6.73e+04	0.00	8438	304957213	3.61e+04	1.00
2464	RMHC	IS-MCTS	0	1	1	98	6696059	6.83e+04	0.00	16070	545917565	3.40e+04	1.00
2465	RMHC	IS-MCTS	0	3	3	83	5452501	6.57e+04	0.00	5969	221048482	3.70e+04	1.00
2466	RMHC	IS-MCTS	1	0	1	94	6199451	6.60e+04	1.00	20027	783729719	3.91e+04	0.00
2467	RMHC	IS-MCTS	3	0	3	90	5868393	6.52e+04	1.00	6927	254601070	3.68e+04	0.00
2468	RMHC	IS-MCTS	1	0	1	97	6365174	6.56e+04	1.00	10099	358860526	3.55e+04	0.00
2469	RMHC	IS-MCTS	1	0	1	99	6521414	6.59e+04	1.00	12377	422218609	3.41e+04	0.00
2470	RMHC	IS-MCTS	0	2	2	94	6376106	6.78e+04	0.00	8352	304684026	3.65e+04	1.00
2471	RMHC	IS-MCTS	4	0	4	92	6263009	6.81e+04	1.00	6658	246920552	3.71e+04	0.00
2472	RMHC	IS-MCTS	1	0	1	94	6261663	6.66e+04	1.00	8002	292516821	3.66e+04	0.00
2473	RMHC	IS-MCTS	0	1	1	97	6413908	6.61e+04	0.00	13339	457398783	3.43e+04	1.00
2474	RMHC	IS-MCTS	0	1	1	98	6407637	6.54e+04	0.00	14693	487735290	3.32e+04	1.00
2475	RMHC	IS-MCTS	2	0	2	94	6145908	6.54e+04	1.00	8075	293621641	3.64e+04	0.00
2476	RMHC	IS-MCTS	3	0	3	89	5740677	6.45e+04	1.00	6730	247315351	3.67e+04	0.00
2477	RMHC	IS-MCTS	1	0	1	98	6468817	6.60e+04	1.00	10419	368419359	3.54e+04	0.00
2478	RMHC	IS-MCTS	3	0	3	90	6188214	6.88e+04	1.00	6040	225254393	3.73e+04	0.00
2479	RMHC	IS-MCTS	0	1	1	99	6590525	6.66e+04	0.00	16662	557994010	3.35e+04	1.00
2480	RMHC	IS-MCTS	0	1	1	93	6064406	6.52e+04	0.00	8847	316365235	3.58e+04	1.00
2481	RMHC	IS-MCTS	0	1	1	98	6435652	6.57e+04	0.00	13012	437459334	3.36e+04	1.00
2482	RMHC	IS-MCTS	1	0	1	100	6679305	6.68e+04	1.00	12948	437586864	3.38e+04	0.00
2483	RMHC	IS-MCTS	3	0	3	91	6285059	6.91e+04	1.00	7212	265317145	3.68e+04	0.00
2484	RMHC	IS-MCTS	1	0	1	96	6378785	6.64e+04	1.00	10434	361623575	3.47e+04	0.00
2485	RMHC	IS-MCTS	0	1	1	93	6312931	6.79e+04	0.00	12133	426912013	3.52e+04	1.00
2486	RMHC	IS-MCTS	1	0	1	95	6299718	6.63e+04	1.00	15429	527723940	3.42e+04	0.00
2487	RMHC	IS-MCTS	0	1	1	96	6366120	6.63e+04	0.00	11774	413891750	3.52e+04	1.00
2488	RMHC	IS-MCTS	0	1	1	97	6435592	6.63e+04	0.00	15987	581148265	3.64e+04	1.00
2489	RMHC	IS-MCTS	1	0	1	98	6522725	6.66e+04	1.00	16247	560671560	3.45e+04	0.00
2490	RMHC	IS-MCTS	5	0	5	78	5106899	6.55e+04	1.00	4373	165790348	3.79e+04	0.00
2491	RMHC	IS-MCTS	0	1	1	93	6070556	6.53e+04	0.00	9792	349446775	3.57e+04	1.00
2492	RMHC	IS-MCTS	2	0	2	96	6278731	6.54e+04	1.00	8859	317190118	3.58e+04	0.00
2493	RMHC	IS-MCTS	2	0	2	91	6273688	6.89e+04	1.00	6667	247688570	3.72e+04	0.00
2494	RMHC	IS-MCTS	0	1	1	97	6351968	6.55e+04	0.00	12068	408373615	3.38e+04	1.00
2495	RMHC	IS-MCTS	5	0	5	79	5374299	6.80e+04	1.00	4559	174595856	3.83e+04	0.00
2496	RMHC	IS-MCTS	3	0	3	86	5708921	6.64e+04	1.00	5269	198792074	3.77e+04	0.00
2497	RMHC	IS-MCTS	0	2	2	97	6488847	6.69e+04	0.00	10108	359994131	3.56e+04	1.00
2498	RMHC	IS-MCTS	4	0	4	90	5912842	6.57e+04	1.00	5892	219125178	3.72e+04	0.00
2499	RMHC	IS-MCTS	4	0	4	83	5495312	6.62e+04	1.00	4865	184853114	3.80e+04	0.00
2500	RMHC	IS-MCTS	1	0	1	99	6553380	6.62e+04	1.00	11467	396275988	3.46e+04	0.00
2501	RMHC	IS-MCTS	2	0	2	97	6385142	6.58e+04	1.00	8565	306175333	3.57e+04	0.00
2502	RMHC	OSLA	2	0	2	93	5462863	5.87e+04	1.00	92	6741603	7.33e+04	0.00
2503	RMHC	OSLA	0	2	2	89	5234857	5.88e+04	0.00	89	6621439	7.44e+04	1.00
2504	RMHC	OSLA	0	1	1	90	5392914	5.99e+04	0.00	90	6807435	7.56e+04	1.00
2505	RMHC	OSLA	1	0	1	98	5774755	5.89e+04	1.00	97	7047156	7.27e+04	0.00
2506	RMHC	OSLA	1	0	1	95	5557928	5.85e+04	1.00	94	6827530	7.26e+04	0.00
2507	RMHC	OSLA	3	0	3	95	5563484	5.86e+04	1.00	94	6740611	7.17e+04	0.00
2508	RMHC	OSLA	0	1	1	97	5667704	5.84e+04	0.00	97	7004288	7.22e+04	1.00
2509	RMHC	OSLA	1	0	1	95	5561274	5.85e+04	1.00	94	6786990	7.22e+04	0.00
2510	RMHC	OSLA	2	0	2	92	5369699	5.84e+04	1.00	91	6610966	7.26e+04	0.00
2511	RMHC	OSLA	0	2	2	85	5002275	5.89e+04	0.00	85	6221157	7.32e+04	1.00
2512	RMHC	OSLA	0	3	3	90	5489311	6.10e+04	0.00	90	6779285	7.53e+04	1.00
2513	RMHC	OSLA	0	1	1	95	5590226	5.88e+04	0.00	95	6932249	7.30e+04	1.00
2514	RMHC	OSLA	2	0	2	97	5689700	5.87e+04	1.00	96	7028327	7.32e+04	0.00
2515	RMHC	OSLA	2	0	2	90	5291082	5.88e+04	1.00	89	6394973	7.19e+04	0.00
2516	RMHC	OSLA	1	0	1	95	5501072	5.79e+04	1.00	94	6778539	7.21e+04	0.00
2517	RMHC	OSLA	2	0	2	95	5570294	5.86e+04	1.00	94	6832079	7.27e+04	0.00
2518	RMHC	OSLA	1	0	1	99	5737866	5.80e+04	1.00	98	7115634	7.26e+04	0.00
2519	RMHC	OSLA	0	1	1	85	5024158	5.91e+04	0.00	85	6220068	7.32e+04	1.00
2520	RMHC	OSLA	0	2	2	92	5519010	6.00e+04	0.00	92	6812643	7.41e+04	1.00
2521	RMHC	OSLA	0	1	1	99	6096896	6.16e+04	0.00	99	7536603	7.61e+04	1.00
2522	RMHC	OSLA	0	1	1	95	5714623	6.02e+04	0.00	95	7091564	7.46e+04	1.00
2523	RMHC	OSLA	0	1	1	95	5696093	6.00e+04	0.00	95	7003976	7.37e+04	1.00
2524	RMHC	OSLA	3	0	3	97	5823488	6.00e+04	1.00	96	7207294	7.51e+04	0.00
2525	RMHC	OSLA	0	2	2	87	5105711	5.87e+04	0.00	87	6379812	7.33e+04	1.00
2526	RMHC	OSLA	1	0	1	93	5370161	5.77e+04	1.00	92	6616853	7.19e+04	0.00
2527	RMHC	OSLA	0	2	2	91	5341988	5.87e+04	0.00	91	6690823	7.35e+04	1.00
2528	RMHC	OSLA	1	0	1	89	5276066	5.93e+04	1.00	88	6551000	7.44e+04	0.00
2529	RMHC	OSLA	1	0	1	98	5904879	6.03e+04	1.00	97	7282759	7.51e+04	0.00
2530	RMHC	OSLA	0	1	1	94	5554602	5.91e+04	0.00	94	6868707	7.31e+04	1.00
2531	RMHC	OSLA	1	0	1	99	5919021	5.98e+04	1.00	98	7258663	7.41e+04	0.00
2532	RMHC	OSLA	1	0	1	92	5432042	5.90e+04	1.00	91	6702005	7.36e+04	0.00
2533	RMHC	OSLA	1	0	1	90	5443215	6.05e+04	1.00	89	6688787	7.52e+04	0.00
2534	RMHC	OSLA	0	1	1	99	5821880	5.88e+04	0.00	99	7239648	7.31e+04	1.00
2535	RMHC	OSLA	1	0	1	92	5560645	6.04e+04	1.00	91	6784814	7.46e+04	0.00
2536	RMHC	OSLA	0	3	3	86	4966018	5.77e+04	0.00	86	6153140	7.15e+04	1.00
2537	RMHC	OSLA	1	0	1	100	5792264	5.79e+04	1.00	99	7161428	7.23e+04	0.00
2538	RMHC	OSLA	2	0	2	95	5579540	5.87e+04	1.00	94	6784095	7.22e+04	0.00
2539	RMHC	OSLA	0	1	1	94	5490828	5.84e+04	0.00	94	6818089	7.25e+04	1.00
2540	RMHC	OSLA	0	2	2	97	5660268	5.84e+04	0.00	97	6974249	7.19e+04	1.00
2541	RMHC	OSLA	0	1	1	94	5435739	5.78e+04	0.00	94	6760599	7.19e+04	1.00
2542	RMHC	OSLA	1	0	1	91	5343368	5.87e+04	1.00	90	6558997	7.29e+04	0.00
2543	RMHC	OSLA	0	1	1	80	4718067	5.90e+04	0.00	80	5868767	7.34e+04	1.00
2544	RMHC	OSLA	0	2	2	86	5020598	5.84e+04	0.00	86	6286572	7.31e+04	1.00
2545	RMHC	OSLA	0	1	1	91	5452828	5.99e+04	0.00	91	6876148	7.56e+04	1.00
2546	RMHC	OSLA	0	1	1	88	5106901	5.80e+04	0.00	88	6322786	7.18e+04	1.00
2547	RMHC	OSLA	3	0	3	95	5562297	5.86e+04	1.00	94	6803139	7.24e+04	0.00
2548	RMHC	OSLA	1	0	1	90	5195475	5.77e+04	1.00	89	6435358	7.23e+04	0.00
2549	RMHC	OSLA	0	1	1	96	5622838	5.86e+04	0.00	96	6956050	7.25e+04	1.00
2550	RMHC	OSLA	0	1	1	87	5192156	5.97e+04	0.00	87	6490522	7.46e+04	1.00
2551	RMHC	OSLA	0	1	1	98	5811358	5.93e+04	0.00	98	7163293	7.31e+04	1.00
2552	RMHC	OSLA	0	1	1	89	5327264	5.99e+04	0.00	89	6665530	7.49e+04	1.00
2553	RMHC	OSLA	4	0	4	96	5624895	5.86e+04	1.00	95	6930686	7.30e+04	0.00
2554	RMHC	OSLA	1	0	1	93	5455570	5.87e+04	1.00	92	6681775	7.26e+04	0.00
2555	RMHC	OSLA	0	1	1	99	5753766	5.81e+04	0.00	99	7329484	7.40e+04	1.00
2556	RMHC	OSLA	0	1	1	97	5653728	5.83e+04	0.00	97	6926625	7.14e+04	1.00
2557	RMHC	OSLA	1	0	1	86	5021910	5.84e+04	1.00	85	6165091	7.25e+04	0.00
2558	RMHC	OSLA	3	0	3	87	5217553	6.00e+04	1.00	86	6455478	7.51e+04	0.00
2559	RMHC	OSLA	2	0	2	96	5834322	6.08e+04	1.00	95	7159234	7.54e+04	0.00
2560	RMHC	OSLA	1	0	1	98	6023014	6.15e+04	1.00	97	7448421	7.68e+04	0.00
2561	RMHC	OSLA	4	0	4	89	5340990	6.00e+04	1.00	88	6588645	7.49e+04	0.00
2562	RMHC	OSLA	1	0	1	96	5540414	5.77e+04	1.00	95	6832774	7.19e+04	0.00
2563	RMHC	OSLA	0	2	2	84	4835517	5.76e+04	0.00	84	6066795	7.22e+04	1.00
2564	RMHC	OSLA	6	0	6	80	4693640	5.87e+04	1.00	79	5746326	7.27e+04	0.00
2565	RMHC	OSLA	0	2	2	83	4838888	5.83e+04	0.00	83	6164655	7.43e+04	1.00
2566	RMHC	OSLA	1	0	1	100	5953883	5.95e+04	1.00	99	7459313	7.53e+04	0.00
2567	RMHC	OSLA	1	0	1	100	5941446	5.94e+04	1.00	99	7291891	7.37e+04	0.00
2568	RMHC	OSLA	0	1	1	88	5166546	5.87e+04	0.00	88	6547182	7.44e+04	1.00
2569	RMHC	OSLA	0	2	2	81	4962052	6.13e+04	0.00	81	6162021	7.61e+04	1.00
2570	RMHC	OSLA	1	0	1	96	5689807	5.93e+04	1.00	95	6948716	7.31e+04	0.00
2571	RMHC	OSLA	1	0	1	86	5084628	5.91e+04	1.00	85	6308132	7.42e+04	0.00
2572	RMHC	OSLA	4	0	4	91	5294630	5.82e+04	1.00	90	6576745	7.31e+04	0.00
2573	RMHC	OSLA	4	0	4	80	4678235	5.85e+04	1.00	79	5799205	7.34e+04	0.00
2574	RMHC	OSLA	2	0	2	84	5049196	6.01e+04	1.00	83	6299197	7.59e+04	0.00
2575	RMHC	OSLA	1	0	1	92	5316361	5.78e+04	1.00	91	6535868	7.18e+04	0.00
2576	RMHC	OSLA	3	0	3	92	5422438	5.89e+04	1.00	91	6692428	7.35e+04	0.00
2577	RMHC	OSLA	0	3	3	86	5109253	5.94e+04	0.00	86	6408134	7.45e+04	1.00
2578	RMHC	OSLA	0	3	3	84	4869915	5.80e+04	0.00	84	6117674	7.28e+04	1.00
2579	RMHC	OSLA	0	2	2	97	5771916	5.95e+04	0.00	97	7203851	7.43e+04	1.00
2580	RMHC	OSLA	0	2	2	86	5147543	5.99e+04	0.00	86	6339621	7.37e+04	1.00
2581	RMHC	OSLA	0	2	2	89	5146285	5.78e+04	0.00	89	6455632	7.25e+04	1.00
2582	RMHC	OSLA	2	0	2	99	5728832	5.79e+04	1.00	98	7122363	7.27e+04	0.00
2583	RMHC	OSLA	2	0	2	87	5034117	5.79e+04	1.00	86	6224833	7.24e+04	0.00
2584	RMHC	OSLA	0	2	2	92	5500799	5.98e+04	0.00	92	6801115	7.39e+04	1.00
2585	RMHC	OSLA	0	1	1	90	5384168	5.98e+04	0.00	90	6707961	7.45e+04	1.00
2586	RMHC	OSLA	3	0	3	92	5341560	5.81e+04	1.00	91	6507967	7.15e+04	0.00
2587	RMHC	OSLA	1	0	1	99	5805959	5.86e+04	1.00	98	7144539	7.29e+04	0.00
2588	RMHC	OSLA	3	0	3	90	5210291	5.79e+04	1.00	89	6408127	7.20e+04	0.00
2589	RMHC	OSLA	1	0	1	94	5488261	5.84e+04	1.00	93	6947376	7.47e+04	0.00
2590	RMHC	OSLA	0	2	2	85	4957000	5.83e+04	0.00	85	6236643	7.34e+04	1.00
2591	RMHC	OSLA	0	3	3	93	5626677	6.05e+04	0.00	93	7001441	7.53e+04	1.00
2592	RMHC	OSLA	0	1	1	95	5803566	6.11e+04	0.00	95	7293488	7.68e+04	1.00
2593	RMHC	OSLA	1	0	1	98	5956393	6.08e+04	1.00	97	7373867	7.60e+04	0.00
2594	RMHC	OSLA	1	0	1	89	5321342	5.98e+04	1.00	88	6640743	7.55e+04	0.00
2595	RMHC	OSLA	0	1	1	87	5090151	5.85e+04	0.00	87	6306985	7.25e+04	1.00
2596	RMHC	OSLA	0	5	5	76	4427174	5.83e+04	0.00	76	5528817	7.27e+04	1.00
2597	RMHC	OSLA	2	0	2	85	4989204	5.87e+04	1.00	84	6165383	7.34e+04	0.00
2598	RMHC	OSLA	0	3	3	88	5377244	6.11e+04	0.00	88	6720933	7.64e+04	1.00
2599	RMHC	OSLA	3	0	3	91	5312878	5.84e+04	1.00	90	6493957	7.22e+04	0.00
2600	RMHC	OSLA	0	1	1	97	5647562	5.82e+04	0.00	97	7111231	7.33e+04	1.00
2601	RMHC	OSLA	2	0	2	97	5608571	5.78e+04	1.00	96	7019759	7.31e+04	0.00
2602	RMHC	OSLA	3	0	3	94	5456008	5.80e+04	1.00	93	6743041	7.25e+04	0.00
2603	RMHC	OSLA	1	0	1	94	5487037	5.84e+04	1.00	93	6741816	7.25e+04	0.00
2604	RMHC	OSLA	2	0	2	92	5495154	5.97e+04	1.00	91	6693292	7.36e+04	0.00
2605	RMHC	OSLA	0	2	2	92	5574250	6.06e+04	0.00	92	6830086	7.42e+04	1.00
2606	RMHC	OSLA	0	2	2	88	5333126	6.06e+04	0.00	88	6666282	7.58e+04	1.00
2607	RMHC	OSLA	1	0	1	96	5679795	5.92e+04	1.00	95	7055431	7.43e+04	0.00
2608	RMHC	OSLA	1	0	1	93	5463228	5.87e+04	1.00	92	6711586	7.30e+04	0.00
2609	RMHC	OSLA	1	0	1	94	5419286	5.77e+04	1.00	93	6598602	7.10e+04	0.00
2610	RMHC	OSLA	1	0	1	90	5284360	5.87e+04	1.00	89	6498362	7.30e+04	0.00
2611	RMHC	OSLA	0	3	3	83	4921686	5.93e+04	0.00	83	6165217	7.43e+04	1.00
2612	RMHC	OSLA	6	0	6	79	4667983	5.91e+04	1.00	78	5700769	7.31e+04	0.00
2613	RMHC	OSLA	1	0	1	97	5980511	6.17e+04	1.00	96	7322027	7.63e+04	0.00
2614	RMHC	OSLA	1	0	1	90	5437072	6.04e+04	1.00	89	6748674	7.58e+04	0.00
2615	RMHC	OSLA	0	1	1	94	5449266	5.80e+04	0.00	94	6820857	7.26e+04	1.00
2616	RMHC	OSLA	1	0	1	84	4974124	5.92e+04	1.00	83	6111929	7.36e+04	0.00
2617	RMHC	OSLA	0	1	1	94	5705853	6.07e+04	0.00	94	6966012	7.41e+04	1.00
2618	RMHC	OSLA	2	0	2	87	5158900	5.93e+04	1.00	86	6423678	7.47e+04	0.00
2619	RMHC	OSLA	2	0	2	97	5639915	5.81e+04	1.00	96	6927355	7.22e+04	0.00
2620	RMHC	OSLA	0	1	1	85	4928115	5.80e+04	0.00	85	6148145	7.23e+04	1.00
2621	RMHC	OSLA	4	0	4	85	5067345	5.96e+04	1.00	84	6232910	7.42e+04	0.00
2622	RMHC	OSLA	0	1	1	95	5507814	5.80e+04	0.00	95	6953261	7.32e+04	1.00
2623	RMHC	OSLA	2	0	2	85	4921646	5.79e+04	1.00	84	6058678	7.21e+04	0.00
2624	RMHC	OSLA	0	1	1	93	5527437	5.94e+04	0.00	93	6881064	7.40e+04	1.00
2625	RMHC	OSLA	2	0	2	88	5268035	5.99e+04	1.00	87	6478620	7.45e+04	0.00
2626	RMHC	OSLA	1	0	1	91	5302852	5.83e+04	1.00	90	6518278	7.24e+04	0.00
2627	RMHC	OSLA	0	1	1	94	5495568	5.85e+04	0.00	94	6851389	7.29e+04	1.00
2628	RMHC	OSLA	1	0	1	98	5661955	5.78e+04	1.00	97	6940036	7.15e+04	0.00
2629	RMHC	OSLA	0	1	1	93	5406945	5.81e+04	0.00	93	6729739	7.24e+04	1.00
2630	RMHC	OSLA	3	0	3	96	5665241	5.90e+04	1.00	95	6937225	7.30e+04	0.00
2631	RMHC	OSLA	1	0	1	95	5469549	5.76e+04	1.00	94	6801902	7.24e+04	0.00
2632	RMHC	OSLA	2	0	2	94	5559168	5.91e+04	1.00	93	6823534	7.34e+04	0.00
2633	RMHC	OSLA	0	3	3	90	5359417	5.95e+04	0.00	90	6608207	7.34e+04	1.00
2634	RMHC	OSLA	1	0	1	93	5630486	6.05e+04	1.00	92	6936695	7.54e+04	0.00
2635	RMHC	OSLA	2	0	2	97	5884298	6.07e+04	1.00	96	7157071	7.46e+04	0.00
2636	RMHC	OSLA	1	0	1	97	5917000	6.10e+04	1.00	96	7227331	7.53e+04	0.00
2637	RMHC	OSLA	0	3	3	84	5081371	6.05e+04	0.00	84	6354317	7.56e+04	1.00
2638	RMHC	OSLA	0	3	3	90	5270880	5.86e+04	0.00	90	6569688	7.30e+04	1.00
2639	RMHC	OSLA	1	0	1	79	4701653	5.95e+04	1.00	78	5758388	7.38e+04	0.00
2640	RMHC	OSLA	0	1	1	95	5532137	5.82e+04	0.00	95	6889979	7.25e+04	1.00
2641	RMHC	OSLA	0	2	2	94	5453089	5.80e+04	0.00	94	6770420	7.20e+04	1.00
2642	RMHC	OSLA	2	0	2	93	5471764	5.88e+04	1.00	92	6924358	7.53e+04	0.00
2643	RMHC	OSLA	4	0	4	77	4463222	5.80e+04	1.00	76	5539738	7.29e+04	0.00
2644	RMHC	OSLA	0	1	1	99	5965085	6.03e+04	0.00	99	7182318	7.25e+04	1.00
2645	RMHC	OSLA	2	0	2	96	5655383	5.89e+04	1.00	95	6952819	7.32e+04	0.00
2646	RMHC	OSLA	2	0	2	95	5604301	5.90e+04	1.00	94	6822199	7.26e+04	0.00
2647	RMHC	OSLA	0	1	1	98	5674857	5.79e+04	0.00	98	7060619	7.20e+04	1.00
2648	RMHC	OSLA	5	0	5	91	5283880	5.81e+04	1.00	90	6503739	7.23e+04	0.00
2649	RMHC	OSLA	1	0	1	91	5312566	5.84e+04	1.00	90	6641555	7.38e+04	0.00
2650	RMHC	OSLA	0	3	3	94	5519382	5.87e+04	0.00	94	6905543	7.35e+04	1.00
2651	RMHC	OSLA	1	0	1	98	5837235	5.96e+04	1.00	97	7227761	7.45e+04	0.00
2652	RMHC	OSLA	1	0	1	97	5795853	5.98e+04	1.00	96	7177438	7.48e+04	0.00
2653	RMHC	OSLA	1	0	1	99	5794042	5.85e+04	1.00	98	7118169	7.26e+04	0.00
2654	RMHC	OSLA	1	0	1	95	5540059	5.83e+04	1.00	94	6816304	7.25e+04	0.00
2655	RMHC	OSLA	0	1	1	95	5526138	5.82e+04	0.00	95	6892655	7.26e+04	1.00
2656	RMHC	OSLA	3	0	3	89	5211786	5.86e+04	1.00	88	6447061	7.33e+04	0.00
2657	RMHC	OSLA	1	0	1	91	5579792	6.13e+04	1.00	90	6857989	7.62e+04	0.00
2658	RMHC	OSLA	2	0	2	92	5607877	6.10e+04	1.00	91	6995098	7.69e+04	0.00
2659	RMHC	OSLA	4	0	4	91	5323773	5.85e+04	1.00	90	6470595	7.19e+04	0.00
2660	RMHC	OSLA	0	2	2	96	5621916	5.86e+04	0.00	96	6967737	7.26e+04	1.00
2661	RMHC	OSLA	0	1	1	92	5315620	5.78e+04	0.00	92	6592597	7.17e+04	1.00
2662	RMHC	OSLA	0	5	5	77	4536916	5.89e+04	0.00	77	5621238	7.30e+04	1.00
2663	RMHC	OSLA	0	1	1	94	5507026	5.86e+04	0.00	94	6877096	7.32e+04	1.00
2664	RMHC	OSLA	1	0	1	96	5610737	5.84e+04	1.00	95	6943528	7.31e+04	0.00
2665	RMHC	OSLA	0	1	1	95	5582148	5.88e+04	0.00	95	6988317	7.36e+04	1.00
2666	RMHC	OSLA	1	0	1	93	5439351	5.85e+04	1.00	92	6725165	7.31e+04	0.00
2667	RMHC	OSLA	1	0	1	95	5625978	5.92e+04	1.00	94	6928820	7.37e+04	0.00
2668	RMHC	OSLA	0	1	1	94	5560569	5.92e+04	0.00	94	6952393	7.40e+04	1.00
2669	RMHC	OSLA	2	0	2	85	5040680	5.93e+04	1.00	84	6228034	7.41e+04	0.00
2670	RMHC	OSLA	1	0	1	98	5720881	5.84e+04	1.00	97	7006792	7.22e+04	0.00
2671	RMHC	OSLA	0	2	2	90	5227859	5.81e+04	0.00	90	6546131	7.27e+04	1.00
2672	RMHC	OSLA	0	2	2	93	5458505	5.87e+04	0.00	93	6736297	7.24e+04	1.00
2673	RMHC	OSLA	0	2	2	94	5580042	5.94e+04	0.00	94	6953228	7.40e+04	1.00
2674	RMHC	OSLA	4	0	4	87	5245660	6.03e+04	1.00	86	6415283	7.46e+04	0.00
2675	RMHC	OSLA	0	3	3	97	5899575	6.08e+04	0.00	97	7380048	7.61e+04	1.00
2676	RMHC	OSLA	0	1	1	93	5657518	6.08e+04	0.00	93	7147992	7.69e+04	1.00
2677	RMHC	OSLA	0	1	1	95	5643562	5.94e+04	0.00	95	6903468	7.27e+04	1.00
2678	RMHC	OSLA	2	0	2	97	5851228	6.03e+04	1.00	96	7123234	7.42e+04	0.00
2679	RMHC	OSLA	0	1	1	95	5644907	5.94e+04	0.00	95	6931723	7.30e+04	1.00
2680	RMHC	OSLA	0	1	1	95	5526448	5.82e+04	0.00	95	6858118	7.22e+04	1.00
2681	RMHC	OSLA	2	0	2	92	5399904	5.87e+04	1.00	91	6677556	7.34e+04	0.00
2682	RMHC	OSLA	0	2	2	92	5392810	5.86e+04	0.00	92	6651022	7.23e+04	1.00
2683	RMHC	OSLA	1	0	1	94	5515975	5.87e+04	1.00	93	6801601	7.31e+04	0.00
2684	RMHC	OSLA	1	0	1	85	5074279	5.97e+04	1.00	84	6268127	7.46e+04	0.00
2685	RMHC	OSLA	0	2	2	93	5463373	5.87e+04	0.00	93	6705203	7.21e+04	1.00
2686	RMHC	OSLA	1	0	1	95	5584710	5.88e+04	1.00	94	6832608	7.27e+04	0.00
2687	RMHC	OSLA	0	1	1	93	5517727	5.93e+04	0.00	93	6733206	7.24e+04	1.00
2688	RMHC	OSLA	1	0	1	92	5365362	5.83e+04	1.00	91	6595740	7.25e+04	0.00
2689	RMHC	OSLA	1	0	1	92	5446188	5.92e+04	1.00	91	6696933	7.36e+04	0.00
2690	RMHC	OSLA	0	4	4	90	5415755	6.02e+04	0.00	90	6812484	7.57e+04	1.00
2691	RMHC	OSLA	0	2	2	86	5007723	5.82e+04	0.00	86	6230208	7.24e+04	1.00
2692	RMHC	OSLA	0	3	3	85	5040756	5.93e+04	0.00	85	6323845	7.44e+04	1.00
2693	RMHC	OSLA	0	1	1	96	5865817	6.11e+04	0.00	96	7196505	7.50e+04	1.00
2694	RMHC	OSLA	0	6	6	86	5242135	6.10e+04	0.00	86	6578543	7.65e+04	1.00
2695	RMHC	OSLA	1	0	1	95	5556598	5.85e+04	1.00	94	6773978	7.21e+04	0.00
2696	RMHC	OSLA	1	0	1	97	5713396	5.89e+04	1.00	96	7029169	7.32e+04	0.00
2697	RMHC	OSLA	0	1	1	86	5050192	5.87e+04	0.00	86	6225349	7.24e+04	1.00
2698	RMHC	OSLA	0	1	1	89	5381545	6.05e+04	0.00	89	6741039	7.57e+04	1.00
2699	RMHC	OSLA	2	0	2	86	5065582	5.89e+04	1.00	85	6184802	7.28e+04	0.00
2700	RMHC	OSLA	1	0	1	96	5638564	5.87e+04	1.00	95	6971449	7.34e+04	0.00
2701	RMHC	OSLA	1	0	1	88	5240518	5.96e+04	1.00	87	6311163	7.25e+04	0.00
2702	RMHC	OSLA	1	0	1	96	5773087	6.01e+04	1.00	95	7077971	7.45e+04	0.00
2703	RMHC	OSLA	1	0	1	99	5883262	5.94e+04	1.00	98	7328133	7.48e+04	0.00
2704	RMHC	OSLA	0	1	1	90	5284023	5.87e+04	0.00	90	6636787	7.37e+04	1.00
2705	RMHC	OSLA	1	0	1	92	5524782	6.01e+04	1.00	91	6890366	7.57e+04	0.00
2706	RMHC	OSLA	0	1	1	97	5754576	5.93e+04	0.00	97	7094468	7.31e+04	1.00
2707	RMHC	OSLA	4	0	4	84	5139281	6.12e+04	1.00	83	6337913	7.64e+04	0.00
2708	RMHC	OSLA	0	2	2	83	4873389	5.87e+04	0.00	83	6049674	7.29e+04	1.00
2709	RMHC	OSLA	1	0	1	81	4777956	5.90e+04	1.00	80	5868492	7.34e+04	0.00
2710	RMHC	OSLA	0	5	5	80	4754344	5.94e+04	0.00	80	5997599	7.50e+04	1.00
2711	RMHC	OSLA	1	0	1	88	5182454	5.89e+04	1.00	87	6289241	7.23e+04	0.00
2712	RMHC	OSLA	1	0	1	97	5659798	5.83e+04	1.00	96	7027460	7.32e+04	0.00
2713	RMHC	OSLA	0	3	3	81	4804034	5.93e+04	0.00	81	5970262	7.37e+04	1.00
2714	RMHC	OSLA	0	2	2	85	4929036	5.80e+04	0.00	85	6128204	7.21e+04	1.00
2715	RMHC	OSLA	1	0	1	96	5732273	5.97e+04	1.00	95	7039114	7.41e+04	0.00
2716	RMHC	OSLA	0	2	2	93	5564397	5.98e+04	0.00	93	7027406	7.56e+04	1.00
2717	RMHC	OSLA	5	0	5	82	4933801	6.02e+04	1.00	81	6017448	7.43e+04	0.00
2718	RMHC	OSLA	0	1	1	91	5356826	5.89e+04	0.00	91	6706076	7.37e+04	1.00
2719	RMHC	OSLA	0	1	1	90	5455218	6.06e+04	0.00	90	6671802	7.41e+04	1.00
2720	RMHC	OSLA	1	0	1	94	5656680	6.02e+04	1.00	93	7015259	7.54e+04	0.00
2721	RMHC	OSLA	0	1	1	92	5386601	5.86e+04	0.00	92	6773011	7.36e+04	1.00
2722	RMHC	OSLA	1	0	1	98	5740884	5.86e+04	1.00	97	6982051	7.20e+04	0.00
2723	RMHC	OSLA	0	3	3	88	5167017	5.87e+04	0.00	88	6381880	7.25e+04	1.00
2724	RMHC	OSLA	2	0	2	94	5488579	5.84e+04	1.00	93	6785987	7.30e+04	0.00
2725	RMHC	OSLA	1	0	1	98	5786291	5.90e+04	1.00	97	7165376	7.39e+04	0.00
2726	RMHC	OSLA	2	0	2	80	4701439	5.88e+04	1.00	79	5878909	7.44e+04	0.00
2727	RMHC	OSLA	0	2	2	93	5412091	5.82e+04	0.00	93	6721755	7.23e+04	1.00
2728	RMHC	OSLA	5	0	5	89	5170725	5.81e+04	1.00	88	6420558	7.30e+04	0.00
2729	RMHC	OSLA	0	1	1	96	5697718	5.94e+04	0.00	96	7031334	7.32e+04	1.00
2730	RMHC	OSLA	0	2	2	92	5348336	5.81e+04	0.00	92	6598501	7.17e+04	1.00
2731	RMHC	OSLA	5	0	5	79	4734591	5.99e+04	1.00	78	5808525	7.45e+04	0.00
2732	RMHC	OSLA	2	0	2	86	5097629	5.93e+04	1.00	85	6272302	7.38e+04	0.00
2733	RMHC	OSLA	3	0	3	88	5459361	6.20e+04	1.00	87	6568373	7.55e+04	0.00
2734	RMHC	OSLA	0	4	4	84	4907690	5.84e+04	0.00	84	6098340	7.26e+04	1.00
2735	RMHC	OSLA	0	1	1	94	5611693	5.97e+04	0.00	94	7044400	7.49e+04	1.00
2736	RMHC	OSLA	1	0	1	96	5772462	6.01e+04	1.00	95	7184162	7.56e+04	0.00
2737	RMHC	OSLA	2	0	2	95	5757859	6.06e+04	1.00	94	7101711	7.56e+04	0.00
2738	RMHC	OSLA	0	3	3	83	5039574	6.07e+04	0.00	83	6201229	7.47e+04	1.00
2739	RMHC	OSLA	1	0	1	97	5759635	5.94e+04	1.00	96	7046466	7.34e+04	0.00
2740	RMHC	OSLA	0	2	2	91	5316812	5.84e+04	0.00	91	6645343	7.30e+04	1.00
2741	RMHC	OSLA	1	0	1	95	5612137	5.91e+04	1.00	94	6932010	7.37e+04	0.00
2742	RMHC	OSLA	3	0	3	94	5554954	5.91e+04	1.00	93	6982725	7.51e+04	0.00
2743	RMHC	OSLA	1	0	1	88	5347415	6.08e+04	1.00	87	6552057	7.53e+04	0.00
2744	RMHC	OSLA	0	1	1	95	5550294	5.84e+04	0.00	95	6875220	7.24e+04	1.00
2745	RMHC	OSLA	0	1	1	99	5830743	5.89e+04	0.00	99	7284725	7.36e+04	1.00
2746	RMHC	OSLA	0	5	5	87	5038280	5.79e+04	0.00	87	6254446	7.19e+04	1.00
2747	RMHC	OSLA	1	0	1	92	5426766	5.90e+04	1.00	91	6614501	7.27e+04	0.00
2748	RMHC	OSLA	0	1	1	99	5746925	5.80e+04	0.00	99	7180274	7.25e+04	1.00
2749	RMHC	OSLA	0	2	2	93	5466620	5.88e+04	0.00	93	6834533	7.35e+04	1.00
2750	RMHC	OSLA	0	5	5	78	4579219	5.87e+04	0.00	78	5763559	7.39e+04	1.00
2751	RMHC	OSLA	1	0	1	88	5173848	5.88e+04	1.00	87	6328834	7.27e+04	0.00
2752	RMHC	OSLA	2	0	2	96	5647497	5.88e+04	1.00	95	7038185	7.41e+04	0.00
2753	RMHC	OSLA	2	0	2	95	5701269	6.00e+04	1.00	94	6980144	7.43e+04	0.00
2754	RMHC	OSLA	0	3	3	94	5527648	5.88e+04	0.00	94	6941163	7.38e+04	1.00
2755	RMHC	OSLA	0	1	1	92	5631045	6.12e+04	0.00	92	7087862	7.70e+04	1.00
2756	RMHC	OSLA	0	1	1	93	5648278	6.07e+04	0.00	93	6967015	7.49e+04	1.00
2757	RMHC	OSLA	1	0	1	95	5564807	5.86e+04	1.00	94	6891340	7.33e+04	0.00
2758	RMHC	OSLA	4	0	4	78	4513455	5.79e+04	1.00	77	5538132	7.19e+04	0.00
2759	RMHC	OSLA	1	0	1	95	5682952	5.98e+04	1.00	94	7024209	7.47e+04	0.00
2760	RMHC	OSLA	3	0	3	92	5620481	6.11e+04	1.00	91	7040692	7.74e+04	0.00
2761	RMHC	OSLA	0	1	1	95	5652392	5.95e+04	0.00	95	6986677	7.35e+04	1.00
2762	RMHC	OSLA	0	2	2	94	5517498	5.87e+04	0.00	94	6834657	7.27e+04	1.00
2763	RMHC	OSLA	0	1	1	97	5620951	5.79e+04	0.00	97	7072726	7.29e+04	1.00
2764	RMHC	OSLA	2	0	2	96	5610032	5.84e+04	1.00	95	6816651	7.18e+04	0.00
2765	RMHC	OSLA	0	1	1	91	5289282	5.81e+04	0.00	91	6549702	7.20e+04	1.00
2766	RMHC	OSLA	1	0	1	93	5427542	5.84e+04	1.00	92	6716309	7.30e+04	0.00
2767	RMHC	OSLA	1	0	1	93	5526014	5.94e+04	1.00	92	6734180	7.32e+04	0.00
2768	RMHC	OSLA	0	1	1	98	5834224	5.95e+04	0.00	98	7316329	7.47e+04	1.00
2769	RMHC	OSLA	2	0	2	88	5209262	5.92e+04	1.00	87	6427781	7.39e+04	0.00
2770	RMHC	OSLA	0	1	1	93	5678544	6.11e+04	0.00	93	7085456	7.62e+04	1.00
2771	RMHC	OSLA	0	1	1	90	5270565	5.86e+04	0.00	90	6533697	7.26e+04	1.00
2772	RMHC	OSLA	0	1	1	93	5356878	5.76e+04	0.00	93	6664541	7.17e+04	1.00
2773	RMHC	OSLA	0	1	1	93	5392551	5.80e+04	0.00	93	6682052	7.19e+04	1.00
2774	RMHC	OSLA	1	0	1	96	5630114	5.86e+04	1.00	95	6904178	7.27e+04	0.00
2775	RMHC	OSLA	1	0	1	96	5692268	5.93e+04	1.00	95	6951441	7.32e+04	0.00
2776	RMHC	OSLA	0	1	1	90	5289467	5.88e+04	0.00	90	6552378	7.28e+04	1.00
2777	RMHC	OSLA	0	1	1	97	5794309	5.97e+04	0.00	97	7196103	7.42e+04	1.00
2778	RMHC	OSLA	0	1	1	98	5719962	5.84e+04	0.00	98	7152863	7.30e+04	1.00
2779	RMHC	OSLA	0	1	1	88	5217588	5.93e+04	0.00	88	6432216	7.31e+04	1.00
2780	RMHC	OSLA	1	0	1	98	5932344	6.05e+04	1.00	97	7268079	7.49e+04	0.00
2781	RMHC	OSLA	0	4	4	79	4690304	5.94e+04	0.00	79	5870038	7.43e+04	1.00
2782	RMHC	OSLA	0	3	3	88	5247063	5.96e+04	0.00	88	6484159	7.37e+04	1.00
2783	RMHC	OSLA	0	1	1	87	5278696	6.07e+04	0.00	87	6585586	7.57e+04	1.00
2784	RMHC	OSLA	0	1	1	91	5330183	5.86e+04	0.00	91	6605002	7.26e+04	1.00
2785	RMHC	OSLA	0	1	1	92	5421877	5.89e+04	0.00	92	6822785	7.42e+04	1.00
2786	RMHC	OSLA	2	0	2	95	5551095	5.84e+04	1.00	94	6869561	7.31e+04	0.00
2787	RMHC	OSLA	0	1	1	95	5668946	5.97e+04	0.00	95	6985954	7.35e+04	1.00
2788	RMHC	OSLA	0	1	1	97	5741433	5.92e+04	0.00	97	7192865	7.42e+04	1.00
2789	RMHC	OSLA	0	1	1	94	5527891	5.88e+04	0.00	94	6897765	7.34e+04	1.00
2790	RMHC	OSLA	1	0	1	94	5596950	5.95e+04	1.00	93	6865571	7.38e+04	0.00
2791	RMHC	OSLA	0	1	1	90	5456219	6.06e+04	0.00	90	6789803	7.54e+04	1.00
2792	RMHC	OSLA	2	0	2	87	5096716	5.86e+04	1.00	86	6276991	7.30e+04	0.00
2793	RMHC	OSLA	0	5	5	87	5165559	5.94e+04	0.00	87	6377812	7.33e+04	1.00
2794	RMHC	OSLA	1	0	1	99	5928957	5.99e+04	1.00	98	7413232	7.56e+04	0.00
2795	RMHC	OSLA	0	2	2	96	5716597	5.95e+04	0.00	96	7135895	7.43e+04	1.00
2796	RMHC	OSLA	2	0	2	90	5431627	6.04e+04	1.00	89	6693483	7.52e+04	0.00
2797	RMHC	OSLA	2	0	2	93	5493460	5.91e+04	1.00	92	6707442	7.29e+04	0.00
2798	RMHC	OSLA	1	0	1	97	5701145	5.88e+04	1.00	96	6943889	7.23e+04	0.00
2799	RMHC	OSLA	0	2	2	97	5658549	5.83e+04	0.00	97	7070236	7.29e+04	1.00
2800	RMHC	OSLA	0	1	1	86	4956452	5.76e+04	0.00	86	6143752	7.14e+04	1.00
2801	RMHC	OSLA	0	3	3	90	5225737	5.81e+04	0.00	90	6587976	7.32e+04	1.00
2802	RMHC	OSLA	1	0	1	94	5691888	6.06e+04	1.00	93	7083394	7.62e+04	0.00
2803	RMHC	OSLA	0	1	1	96	5798770	6.04e+04	0.00	96	7280746	7.58e+04	1.00
2804	RMHC	OSLA	3	0	3	87	5256382	6.04e+04	1.00	86	6502520	7.56e+04	0.00
2805	RMHC	OSLA	0	1	1	96	5607934	5.84e+04	0.00	96	6937457	7.23e+04	1.00
2806	RMHC	OSLA	1	0	1	96	5557319	5.79e+04	1.00	95	6830556	7.19e+04	0.00
2807	RMHC	OSLA	1	0	1	95	5513494	5.80e+04	1.00	94	6796905	7.23e+04	0.00
2808	RMHC	OSLA	2	0	2	89	5267091	5.92e+04	1.00	88	6400542	7.27e+04	0.00
2809	RMHC	OSLA	2	0	2	92	5388652	5.86e+04	1.00	91	6655039	7.31e+04	0.00
2810	RMHC	OSLA	0	3	3	91	5516071	6.06e+04	0.00	91	6828184	7.50e+04	1.00
2811	RMHC	OSLA	1	0	1	98	5965624	6.09e+04	1.00	97	7370355	7.60e+04	0.00
2812	RMHC	OSLA	0	1	1	83	4909913	5.92e+04	0.00	83	6238440	7.52e+04	1.00
2813	RMHC	OSLA	3	0	3	94	5481187	5.83e+04	1.00	93	6696210	7.20e+04	0.00
2814	RMHC	OSLA	0	2	2	94	5400407	5.75e+04	0.00	94	6758953	7.19e+04	1.00
2815	RMHC	OSLA	0	2	2	88	5244246	5.96e+04	0.00	88	6401511	7.27e+04	1.00
2816	RMHC	OSLA	4	0	4	85	5104188	6.00e+04	1.00	84	6249591	7.44e+04	0.00
2817	RMHC	OSLA	0	2	2	93	5421602	5.83e+04	0.00	93	6731004	7.24e+04	1.00
2818	RMHC	OSLA	0	1	1	94	5475156	5.82e+04	0.00	94	6784660	7.22e+04	1.00
2819	RMHC	OSLA	0	1	1	94	5609430	5.97e+04	0.00	94	6898263	7.34e+04	1.00
2820	RMHC	OSLA	2	0	2	97	5705206	5.88e+04	1.00	96	7059944	7.35e+04	0.00
2821	RMHC	OSLA	4	0	4	89	5270013	5.92e+04	1.00	88	6544887	7.44e+04	0.00
2822	RMHC	OSLA	0	1	1	96	5800075	6.04e+04	0.00	96	7267905	7.57e+04	1.00
2823	RMHC	OSLA	0	2	2	90	5506874	6.12e+04	0.00	90	6831331	7.59e+04	1.00
2824	RMHC	OSLA	2	0	2	93	5450841	5.86e+04	1.00	92	6663123	7.24e+04	0.00
2825	RMHC	OSLA	0	2	2	82	4805144	5.86e+04	0.00	82	5978175	7.29e+04	1.00
2826	RMHC	OSLA	1	0	1	96	5827990	6.07e+04	1.00	95	7030037	7.40e+04	0.00
2827	RMHC	OSLA	4	0	4	76	4621373	6.08e+04	1.00	75	5701734	7.60e+04	0.00
2828	RMHC	OSLA	1	0	1	96	5645243	5.88e+04	1.00	95	7045251	7.42e+04	0.00
2829	RMHC	OSLA	1	0	1	92	5493895	5.97e+04	1.00	91	6807377	7.48e+04	0.00
2830	RMHC	OSLA	0	1	1	89	5384168	6.05e+04	0.00	89	6808377	7.65e+04	1.00
2831	RMHC	OSLA	0	1	1	95	5576441	5.87e+04	0.00	95	6843513	7.20e+04	1.00
2832	RMHC	OSLA	1	0	1	96	5645604	5.88e+04	1.00	95	6969891	7.34e+04	0.00
2833	RMHC	OSLA	1	0	1	91	5336685	5.86e+04	1.00	90	6546233	7.27e+04	0.00
2834	RMHC	OSLA	0	1	1	88	5159595	5.86e+04	0.00	88	6388905	7.26e+04	1.00
2835	RMHC	OSLA	0	1	1	99	5942073	6.00e+04	0.00	99	7346155	7.42e+04	1.00
2836	RMHC	OSLA	0	1	1	87	5198158	5.97e+04	0.00	87	6472254	7.44e+04	1.00
2837	RMHC	OSLA	4	0	4	79	4598611	5.82e+04	1.00	78	5661861	7.26e+04	0.00
2838	RMHC	OSLA	4	0	4	90	5388146	5.99e+04	1.00	89	6668969	7.49e+04	0.00
2839	RMHC	OSLA	0	1	1	98	6019421	6.14e+04	0.00	98	7410982	7.56e+04	1.00
2840	RMHC	OSLA	1	0	1	92	5544126	6.03e+04	1.00	91	6791119	7.46e+04	0.00
2841	RMHC	OSLA	5	0	5	82	4715411	5.75e+04	1.00	81	5844915	7.22e+04	0.00
2842	RMHC	OSLA	0	3	3	89	5256894	5.91e+04	0.00	89	6453005	7.25e+04	1.00
2843	RMHC	OSLA	0	1	1	87	5350295	6.15e+04	0.00	87	6608221	7.60e+04	1.00
2844	RMHC	OSLA	0	4	4	90	5280918	5.87e+04	0.00	90	6594786	7.33e+04	1.00
2845	RMHC	OSLA	0	3	3	85	5034384	5.92e+04	0.00	85	6418439	7.55e+04	1.00
2846	RMHC	OSLA	0	1	1	97	5907836	6.09e+04	0.00	97	7123344	7.34e+04	1.00
2847	RMHC	OSLA	2	0	2	92	5401929	5.87e+04	1.00	91	6625666	7.28e+04	0.00
2848	RMHC	OSLA	0	1	1	86	4987020	5.80e+04	0.00	86	6203386	7.21e+04	1.00
2849	RMHC	OSLA	5	0	5	87	5231413	6.01e+04	1.00	86	6427029	7.47e+04	0.00
2850	RMHC	OSLA	2	0	2	88	5289632	6.01e+04	1.00	87	6454496	7.42e+04	0.00
2851	RMHC	OSLA	2	0	2	88	5214234	5.93e+04	1.00	87	6338293	7.29e+04	0.00
2852	RMHC	OSLA	0	6	6	77	4508748	5.86e+04	0.00	77	5630644	7.31e+04	1.00
2853	RMHC	OSLA	6	0	6	77	4463222	5.80e+04	1.00	76	5543876	7.29e+04	0.00
2854	RMHC	OSLA	0	2	2	89	5189565	5.83e+04	0.00	89	6434326	7.23e+04	1.00
2855	RMHC	OSLA	3	0	3	95	5549369	5.84e+04	1.00	94	6943005	7.39e+04	0.00
2856	RMHC	OSLA	2	0	2	89	5340792	6.00e+04	1.00	88	6471257	7.35e+04	0.00
2857	RMHC	OSLA	1	0	1	92	5684259	6.18e+04	1.00	91	6907539	7.59e+04	0.00
2858	RMHC	OSLA	1	0	1	95	5564759	5.86e+04	1.00	94	6752382	7.18e+04	0.00
2859	RMHC	OSLA	0	3	3	89	5141369	5.78e+04	0.00	89	6343601	7.13e+04	1.00
2860	RMHC	OSLA	0	2	2	92	5407797	5.88e+04	0.00	92	6719002	7.30e+04	1.00
2861	RMHC	OSLA	0	1	1	93	5499806	5.91e+04	0.00	93	6836023	7.35e+04	1.00
2862	RMHC	OSLA	1	0	1	96	5675729	5.91e+04	1.00	95	7010785	7.38e+04	0.00
2863	RMHC	OSLA	3	0	3	82	4942122	6.03e+04	1.00	81	5992278	7.40e+04	0.00
2864	RMHC	OSLA	1	0	1	99	5771794	5.83e+04	1.00	98	7122054	7.27e+04	0.00
2865	RMHC	OSLA	3	0	3	82	4763330	5.81e+04	1.00	81	5885097	7.27e+04	0.00
2866	RMHC	OSLA	1	0	1	97	5788206	5.97e+04	1.00	96	7093353	7.39e+04	0.00
2867	RMHC	OSLA	0	1	1	97	5710904	5.89e+04	0.00	97	7159500	7.38e+04	1.00
2868	RMHC	OSLA	1	0	1	100	5896008	5.90e+04	1.00	99	7255964	7.33e+04	0.00
2869	RMHC	OSLA	0	1	1	88	5227788	5.94e+04	0.00	88	6470591	7.35e+04	1.00
2870	RMHC	OSLA	4	0	4	82	4970131	6.06e+04	1.00	81	6087958	7.52e+04	0.00
2871	RMHC	OSLA	1	0	1	92	5313632	5.78e+04	1.00	91	6591532	7.24e+04	0.00
2872	RMHC	OSLA	4	0	4	91	5307249	5.83e+04	1.00	90	6603447	7.34e+04	0.00
2873	RMHC	OSLA	2	0	2	89	5393724	6.06e+04	1.00	88	6628255	7.53e+04	0.00
2874	RMHC	OSLA	0	2	2	81	4722032	5.83e+04	0.00	81	5824693	7.19e+04	1.00
2875	RMHC	OSLA	0	2	2	83	4981234	6.00e+04	0.00	83	6121425	7.38e+04	1.00
2876	RMHC	OSLA	0	1	1	98	5636358	5.75e+04	0.00	98	7118065	7.26e+04	1.00
2877	RMHC	OSLA	2	0	2	82	4786463	5.84e+04	1.00	81	5818219	7.18e+04	0.00
2878	RMHC	OSLA	1	0	1	92	5500751	5.98e+04	1.00	91	6856451	7.53e+04	0.00
2879	RMHC	OSLA	0	1	1	96	5593287	5.83e+04	0.00	96	6996495	7.29e+04	1.00
2880	RMHC	OSLA	2	0	2	80	4816077	6.02e+04	1.00	79	5886289	7.45e+04	0.00
2881	RMHC	OSLA	0	3	3	85	5059173	5.95e+04	0.00	85	6362950	7.49e+04	1.00
2882	RMHC	OSLA	0	1	1	93	5389790	5.80e+04	0.00	93	6700339	7.20e+04	1.00
2883	RMHC	OSLA	1	0	1	100	5780713	5.78e+04	1.00	99	7168910	7.24e+04	0.00
2884	RMHC	OSLA	1	0	1	100	5703165	5.70e+04	1.00	99	7095313	7.17e+04	0.00
2885	RMHC	OSLA	0	2	2	92	5626837	6.12e+04	0.00	92	6985457	7.59e+04	1.00
2886	RMHC	OSLA	2	0	2	93	5392204	5.80e+04	1.00	92	6625842	7.20e+04	0.00
2887	RMHC	OSLA	0	3	3	78	4553818	5.84e+04	0.00	78	5672989	7.27e+04	1.00
2888	RMHC	OSLA	0	1	1	97	5663260	5.84e+04	0.00	97	7066747	7.29e+04	1.00
2889	RMHC	OSLA	1	0	1	98	5937599	6.06e+04	1.00	97	7398654	7.63e+04	0.00
2890	RMHC	OSLA	1	0	1	95	5718684	6.02e+04	1.00	94	6942920	7.39e+04	0.00
2891	RMHC	OSLA	0	1	1	91	5490295	6.03e+04	0.00	91	6902716	7.59e+04	1.00
2892	RMHC	OSLA	0	1	1	95	5529784	5.82e+04	0.00	95	6899576	7.26e+04	1.00
2893	RMHC	OSLA	7	0	7	89	5167319	5.81e+04	1.00	88	6316509	7.18e+04	0.00
2894	RMHC	OSLA	1	0	1	98	5743941	5.86e+04	1.00	97	7142793	7.36e+04	0.00
2895	RMHC	OSLA	1	0	1	90	5232596	5.81e+04	1.00	89	6448693	7.25e+04	0.00
2896	RMHC	OSLA	2	0	2	92	5410793	5.88e+04	1.00	91	6700946	7.36e+04	0.00
2897	RMHC	OSLA	0	5	5	91	5411224	5.95e+04	0.00	91	6847643	7.52e+04	1.00
2898	RMHC	OSLA	0	1	1	92	5652935	6.14e+04	0.00	92	6992259	7.60e+04	1.00
2899	RMHC	OSLA	0	1	1	96	5537330	5.77e+04	0.00	96	7016149	7.31e+04	1.00
2900	RMHC	OSLA	0	2	2	94	5487985	5.84e+04	0.00	94	6835062	7.27e+04	1.00
2901	RMHC	OSLA	0	2	2	91	5326233	5.85e+04	0.00	91	6657377	7.32e+04	1.00
2902	RMHC	OSLA	0	1	1	93	5421653	5.83e+04	0.00	93	7050724	7.58e+04	1.00
2903	RMHC	OSLA	1	0	1	87	5167106	5.94e+04	1.00	86	6341348	7.37e+04	0.00
2904	RMHC	OSLA	0	1	1	98	6112953	6.24e+04	0.00	98	7530768	7.68e+04	1.00
2905	RMHC	OSLA	1	0	1	91	5579071	6.13e+04	1.00	90	6707384	7.45e+04	0.00
2906	RMHC	OSLA	1	0	1	97	5648991	5.82e+04	1.00	96	6956289	7.25e+04	0.00
2907	RMHC	OSLA	0	3	3	87	5068979	5.83e+04	0.00	87	6341466	7.29e+04	1.00
2908	RMHC	OSLA	3	0	3	87	5058299	5.81e+04	1.00	86	6238793	7.25e+04	0.00
2909	RMHC	OSLA	0	1	1	96	5828358	6.07e+04	0.00	96	7258991	7.56e+04	1.00
2910	RMHC	OSLA	0	4	4	88	5322314	6.05e+04	0.00	88	6618021	7.52e+04	1.00
2911	RMHC	OSLA	0	1	1	91	5232213	5.75e+04	0.00	91	6490159	7.13e+04	1.00
2912	RMHC	OSLA	0	3	3	81	4728530	5.84e+04	0.00	81	5914199	7.30e+04	1.00
2913	RMHC	OSLA	0	1	1	90	5308408	5.90e+04	0.00	90	6579404	7.31e+04	1.00
2914	RMHC	OSLA	0	1	1	92	5338899	5.80e+04	0.00	92	6597044	7.17e+04	1.00
2915	RMHC	OSLA	4	0	4	84	5050825	6.01e+04	1.00	83	6119323	7.37e+04	0.00
2916	RMHC	OSLA	0	3	3	74	4530592	6.12e+04	0.00	74	5549926	7.50e+04	1.00
2917	RMHC	OSLA	0	1	1	98	5950581	6.07e+04	0.00	98	7318663	7.47e+04	1.00
2918	RMHC	OSLA	0	2	2	91	5472625	6.01e+04	0.00	91	6858577	7.54e+04	1.00
2919	RMHC	OSLA	0	2	2	75	4696580	6.26e+04	0.00	75	5790349	7.72e+04	1.00
2920	RMHC	OSLA	0	1	1	96	5787147	6.03e+04	0.00	96	7184454	7.48e+04	1.00
2921	RMHC	OSLA	1	0	1	95	5666487	5.96e+04	1.00	94	7126988	7.58e+04	0.00
2922	RMHC	OSLA	3	0	3	95	5740898	6.04e+04	1.00	94	7111920	7.57e+04	0.00
2923	RMHC	OSLA	4	0	4	89	5302146	5.96e+04	1.00	88	6578406	7.48e+04	0.00
2924	RMHC	OSLA	1	0	1	93	5402039	5.81e+04	1.00	92	6818785	7.41e+04	0.00
2925	RMHC	OSLA	0	3	3	93	5415882	5.82e+04	0.00	93	6936459	7.46e+04	1.00
2926	RMHC	OSLA	1	0	1	98	5706969	5.82e+04	1.00	97	7095534	7.31e+04	0.00
2927	RMHC	OSLA	0	1	1	93	5379632	5.78e+04	0.00	93	6697373	7.20e+04	1.00
2928	RMHC	OSLA	0	1	1	97	5630425	5.80e+04	0.00	97	7063250	7.28e+04	1.00
2929	RMHC	OSLA	0	1	1	95	5566735	5.86e+04	0.00	95	6889371	7.25e+04	1.00
2930	RMHC	OSLA	4	0	4	87	5060894	5.82e+04	1.00	86	6234561	7.25e+04	0.00
2931	RMHC	OSLA	1	0	1	94	5640152	6.00e+04	1.00	93	6933267	7.46e+04	0.00
2932	RMHC	OSLA	2	0	2	90	5386617	5.99e+04	1.00	89	6692164	7.52e+04	0.00
2933	RMHC	OSLA	0	2	2	90	5309248	5.90e+04	0.00	90	6579343	7.31e+04	1.00
2934	RMHC	OSLA	2	0	2	89	5251849	5.90e+04	1.00	88	6448414	7.33e+04	0.00
2935	RMHC	OSLA	0	1	1	91	5547651	6.10e+04	0.00	91	6861385	7.54e+04	1.00
2936	RMHC	OSLA	0	2	2	91	5497216	6.04e+04	0.00	91	6873807	7.55e+04	1.00
2937	RMHC	OSLA	3	0	3	70	4027400	5.75e+04	1.00	69	4886310	7.08e+04	0.00
2938	RMHC	OSLA	4	0	4	89	5193588	5.84e+04	1.00	88	6404530	7.28e+04	0.00
2939	RMHC	OSLA	0	2	2	90	5255175	5.84e+04	0.00	90	6636235	7.37e+04	1.00
2940	RMHC	OSLA	0	2	2	94	5690997	6.05e+04	0.00	94	7030414	7.48e+04	1.00
2941	RMHC	OSLA	0	3	3	89	5395701	6.06e+04	0.00	89	6721795	7.55e+04	1.00
2942	RMHC	OSLA	2	0	2	82	4750009	5.79e+04	1.00	81	5837580	7.21e+04	0.00
2943	RMHC	OSLA	0	2	2	91	5460134	6.00e+04	0.00	91	6747170	7.41e+04	1.00
2944	RMHC	OSLA	0	1	1	87	5068402	5.83e+04	0.00	87	6264187	7.20e+04	1.00
2945	RMHC	OSLA	1	0	1	94	5460732	5.81e+04	1.00	93	6774444	7.28e+04	0.00
2946	RMHC	OSLA	0	1	1	97	5649799	5.82e+04	0.00	97	7135811	7.36e+04	1.00
2947	RMHC	OSLA	3	0	3	93	5457074	5.87e+04	1.00	92	6804080	7.40e+04	0.00
2948	RMHC	OSLA	3	0	3	92	5424668	5.90e+04	1.00	91	6701714	7.36e+04	0.00
2949	RMHC	OSLA	4	0	4	87	5281508	6.07e+04	1.00	86	6500285	7.56e+04	0.00
2950	RMHC	OSLA	2	0	2	86	5031618	5.85e+04	1.00	85	6137581	7.22e+04	0.00
2951	RMHC	OSLA	0	3	3	90	5289965	5.88e+04	0.00	90	6579020	7.31e+04	1.00
2952	RMHC	OSLA	0	1	1	95	5769493	6.07e+04	0.00	95	7164316	7.54e+04	1.00
2953	RMHC	OSLA	1	0	1	96	5884264	6.13e+04	1.00	95	7207212	7.59e+04	0.00
2954	RMHC	OSLA	3	0	3	78	4748325	6.09e+04	1.00	77	5837504	7.58e+04	0.00
2955	RMHC	OSLA	0	2	2	82	4814760	5.87e+04	0.00	82	5989925	7.30e+04	1.00
2956	RMHC	OSLA	2	0	2	95	5523726	5.81e+04	1.00	94	6873392	7.31e+04	0.00
2957	RMHC	OSLA	4	0	4	92	5281997	5.74e+04	1.00	91	6592630	7.24e+04	0.00
2958	RMHC	OSLA	0	3	3	93	5453179	5.86e+04	0.00	93	6793346	7.30e+04	1.00
2959	RMHC	OSLA	2	0	2	96	5633761	5.87e+04	1.00	95	6859757	7.22e+04	0.00
2960	RMHC	OSLA	0	1	1	92	5420307	5.89e+04	0.00	92	6837369	7.43e+04	1.00
2961	RMHC	OSLA	1	0	1	88	5305479	6.03e+04	1.00	87	6472764	7.44e+04	0.00
2962	RMHC	OSLA	0	3	3	87	4969986	5.71e+04	0.00	87	6271002	7.21e+04	1.00
2963	RMHC	OSLA	3	0	3	95	5489452	5.78e+04	1.00	94	6817015	7.25e+04	0.00
2964	RMHC	OSLA	1	0	1	94	5565201	5.92e+04	1.00	93	6838881	7.35e+04	0.00
2965	RMHC	OSLA	3	0	3	93	5487625	5.90e+04	1.00	92	6838769	7.43e+04	0.00
2966	RMHC	OSLA	1	0	1	93	5601732	6.02e+04	1.00	92	6916510	7.52e+04	0.00
2967	RMHC	OSLA	0	1	1	94	5673210	6.04e+04	0.00	94	7067475	7.52e+04	1.00
2968	RMHC	OSLA	1	0	1	99	5972041	6.03e+04	1.00	98	7448095	7.60e+04	0.00
2969	RMHC	OSLA	2	0	2	91	5503108	6.05e+04	1.00	90	6947992	7.72e+04	0.00
2970	RMHC	OSLA	0	3	3	88	5066269	5.76e+04	0.00	88	6332831	7.20e+04	1.00
2971	RMHC	OSLA	0	1	1	94	5467196	5.82e+04	0.00	94	6774455	7.21e+04	1.00
2972	RMHC	OSLA	0	4	4	82	4806960	5.86e+04	0.00	82	5972886	7.28e+04	1.00
2973	RMHC	OSLA	0	2	2	85	4921167	5.79e+04	0.00	85	6163160	7.25e+04	1.00
2974	RMHC	OSLA	2	0	2	95	5499502	5.79e+04	1.00	94	6897106	7.34e+04	0.00
2975	RMHC	OSLA	1	0	1	98	5789858	5.91e+04	1.00	97	7119391	7.34e+04	0.00
2976	RMHC	OSLA	3	0	3	80	4689690	5.86e+04	1.00	79	5822181	7.37e+04	0.00
2977	RMHC	OSLA	2	0	2	85	4973741	5.85e+04	1.00	84	6060723	7.22e+04	0.00
2978	RMHC	OSLA	0	6	6	80	4701142	5.88e+04	0.00	80	5820004	7.28e+04	1.00
2979	RMHC	OSLA	0	2	2	90	5189399	5.77e+04	0.00	90	6493191	7.21e+04	1.00
2980	RMHC	OSLA	1	0	1	98	5746744	5.86e+04	1.00	97	7079787	7.30e+04	0.00
2981	RMHC	OSLA	0	2	2	90	5199000	5.78e+04	0.00	90	6500704	7.22e+04	1.00
2982	RMHC	OSLA	1	0	1	99	5789993	5.85e+04	1.00	98	7325563	7.48e+04	0.00
2983	RMHC	OSLA	0	1	1	93	5527894	5.94e+04	0.00	93	6830876	7.35e+04	1.00
2984	RMHC	OSLA	1	0	1	97	5749869	5.93e+04	1.00	96	7096763	7.39e+04	0.00
2985	RMHC	OSLA	0	4	4	93	5479194	5.89e+04	0.00	93	6769047	7.28e+04	1.00
2986	RMHC	OSLA	1	0	1	94	5452993	5.80e+04	1.00	93	6876048	7.39e+04	0.00
2987	RMHC	OSLA	0	4	4	83	5143846	6.20e+04	0.00	83	6290854	7.58e+04	1.00
2988	RMHC	OSLA	0	1	1	96	5562418	5.79e+04	0.00	96	6948186	7.24e+04	1.00
2989	RMHC	OSLA	0	1	1	90	5240685	5.82e+04	0.00	90	6545865	7.27e+04	1.00
2990	RMHC	OSLA	4	0	4	83	4859223	5.85e+04	1.00	82	5943063	7.25e+04	0.00
2991	RMHC	OSLA	1	0	1	97	5636138	5.81e+04	1.00	96	6890113	7.18e+04	0.00
2992	RMHC	OSLA	0	2	2	91	5254809	5.77e+04	0.00	91	6618314	7.27e+04	1.00
2993	RMHC	OSLA	1	0	1	96	5535327	5.77e+04	1.00	95	6808963	7.17e+04	0.00
2994	RMHC	OSLA	0	3	3	89	5247376	5.90e+04	0.00	89	6528255	7.34e+04	1.00
2995	RMHC	OSLA	4	0	4	84	4949295	5.89e+04	1.00	83	6148317	7.41e+04	0.00
2996	RMHC	OSLA	0	2	2	90	5243393	5.83e+04	0.00	90	6449519	7.17e+04	1.00
2997	RMHC	OSLA	1	0	1	96	5672680	5.91e+04	1.00	95	6933615	7.30e+04	0.00
2998	RMHC	OSLA	0	1	1	98	5719496	5.84e+04	0.00	98	7055144	7.20e+04	1.00
2999	RMHC	OSLA	0	1	1	90	5195271	5.77e+04	0.00	90	6440320	7.16e+04	1.00
3000	RMHC	OSLA	1	0	1	95	5690258	5.99e+04	1.00	94	6976676	7.42e+04	0.00
3001	RMHC	OSLA	0	1	1	98	5851048	5.97e+04	0.00	98	7209255	7.36e+04	1.00
3002	RMHC	MAST	0	3	3	92	6128928	6.66e+04	0.00	7913	284945742	3.60e+04	1.00
3003	RMHC	MAST	2	0	2	83	5569688	6.71e+04	1.00	5521	208422618	3.78e+04	0.00
3004	RMHC	MAST	0	2	2	97	6339674	6.54e+04	0.00	10649	368504573	3.46e+04	1.00
3005	RMHC	MAST	1	0	1	91	6215429	6.83e+04	1.00	8968	321253426	3.58e+04	0.00
3006	RMHC	MAST	1	0	1	98	6562982	6.70e+04	1.00	10622	371693967	3.50e+04	0.00
3007	RMHC	MAST	1	0	1	93	6186281	6.65e+04	1.00	7907	287401454	3.63e+04	0.00
3008	RMHC	MAST	1	0	1	95	6299230	6.63e+04	1.00	11232	387075711	3.45e+04	0.00
3009	RMHC	MAST	3	0	3	92	5993844	6.52e+04	1.00	6874	267786969	3.90e+04	0.00
3010	RMHC	MAST	2	0	2	91	5864810	6.44e+04	1.00	6128	226194074	3.69e+04	0.00
3011	RMHC	MAST	1	0	1	97	6397482	6.60e+04	1.00	10478	375372919	3.58e+04	0.00
3012	RMHC	MAST	0	1	1	97	6449604	6.65e+04	0.00	11300	387573457	3.43e+04	1.00
3013	RMHC	MAST	0	1	1	92	6094086	6.62e+04	0.00	9273	325333788	3.51e+04	1.00
3014	RMHC	MAST	0	3	3	89	5792108	6.51e+04	0.00	8472	301634610	3.56e+04	1.00
3015	RMHC	MAST	5	0	5	76	5040145	6.63e+04	1.00	4011	153582388	3.83e+04	0.00
3016	RMHC	MAST	3	0	3	88	5941517	6.75e+04	1.00	5637	210296518	3.73e+04	0.00
3017	RMHC	MAST	0	2	2	93	6033565	6.49e+04	0.00	7973	291751160	3.66e+04	1.00
3018	RMHC	MAST	1	0	1	91	5910317	6.49e+04	1.00	6765	246206824	3.64e+04	0.00
3019	RMHC	MAST	0	1	1	98	6496452	6.63e+04	0.00	12907	440996364	3.42e+04	1.00
3020	RMHC	MAST	0	1	1	97	6644267	6.85e+04	0.00	12832	438643581	3.42e+04	1.00
3021	RMHC	MAST	3	0	3	95	6226343	6.55e+04	1.00	8123	311839525	3.84e+04	0.00
3022	RMHC	MAST	0	2	2	95	6245158	6.57e+04	0.00	8512	306651929	3.60e+04	1.00
3023	RMHC	MAST	0	1	1	92	6003843	6.53e+04	0.00	9927	354081878	3.57e+04	1.00
3024	RMHC	MAST	3	0	3	85	5593467	6.58e+04	1.00	6459	239204768	3.70e+04	0.00
3025	RMHC	MAST	4	0	4	82	5453174	6.65e+04	1.00	4718	178860585	3.79e+04	0.00
3026	RMHC	MAST	3	0	3	94	6079740	6.47e+04	1.00	7096	258128755	3.64e+04	0.00
3027	RMHC	MAST	0	1	1	81	5324881	6.57e+04	0.00	7316	268633114	3.67e+04	1.00
3028	RMHC	MAST	1	0	1	98	6432350	6.56e+04	1.00	13044	448873351	3.44e+04	0.00
3029	RMHC	MAST	0	1	1	91	6001693	6.60e+04	0.00	7939	283951049	3.58e+04	1.00
3030	RMHC	MAST	0	1	1	92	5961643	6.48e+04	0.00	10134	353677631	3.49e+04	1.00
3031	RMHC	MAST	1	0	1	97	6296412	6.49e+04	1.00	11917	414440751	3.48e+04	0.00
3032	RMHC	MAST	0	1	1	85	5557520	6.54e+04	0.00	7696	279717590	3.63e+04	1.00
3033	RMHC	MAST	0	1	1	95	6240288	6.57e+04	0.00	10299	362218558	3.52e+04	1.00
3034	RMHC	MAST	1	0	1	91	6059324	6.66e+04	1.00	7326	266421613	3.64e+04	0.00
3035	RMHC	MAST	0	2	2	95	6283357	6.61e+04	0.00	8614	308244720	3.58e+04	1.00
3036	RMHC	MAST	1	0	1	97	6386508	6.58e+04	1.00	13223	447412840	3.38e+04	0.00
3037	RMHC	MAST	2	0	2	89	6017120	6.76e+04	1.00	6508	240539679	3.70e+04	0.00
3038	RMHC	MAST	0	2	2	82	5339819	6.51e+04	0.00	5176	193387020	3.74e+04	1.00
3039	RMHC	MAST	0	5	5	95	6346231	6.68e+04	0.00	7657	280544625	3.66e+04	1.00
3040	RMHC	MAST	2	0	2	98	6325634	6.45e+04	1.00	11417	395604207	3.47e+04	0.00
3041	RMHC	MAST	1	0	1	93	6231337	6.70e+04	1.00	10056	359000036	3.57e+04	0.00
3042	RMHC	MAST	7	0	7	79	5150161	6.52e+04	1.00	3769	146412456	3.88e+04	0.00
3043	RMHC	MAST	0	3	3	94	6231395	6.63e+04	0.00	7646	326337797	4.27e+04	1.00
3044	RMHC	MAST	2	0	2	89	5875688	6.60e+04	1.00	5792	213076785	3.68e+04	0.00
3045	RMHC	MAST	0	1	1	84	5642345	6.72e+04	0.00	7949	289433318	3.64e+04	1.00
3046	RMHC	MAST	1	0	1	98	6349979	6.48e+04	1.00	12166	415851478	3.42e+04	0.00
3047	RMHC	MAST	1	0	1	87	5900247	6.78e+04	1.00	5895	238374503	4.04e+04	0.00
3048	RMHC	MAST	0	3	3	88	5735131	6.52e+04	0.00	9244	332732495	3.60e+04	1.00
3049	RMHC	MAST	1	0	1	99	6556574	6.62e+04	1.00	12711	437092563	3.44e+04	0.00
3050	RMHC	MAST	1	0	1	95	6310165	6.64e+04	1.00	9509	335712555	3.53e+04	0.00
3051	RMHC	MAST	2	0	2	86	5779986	6.72e+04	1.00	5763	216104335	3.75e+04	0.00
3052	RMHC	MAST	0	1	1	96	6239858	6.50e+04	0.00	11701	402541696	3.44e+04	1.00
3053	RMHC	MAST	1	0	1	96	6422383	6.69e+04	1.00	15833	539224123	3.41e+04	0.00
3054	RMHC	MAST	1	0	1	98	6421854	6.55e+04	1.00	10808	373649919	3.46e+04	0.00
3055	RMHC	MAST	1	0	1	92	6036476	6.56e+04	1.00	10422	371760203	3.57e+04	0.00
3056	RMHC	MAST	3	0	3	91	5989190	6.58e+04	1.00	7707	283942024	3.68e+04	0.00
3057	RMHC	MAST	0	1	1	91	6024102	6.62e+04	0.00	7327	266460575	3.64e+04	1.00
3058	RMHC	MAST	1	0	1	96	6301067	6.56e+04	1.00	13700	468521632	3.42e+04	0.00
3059	RMHC	MAST	0	3	3	90	5885057	6.54e+04	0.00	6783	250243374	3.69e+04	1.00
3060	RMHC	MAST	5	0	5	85	5575185	6.56e+04	1.00	5189	195815433	3.77e+04	0.00
3061	RMHC	MAST	1	0	1	92	6104390	6.64e+04	1.00	8707	314912272	3.62e+04	0.00
3062	RMHC	MAST	2	0	2	88	5860391	6.66e+04	1.00	9219	334848155	3.63e+04	0.00
3063	RMHC	MAST	1	0	1	93	6185512	6.65e+04	1.00	8714	312413066	3.59e+04	0.00
3064	RMHC	MAST	1	0	1	100	6607629	6.61e+04	1.00	17743	596196948	3.36e+04	0.00
3065	RMHC	MAST	0	5	5	85	5544363	6.52e+04	0.00	6090	225803394	3.71e+04	1.00
3066	RMHC	MAST	0	1	1	94	6193980	6.59e+04	0.00	9499	336823410	3.55e+04	1.00
3067	RMHC	MAST	0	3	3	90	5974059	6.64e+04	0.00	7498	271109417	3.62e+04	1.00
3068	RMHC	MAST	2	0	2	92	6128723	6.66e+04	1.00	6668	245492340	3.68e+04	0.00
3069	RMHC	MAST	0	1	1	93	6145672	6.61e+04	0.00	12360	435048322	3.52e+04	1.00
3070	RMHC	MAST	0	1	1	95	6191094	6.52e+04	0.00	10256	362226323	3.53e+04	1.00
3071	RMHC	MAST	2	0	2	94	6107737	6.50e+04	1.00	7728	280578286	3.63e+04	0.00
3072	RMHC	MAST	3	0	3	85	5581124	6.57e+04	1.00	4847	182821326	3.77e+04	0.00
3073	RMHC	MAST	4	0	4	90	5937619	6.60e+04	1.00	6583	242629160	3.69e+04	0.00
3074	RMHC	MAST	2	0	2	87	5739882	6.60e+04	1.00	7949	288507121	3.63e+04	0.00
3075	RMHC	MAST	0	1	1	94	6206110	6.60e+04	0.00	9791	438324640	4.48e+04	1.00
3076	RMHC	MAST	1	0	1	98	6617295	6.75e+04	1.00	12868	434947255	3.38e+04	0.00
3077	RMHC	MAST	0	1	1	94	6225301	6.62e+04	0.00	12863	448114320	3.48e+04	1.00
3078	RMHC	MAST	4	0	4	93	6040675	6.50e+04	1.00	6444	237379895	3.68e+04	0.00
3079	RMHC	MAST	0	4	4	91	6206841	6.82e+04	0.00	6465	238152772	3.68e+04	1.00
3080	RMHC	MAST	0	2	2	87	5601500	6.44e+04	0.00	9809	344651028	3.51e+04	1.00
3081	RMHC	MAST	1	0	1	99	6444787	6.51e+04	1.00	12970	440735958	3.40e+04	0.00
3082	RMHC	MAST	1	0	1	99	6552426	6.62e+04	1.00	14005	470485975	3.36e+04	0.00
3083	RMHC	MAST	2	0	2	96	6522480	6.79e+04	1.00	9278	348329295	3.75e+04	0.00
3084	RMHC	MAST	0	1	1	93	6096256	6.56e+04	0.00	10870	376781216	3.47e+04	1.00
3085	RMHC	MAST	0	1	1	86	5935623	6.90e+04	0.00	7580	277883844	3.67e+04	1.00
3086	RMHC	MAST	0	1	1	95	6481812	6.82e+04	0.00	10583	367320795	3.47e+04	1.00
3087	RMHC	MAST	1	0	1	90	5993480	6.66e+04	1.00	9246	333577088	3.61e+04	0.00
3088	RMHC	MAST	1	0	1	100	6604029	6.60e+04	1.00	12753	435630596	3.42e+04	0.00
3089	RMHC	MAST	1	0	1	93	6058340	6.51e+04	1.00	12935	446957070	3.46e+04	0.00
3090	RMHC	MAST	0	2	2	93	6122917	6.58e+04	0.00	10985	391676050	3.57e+04	1.00
3091	RMHC	MAST	0	2	2	91	5917269	6.50e+04	0.00	9577	343118872	3.58e+04	1.00
3092	RMHC	MAST	0	3	3	94	6112783	6.50e+04	0.00	7597	305373715	4.02e+04	1.00
3093	RMHC	MAST	0	3	3	80	5131419	6.41e+04	0.00	7510	275181275	3.66e+04	1.00
3094	RMHC	MAST	0	2	2	87	5823436	6.69e+04	0.00	7562	278605599	3.68e+04	1.00
3095	RMHC	MAST	0	1	1	91	5922054	6.51e+04	0.00	9000	321601423	3.57e+04	1.00
3096	RMHC	MAST	2	0	2	86	5644660	6.56e+04	1.00	5530	207134837	3.75e+04	0.00
3097	RMHC	MAST	4	0	4	85	5625392	6.62e+04	1.00	5373	203776766	3.79e+04	0.00
3098	RMHC	MAST	0	1	1	99	6465750	6.53e+04	0.00	16595	552202216	3.33e+04	1.00
3099	RMHC	MAST	1	0	1	93	6077088	6.53e+04	1.00	6850	248911580	3.63e+04	0.00
3100	RMHC	MAST	1	0	1	94	6146086	6.54e+04	1.00	12120	425417152	3.51e+04	0.00
3101	RMHC	MAST	0	4	4	93	6122328	6.58e+04	0.00	6911	254707144	3.69e+04	1.00
3102	RMHC	MAST	1	0	1	93	6111576	6.57e+04	1.00	10036	354129983	3.53e+04	0.00
3103	RMHC	MAST	1	0	1	94	6235836	6.63e+04	1.00	10501	453035909	4.31e+04	0.00
3104	RMHC	MAST	1	0	1	100	6777458	6.78e+04	1.00	13880	464585982	3.35e+04	0.00
3105	RMHC	MAST	1	0	1	95	6174715	6.50e+04	1.00	8864	315780509	3.56e+04	0.00
3106	RMHC	MAST	3	0	3	98	6460730	6.59e+04	1.00	9624	339135104	3.52e+04	0.00
3107	RMHC	MAST	1	0	1	97	6449696	6.65e+04	1.00	11125	389620251	3.50e+04	0.00
3108	RMHC	MAST	2	0	2	93	6309548	6.78e+04	1.00	7818	284614947	3.64e+04	0.00
3109	RMHC	MAST	4	0	4	81	5346798	6.60e+04	1.00	4429	170073215	3.84e+04	0.00
3110	RMHC	MAST	1	0	1	98	6405596	6.54e+04	1.00	10723	370032095	3.45e+04	0.00
3111	RMHC	MAST	0	2	2	86	5636322	6.55e+04	0.00	6516	239594867	3.68e+04	1.00
3112	RMHC	MAST	3	0	3	85	5559153	6.54e+04	1.00	4883	183366255	3.76e+04	0.00
3113	RMHC	MAST	3	0	3	84	5718214	6.81e+04	1.00	5702	212909980	3.73e+04	0.00
3114	RMHC	MAST	1	0	1	83	5361927	6.46e+04	1.00	6741	243233080	3.61e+04	0.00
3115	RMHC	MAST	0	1	1	93	6147507	6.61e+04	0.00	9534	338672072	3.55e+04	1.00
3116	RMHC	MAST	1	0	1	93	6096177	6.56e+04	1.00	8127	290450069	3.57e+04	0.00
3117	RMHC	MAST	2	0	2	92	6074719	6.60e+04	1.00	6173	230434539	3.73e+04	0.00
3118	RMHC	MAST	3	0	3	85	5585313	6.57e+04	1.00	5156	194748984	3.78e+04	0.00
3119	RMHC	MAST	0	2	2	91	6077045	6.68e+04	0.00	7101	261313876	3.68e+04	1.00
3120	RMHC	MAST	0	2	2	95	6330483	6.66e+04	0.00	9566	336964562	3.52e+04	1.00
3121	RMHC	MAST	2	0	2	97	6302717	6.50e+04	1.00	8881	316433995	3.56e+04	0.00
3122	RMHC	MAST	0	1	1	96	6293049	6.56e+04	0.00	11778	405991279	3.45e+04	1.00
3123	RMHC	MAST	2	0	2	83	5321716	6.41e+04	1.00	5948	222978343	3.75e+04	0.00
3124	RMHC	MAST	1	0	1	92	6016009	6.54e+04	1.00	9747	346797321	3.56e+04	0.00
3125	RMHC	MAST	1	0	1	94	6220251	6.62e+04	1.00	9304	331080337	3.56e+04	0.00
3126	RMHC	MAST	2	0	2	98	6423035	6.55e+04	1.00	11051	387710035	3.51e+04	0.00
3127	RMHC	MAST	1	0	1	98	6468326	6.60e+04	1.00	10100	356669722	3.53e+04	0.00
3128	RMHC	MAST	1	0	1	92	6110153	6.64e+04	1.00	9586	338565910	3.53e+04	0.00
3129	RMHC	MAST	0	2	2	91	5979549	6.57e+04	0.00	7042	254429391	3.61e+04	1.00
3130	RMHC	MAST	0	1	1	97	6441509	6.64e+04	0.00	11395	393615122	3.45e+04	1.00
3131	RMHC	MAST	0	1	1	92	6315325	6.86e+04	0.00	10662	378818516	3.55e+04	1.00
3132	RMHC	MAST	1	0	1	97	6692232	6.90e+04	1.00	10556	374513778	3.55e+04	0.00
3133	RMHC	MAST	0	2	2	95	6191651	6.52e+04	0.00	9572	344123316	3.60e+04	1.00
3134	RMHC	MAST	1	0	1	91	5963606	6.55e+04	1.00	6385	236269025	3.70e+04	0.00
3135	RMHC	MAST	1	0	1	89	5832268	6.55e+04	1.00	8136	295824317	3.64e+04	0.00
3136	RMHC	MAST	2	0	2	93	6143429	6.61e+04	1.00	7074	257824783	3.64e+04	0.00
3137	RMHC	MAST	0	2	2	92	6096808	6.63e+04	0.00	7816	284913632	3.65e+04	1.00
3138	RMHC	MAST	1	0	1	93	6131107	6.59e+04	1.00	10122	353131138	3.49e+04	0.00
3139	RMHC	MAST	0	1	1	89	5878715	6.61e+04	0.00	7311	267194058	3.65e+04	1.00
3140	RMHC	MAST	1	0	1	99	6536677	6.60e+04	1.00	11942	406342139	3.40e+04	0.00
3141	RMHC	MAST	1	0	1	90	5857880	6.51e+04	1.00	7935	283906942	3.58e+04	0.00
3142	RMHC	MAST	1	0	1	86	5570727	6.48e+04	1.00	7675	276097277	3.60e+04	0.00
3143	RMHC	MAST	1	0	1	100	6576862	6.58e+04	1.00	13547	457037332	3.37e+04	0.00
3144	RMHC	MAST	0	2	2	89	5836511	6.56e+04	0.00	8262	300349622	3.64e+04	1.00
3145	RMHC	MAST	2	0	2	92	6097992	6.63e+04	1.00	7492	274428615	3.66e+04	0.00
3146	RMHC	MAST	0	1	1	93	6078307	6.54e+04	0.00	9464	336606747	3.56e+04	1.00
3147	RMHC	MAST	1	0	1	89	5877139	6.60e+04	1.00	8379	305293488	3.64e+04	0.00
3148	RMHC	MAST	1	0	1	100	6605584	6.61e+04	1.00	13550	454956343	3.36e+04	0.00
3149	RMHC	MAST	1	0	1	82	5339325	6.51e+04	1.00	5706	213837926	3.75e+04	0.00
3150	RMHC	MAST	1	0	1	97	6425697	6.62e+04	1.00	10529	373538932	3.55e+04	0.00
3151	RMHC	MAST	2	0	2	94	6197641	6.59e+04	1.00	8818	320254008	3.63e+04	0.00
3152	RMHC	MAST	0	1	1	97	6338063	6.53e+04	0.00	12675	435081891	3.43e+04	1.00
3153	RMHC	MAST	0	2	2	85	5576425	6.56e+04	0.00	6476	237907267	3.67e+04	1.00
3154	RMHC	MAST	1	0	1	92	6024524	6.55e+04	1.00	7250	277792871	3.83e+04	0.00
3155	RMHC	MAST	1	0	1	96	6260067	6.52e+04	1.00	11936	413408166	3.46e+04	0.00
3156	RMHC	MAST	2	0	2	87	5662224	6.51e+04	1.00	7195	263550075	3.66e+04	0.00
3157	RMHC	MAST	0	2	2	93	6032959	6.49e+04	0.00	7239	263883063	3.65e+04	1.00
3158	RMHC	MAST	1	0	1	94	6158245	6.55e+04	1.00	8425	300281453	3.56e+04	0.00
3159	RMHC	MAST	0	2	2	94	6173161	6.57e+04	0.00	10323	375814812	3.64e+04	1.00
3160	RMHC	MAST	0	1	1	99	6545869	6.61e+04	0.00	13194	452610928	3.43e+04	1.00
3161	RMHC	MAST	3	0	3	89	6050011	6.80e+04	1.00	6075	224780191	3.70e+04	0.00
3162	RMHC	MAST	0	1	1	91	6079007	6.68e+04	0.00	8976	316381662	3.52e+04	1.00
3163	RMHC	MAST	1	0	1	95	6239693	6.57e+04	1.00	7728	281869336	3.65e+04	0.00
3164	RMHC	MAST	0	3	3	92	6205417	6.75e+04	0.00	7339	265450811	3.62e+04	1.00
3165	RMHC	MAST	0	1	1	94	6352549	6.76e+04	0.00	9955	350147932	3.52e+04	1.00
3166	RMHC	MAST	0	3	3	87	5792152	6.66e+04	0.00	7377	273182674	3.70e+04	1.00
3167	RMHC	MAST	1	0	1	96	6320563	6.58e+04	1.00	10802	372585094	3.45e+04	0.00
3168	RMHC	MAST	0	2	2	90	6044128	6.72e+04	0.00	7214	263224758	3.65e+04	1.00
3169	RMHC	MAST	0	1	1	88	5939212	6.75e+04	0.00	9487	342797502	3.61e+04	1.00
3170	RMHC	MAST	1	0	1	98	6453876	6.59e+04	1.00	19171	647792373	3.38e+04	0.00
3171	RMHC	MAST	0	2	2	98	6529972	6.66e+04	0.00	12511	436803810	3.49e+04	1.00
3172	RMHC	MAST	2	0	2	92	6007438	6.53e+04	1.00	7036	257986425	3.67e+04	0.00
3173	RMHC	MAST	5	0	5	87	5661836	6.51e+04	1.00	5072	190469951	3.76e+04	0.00
3174	RMHC	MAST	1	0	1	96	6386825	6.65e+04	1.00	9827	346769608	3.53e+04	0.00
3175	RMHC	MAST	0	1	1	97	6428184	6.63e+04	0.00	16468	591706584	3.59e+04	1.00
3176	RMHC	MAST	1	0	1	94	6241363	6.64e+04	1.00	12145	419747455	3.46e+04	0.00
3177	RMHC	MAST	0	1	1	98	6470155	6.60e+04	0.00	11670	403450266	3.46e+04	1.00
3178	RMHC	MAST	1	0	1	94	6139837	6.53e+04	1.00	10754	371998758	3.46e+04	0.00
3179	RMHC	MAST	0	3	3	89	5948725	6.68e+04	0.00	7716	283783088	3.68e+04	1.00
3180	RMHC	MAST	0	1	1	96	6368878	6.63e+04	0.00	14752	508428523	3.45e+04	1.00
3181	RMHC	MAST	0	2	2	92	5930779	6.45e+04	0.00	6880	252580906	3.67e+04	1.00
3182	RMHC	MAST	0	1	1	95	6285923	6.62e+04	0.00	14546	505971126	3.48e+04	1.00
3183	RMHC	MAST	1	0	1	97	6365741	6.56e+04	1.00	10537	374099763	3.55e+04	0.00
3184	RMHC	MAST	3	0	3	87	5752236	6.61e+04	1.00	5792	216450527	3.74e+04	0.00
3185	RMHC	MAST	0	1	1	98	6652619	6.79e+04	0.00	15504	537781750	3.47e+04	1.00
3186	RMHC	MAST	0	1	1	99	6745906	6.81e+04	0.00	17160	560436969	3.27e+04	1.00
3187	RMHC	MAST	1	0	1	95	6192542	6.52e+04	1.00	9023	321906735	3.57e+04	0.00
3188	RMHC	MAST	3	0	3	88	5723086	6.50e+04	1.00	5963	220938108	3.71e+04	0.00
3189	RMHC	MAST	0	2	2	95	6287937	6.62e+04	0.00	8486	309254384	3.64e+04	1.00
3190	RMHC	MAST	2	0	2	95	6216822	6.54e+04	1.00	7715	278303906	3.61e+04	0.00
3191	RMHC	MAST	2	0	2	91	5989032	6.58e+04	1.00	6102	251301923	4.12e+04	0.00
3192	RMHC	MAST	0	1	1	94	6084392	6.47e+04	0.00	8483	296451908	3.49e+04	1.00
3193	RMHC	MAST	4	0	4	79	5213825	6.60e+04	1.00	4514	172020403	3.81e+04	0.00
3194	RMHC	MAST	1	0	1	99	6426459	6.49e+04	1.00	15481	537455660	3.47e+04	0.00
3195	RMHC	MAST	0	1	1	95	6231190	6.56e+04	0.00	10377	368740079	3.55e+04	1.00
3196	RMHC	MAST	3	0	3	97	6217619	6.41e+04	1.00	8720	309235391	3.55e+04	0.00
3197	RMHC	MAST	0	1	1	88	5821636	6.62e+04	0.00	8611	316249606	3.67e+04	1.00
3198	RMHC	MAST	0	5	5	82	5424998	6.62e+04	0.00	7428	274107411	3.69e+04	1.00
3199	RMHC	MAST	0	3	3	88	5991031	6.81e+04	0.00	7088	261628629	3.69e+04	1.00
3200	RMHC	MAST	0	1	1	87	5685378	6.53e+04	0.00	8068	290226966	3.60e+04	1.00
3201	RMHC	MAST	0	1	1	90	5789569	6.43e+04	0.00	8085	292266323	3.61e+04	1.00
3202	RMHC	MAST	0	3	3	84	5422985	6.46e+04	0.00	6242	229143724	3.67e+04	1.00
3203	RMHC	MAST	1	0	1	96	6315910	6.58e+04	1.00	9629	342171930	3.55e+04	0.00
3204	RMHC	MAST	1	0	1	97	6425933	6.62e+04	1.00	11350	389903431	3.44e+04	0.00
3205	RMHC	MAST	0	1	1	97	6393832	6.59e+04	0.00	13747	464998515	3.38e+04	1.00
3206	RMHC	MAST	0	1	1	91	5941557	6.53e+04	0.00	8687	309674542	3.56e+04	1.00
3207	RMHC	MAST	1	0	1	100	6506114	6.51e+04	1.00	16867	554866032	3.29e+04	0.00
3208	RMHC	MAST	1	0	1	90	5992282	6.66e+04	1.00	9025	326699988	3.62e+04	0.00
3209	RMHC	MAST	0	2	2	84	5645142	6.72e+04	0.00	7244	266627279	3.68e+04	1.00
3210	RMHC	MAST	0	3	3	94	6252306	6.65e+04	0.00	8798	317705592	3.61e+04	1.00
3211	RMHC	MAST	1	0	1	89	5871545	6.60e+04	1.00	6411	234335106	3.66e+04	0.00
3212	RMHC	MAST	4	0	4	97	6430031	6.63e+04	1.00	9290	328203979	3.53e+04	0.00
3213	RMHC	MAST	1	0	1	95	6422131	6.76e+04	1.00	9537	340254111	3.57e+04	0.00
3214	RMHC	MAST	2	0	2	90	6128609	6.81e+04	1.00	7335	331315509	4.52e+04	0.00
3215	RMHC	MAST	1	0	1	93	6246185	6.72e+04	1.00	11870	419006706	3.53e+04	0.00
3216	RMHC	MAST	0	4	4	91	6127787	6.73e+04	0.00	6811	248669767	3.65e+04	1.00
3217	RMHC	MAST	1	0	1	97	6609044	6.81e+04	1.00	12614	433209974	3.43e+04	0.00
3218	RMHC	MAST	0	1	1	96	6318408	6.58e+04	0.00	15627	522551688	3.34e+04	1.00
3219	RMHC	MAST	2	0	2	92	6023124	6.55e+04	1.00	7313	293355184	4.01e+04	0.00
3220	RMHC	MAST	1	0	1	90	5790389	6.43e+04	1.00	6477	234524091	3.62e+04	0.00
3221	RMHC	MAST	1	0	1	99	6469600	6.53e+04	1.00	13064	453054217	3.47e+04	0.00
3222	RMHC	MAST	1	0	1	91	5924970	6.51e+04	1.00	7245	264518617	3.65e+04	0.00
3223	RMHC	MAST	1	0	1	94	6181839	6.58e+04	1.00	8489	309556607	3.65e+04	0.00
3224	RMHC	MAST	4	0	4	89	5925638	6.66e+04	1.00	6915	256664518	3.71e+04	0.00
3225	RMHC	MAST	4	0	4	90	5880100	6.53e+04	1.00	5894	215877881	3.66e+04	0.00
3226	RMHC	MAST	3	0	3	78	5146887	6.60e+04	1.00	4992	186754981	3.74e+04	0.00
3227	RMHC	MAST	0	1	1	92	6233244	6.78e+04	0.00	12197	431595260	3.54e+04	1.00
3228	RMHC	MAST	1	0	1	96	6511313	6.78e+04	1.00	10692	378343516	3.54e+04	0.00
3229	RMHC	MAST	0	1	1	97	6424775	6.62e+04	0.00	10821	380870864	3.52e+04	1.00
3230	RMHC	MAST	1	0	1	99	6477402	6.54e+04	1.00	12021	409911749	3.41e+04	0.00
3231	RMHC	MAST	0	1	1	83	5461258	6.58e+04	0.00	7811	284355835	3.64e+04	1.00
3232	RMHC	MAST	0	1	1	90	5915594	6.57e+04	0.00	9360	364317510	3.89e+04	1.00
3233	RMHC	MAST	1	0	1	90	5851672	6.50e+04	1.00	10637	378680443	3.56e+04	0.00
3234	RMHC	MAST	0	1	1	97	6356887	6.55e+04	0.00	11879	408020897	3.43e+04	1.00
3235	RMHC	MAST	0	1	1	98	6241941	6.37e+04	0.00	17533	580059378	3.31e+04	1.00
3236	RMHC	MAST	0	1	1	99	6451175	6.52e+04	0.00	17202	562943539	3.27e+04	1.00
3237	RMHC	MAST	0	5	5	89	5918564	6.65e+04	0.00	7462	274823354	3.68e+04	1.00
3238	RMHC	MAST	1	0	1	87	5954812	6.84e+04	1.00	7151	261928077	3.66e+04	0.00
3239	RMHC	MAST	1	0	1	97	6527981	6.73e+04	1.00	10765	378475039	3.52e+04	0.00
3240	RMHC	MAST	0	2	2	84	5559955	6.62e+04	0.00	7383	268551993	3.64e+04	1.00
3241	RMHC	MAST	3	0	3	94	6243126	6.64e+04	1.00	6997	257806901	3.68e+04	0.00
3242	RMHC	MAST	1	0	1	97	6394734	6.59e+04	1.00	11936	418031343	3.50e+04	0.00
3243	RMHC	MAST	0	1	1	98	6566849	6.70e+04	0.00	15098	510128231	3.38e+04	1.00
3244	RMHC	MAST	0	4	4	85	5596097	6.58e+04	0.00	9428	344412279	3.65e+04	1.00
3245	RMHC	MAST	0	2	2	85	5694225	6.70e+04	0.00	6445	239335309	3.71e+04	1.00
3246	RMHC	MAST	2	0	2	93	6034879	6.49e+04	1.00	7064	256918371	3.64e+04	0.00
3247	RMHC	MAST	0	2	2	81	5390364	6.65e+04	0.00	6368	235877583	3.70e+04	1.00
3248	RMHC	MAST	0	1	1	98	6469602	6.60e+04	0.00	10567	364118944	3.45e+04	1.00
3249	RMHC	MAST	2	0	2	95	6311286	6.64e+04	1.00	8697	312764026	3.60e+04	0.00
3250	RMHC	MAST	0	4	4	87	5678058	6.53e+04	0.00	5450	203609173	3.74e+04	1.00
3251	RMHC	MAST	0	2	2	91	5995913	6.59e+04	0.00	6699	248021476	3.70e+04	1.00
3252	RMHC	MAST	0	1	1	98	6411924	6.54e+04	0.00	16362	543353115	3.32e+04	1.00
3253	RMHC	MAST	0	3	3	90	5944765	6.61e+04	0.00	7065	261714111	3.70e+04	1.00
3254	RMHC	MAST	0	3	3	90	5903343	6.56e+04	0.00	6486	236603673	3.65e+04	1.00
3255	RMHC	MAST	4	0	4	87	5700297	6.55e+04	1.00	5860	219098382	3.74e+04	0.00
3256	RMHC	MAST	0	2	2	88	5896490	6.70e+04	0.00	7769	280279879	3.61e+04	1.00
3257	RMHC	MAST	0	1	1	94	6250548	6.65e+04	0.00	11363	399099375	3.51e+04	1.00
3258	RMHC	MAST	1	0	1	99	6672705	6.74e+04	1.00	15433	524767770	3.40e+04	0.00
3259	RMHC	MAST	2	0	2	93	6068312	6.53e+04	1.00	10481	375006398	3.58e+04	0.00
3260	RMHC	MAST	2	0	2	95	6296404	6.63e+04	1.00	8995	325070965	3.61e+04	0.00
3261	RMHC	MAST	0	1	1	97	6445722	6.65e+04	0.00	13343	462739161	3.47e+04	1.00
3262	RMHC	MAST	1	0	1	99	6592361	6.66e+04	1.00	11363	390439835	3.44e+04	0.00
3263	RMHC	MAST	0	3	3	85	5574884	6.56e+04	0.00	6706	248313760	3.70e+04	1.00
3264	RMHC	MAST	1	0	1	98	6505460	6.64e+04	1.00	10461	363739920	3.48e+04	0.00
3265	RMHC	MAST	3	0	3	90	5973619	6.64e+04	1.00	6317	232674999	3.68e+04	0.00
3266	RMHC	MAST	1	0	1	94	6112007	6.50e+04	1.00	7768	279791680	3.60e+04	0.00
3267	RMHC	MAST	0	1	1	95	6263920	6.59e+04	0.00	9613	341370750	3.55e+04	1.00
3268	RMHC	MAST	1	0	1	97	6339091	6.54e+04	1.00	12588	431312708	3.43e+04	0.00
3269	RMHC	MAST	0	2	2	96	6276939	6.54e+04	0.00	10294	363492112	3.53e+04	1.00
3270	RMHC	MAST	4	0	4	85	5513972	6.49e+04	1.00	4652	176253687	3.79e+04	0.00
3271	RMHC	MAST	0	4	4	89	5859400	6.58e+04	0.00	6619	244449977	3.69e+04	1.00
3272	RMHC	MAST	2	0	2	92	6133488	6.67e+04	1.00	8155	294770822	3.61e+04	0.00
3273	RMHC	MAST	1	0	1	89	5788278	6.50e+04	1.00	9671	345564482	3.57e+04	0.00
3274	RMHC	MAST	1	0	1	95	6254329	6.58e+04	1.00	16047	546994623	3.41e+04	0.00
3275	RMHC	MAST	1	0	1	96	6246048	6.51e+04	1.00	9919	353242130	3.56e+04	0.00
3276	RMHC	MAST	2	0	2	91	5976589	6.57e+04	1.00	6827	249117064	3.65e+04	0.00
3277	RMHC	MAST	0	1	1	98	6527895	6.66e+04	0.00	10998	381806544	3.47e+04	1.00
3278	RMHC	MAST	0	1	1	92	6271462	6.82e+04	0.00	10324	365229580	3.54e+04	1.00
3279	RMHC	MAST	0	2	2	90	6113636	6.79e+04	0.00	6457	237872015	3.68e+04	1.00
3280	RMHC	MAST	2	0	2	95	6067645	6.39e+04	1.00	9716	378680415	3.90e+04	0.00
3281	RMHC	MAST	0	2	2	91	6217876	6.83e+04	0.00	9603	348116508	3.63e+04	1.00
3282	RMHC	MAST	0	1	1	96	6348998	6.61e+04	0.00	11846	405722850	3.42e+04	1.00
3283	RMHC	MAST	0	1	1	93	6195221	6.66e+04	0.00	12585	443124849	3.52e+04	1.00
3284	RMHC	MAST	0	1	1	95	6177874	6.50e+04	0.00	12063	417985510	3.47e+04	1.00
3285	RMHC	MAST	1	0	1	95	6237054	6.57e+04	1.00	8713	315276615	3.62e+04	0.00
3286	RMHC	MAST	0	1	1	97	6403706	6.60e+04	0.00	13203	462326992	3.50e+04	1.00
3287	RMHC	MAST	0	2	2	83	5701503	6.87e+04	0.00	6658	247210224	3.71e+04	1.00
3288	RMHC	MAST	2	0	2	98	6295470	6.42e+04	1.00	11652	398412319	3.42e+04	0.00
3289	RMHC	MAST	2	0	2	93	6106826	6.57e+04	1.00	7230	265118801	3.67e+04	0.00
3290	RMHC	MAST	0	1	1	97	6418119	6.62e+04	0.00	10949	373143650	3.41e+04	1.00
3291	RMHC	MAST	2	0	2	87	5888001	6.77e+04	1.00	5341	201688428	3.78e+04	0.00
3292	RMHC	MAST	1	0	1	83	5420314	6.53e+04	1.00	8466	304626661	3.60e+04	0.00
3293	RMHC	MAST	7	0	7	76	4904923	6.45e+04	1.00	3441	133323704	3.87e+04	0.00
3294	RMHC	MAST	1	0	1	98	6398952	6.53e+04	1.00	12078	421887593	3.49e+04	0.00
3295	RMHC	MAST	2	0	2	96	6332957	6.60e+04	1.00	7941	286962707	3.61e+04	0.00
3296	RMHC	MAST	4	0	4	73	4905611	6.72e+04	1.00	3853	148768140	3.86e+04	0.00
3297	RMHC	MAST	0	1	1	97	6374665	6.57e+04	0.00	13101	451314706	3.44e+04	1.00
3298	RMHC	MAST	0	1	1	97	6369014	6.57e+04	0.00	13939	467744587	3.36e+04	1.00
3299	RMHC	MAST	3	0	3	91	5951724	6.54e+04	1.00	6389	236456243	3.70e+04	0.00
3300	RMHC	MAST	2	0	2	86	5630350	6.55e+04	1.00	7532	275456168	3.66e+04	0.00
3301	RMHC	MAST	1	0	1	97	6229770	6.42e+04	1.00	11909	418196356	3.51e+04	0.00
3302	RMHC	MAST	0	2	2	92	6105436	6.64e+04	0.00	6967	258801368	3.71e+04	1.00
3303	RMHC	MAST	0	2	2	98	6450780	6.58e+04	0.00	14108	487128975	3.45e+04	1.00
3304	RMHC	MAST	0	1	1	88	5828352	6.62e+04	0.00	8264	294464283	3.56e+04	1.00
3305	RMHC	MAST	0	2	2	90	6123113	6.80e+04	0.00	7530	276290474	3.67e+04	1.00
3306	RMHC	MAST	0	1	1	93	6068538	6.53e+04	0.00	10510	373272541	3.55e+04	1.00
3307	RMHC	MAST	1	0	1	99	6401704	6.47e+04	1.00	12539	438963556	3.50e+04	0.00
3308	RMHC	MAST	2	0	2	95	6346493	6.68e+04	1.00	8909	381246551	4.28e+04	0.00
3309	RMHC	MAST	3	0	3	81	5345733	6.60e+04	1.00	5209	195913475	3.76e+04	0.00
3310	RMHC	MAST	0	1	1	95	6275982	6.61e+04	0.00	12004	412785441	3.44e+04	1.00
3311	RMHC	MAST	0	2	2	89	5952524	6.69e+04	0.00	10357	372738248	3.60e+04	1.00
3312	RMHC	MAST	2	0	2	92	6229893	6.77e+04	1.00	7471	272995997	3.65e+04	0.00
3313	RMHC	MAST	0	1	1	95	6467897	6.81e+04	0.00	9248	329186450	3.56e+04	1.00
3314	RMHC	MAST	3	0	3	89	5907204	6.64e+04	1.00	6045	218975271	3.62e+04	0.00
3315	RMHC	MAST	0	1	1	99	6773393	6.84e+04	0.00	16456	552729399	3.36e+04	1.00
3316	RMHC	MAST	1	0	1	91	5942182	6.53e+04	1.00	12987	459777157	3.54e+04	0.00
3317	RMHC	MAST	0	1	1	93	6155499	6.62e+04	0.00	8408	303459801	3.61e+04	1.00
3318	RMHC	MAST	6	0	6	70	4620699	6.60e+04	1.00	3047	119349604	3.92e+04	0.00
3319	RMHC	MAST	2	0	2	91	5989595	6.58e+04	1.00	6709	244860907	3.65e+04	0.00
3320	RMHC	MAST	0	2	2	93	6050875	6.51e+04	0.00	7504	272405817	3.63e+04	1.00
3321	RMHC	MAST	1	0	1	96	6339973	6.60e+04	1.00	9914	353868788	3.57e+04	0.00
3322	RMHC	MAST	1	0	1	99	6469945	6.54e+04	1.00	14819	493790385	3.33e+04	0.00
3323	RMHC	MAST	0	2	2	94	6204885	6.60e+04	0.00	8411	304068114	3.62e+04	1.00
3324	RMHC	MAST	0	1	1	98	6631536	6.77e+04	0.00	14198	478119690	3.37e+04	1.00
3325	RMHC	MAST	4	0	4	87	5788284	6.65e+04	1.00	5488	206203476	3.76e+04	0.00
3326	RMHC	MAST	3	0	3	88	5912687	6.72e+04	1.00	6091	226397427	3.72e+04	0.00
3327	RMHC	MAST	2	0	2	89	5895226	6.62e+04	1.00	6739	249290661	3.70e+04	0.00
3328	RMHC	MAST	2	0	2	82	5399459	6.58e+04	1.00	5419	203090798	3.75e+04	0.00
3329	RMHC	MAST	0	1	1	99	6478784	6.54e+04	0.00	13517	461195268	3.41e+04	1.00
3330	RMHC	MAST	0	1	1	94	6206418	6.60e+04	0.00	17755	610428789	3.44e+04	1.00
3331	RMHC	MAST	1	0	1	96	6296016	6.56e+04	1.00	9596	345466950	3.60e+04	0.00
3332	RMHC	MAST	0	3	3	88	5834027	6.63e+04	0.00	6328	234591581	3.71e+04	1.00
3333	RMHC	MAST	3	0	3	88	5632949	6.40e+04	1.00	5602	209165418	3.73e+04	0.00
3334	RMHC	MAST	1	0	1	92	6004948	6.53e+04	1.00	7131	257838086	3.62e+04	0.00
3335	RMHC	MAST	0	1	1	94	6164985	6.56e+04	0.00	10460	383902935	3.67e+04	1.00
3336	RMHC	MAST	0	2	2	84	5540899	6.60e+04	0.00	5841	216099487	3.70e+04	1.00
3337	RMHC	MAST	1	0	1	93	6182594	6.65e+04	1.00	8898	321473343	3.61e+04	0.00
3338	RMHC	MAST	1	0	1	93	6097890	6.56e+04	1.00	8694	308541514	3.55e+04	0.00
3339	RMHC	MAST	2	0	2	94	6063397	6.45e+04	1.00	8084	291367812	3.60e+04	0.00
3340	RMHC	MAST	0	4	4	84	5425640	6.46e+04	0.00	7940	285405733	3.59e+04	1.00
3341	RMHC	MAST	2	0	2	92	6140876	6.67e+04	1.00	7537	273471056	3.63e+04	0.00
3342	RMHC	MAST	0	1	1	98	6461988	6.59e+04	0.00	12157	419189589	3.45e+04	1.00
3343	RMHC	MAST	3	0	3	90	5934810	6.59e+04	1.00	7623	283072673	3.71e+04	0.00
3344	RMHC	MAST	2	0	2	82	5312675	6.48e+04	1.00	5449	202346734	3.71e+04	0.00
3345	RMHC	MAST	0	2	2	82	5456733	6.65e+04	0.00	6727	249634522	3.71e+04	1.00
3346	RMHC	MAST	0	1	1	98	6406725	6.54e+04	0.00	16200	542391772	3.35e+04	1.00
3347	RMHC	MAST	0	1	1	94	6222664	6.62e+04	0.00	9714	343824119	3.54e+04	1.00
3348	RMHC	MAST	2	0	2	92	5958225	6.48e+04	1.00	7137	259221864	3.63e+04	0.00
3349	RMHC	MAST	1	0	1	96	6334376	6.60e+04	1.00	8318	297996397	3.58e+04	0.00
3350	RMHC	MAST	0	1	1	89	5990311	6.73e+04	0.00	6624	243685788	3.68e+04	1.00
3351	RMHC	MAST	0	1	1	98	6476919	6.61e+04	0.00	14026	471438994	3.36e+04	1.00
3352	RMHC	MAST	1	0	1	88	5775742	6.56e+04	1.00	6644	242127802	3.64e+04	0.00
3353	RMHC	MAST	2	0	2	96	6621403	6.90e+04	1.00	9395	336012390	3.58e+04	0.00
3354	RMHC	MAST	3	0	3	93	5955061	6.40e+04	1.00	6857	252557389	3.68e+04	0.00
3355	RMHC	MAST	2	0	2	85	5644949	6.64e+04	1.00	5629	210452318	3.74e+04	0.00
3356	RMHC	MAST	0	1	1	96	6314556	6.58e+04	0.00	19047	644034224	3.38e+04	1.00
3357	RMHC	MAST	0	3	3	91	5967403	6.56e+04	0.00	7312	266971673	3.65e+04	1.00
3358	RMHC	MAST	1	0	1	94	6145862	6.54e+04	1.00	8725	306402618	3.51e+04	0.00
3359	RMHC	MAST	0	2	2	83	5608489	6.76e+04	0.00	7373	273681171	3.71e+04	1.00
3360	RMHC	MAST	1	0	1	96	6296518	6.56e+04	1.00	10193	355874449	3.49e+04	0.00
3361	RMHC	MAST	0	1	1	97	6476974	6.68e+04	0.00	12328	426615579	3.46e+04	1.00
3362	RMHC	MAST	0	1	1	93	6136467	6.60e+04	0.00	9296	327741569	3.53e+04	1.00
3363	RMHC	MAST	3	0	3	90	6049646	6.72e+04	1.00	7115	264058884	3.71e+04	0.00
3364	RMHC	MAST	1	0	1	94	6299507	6.70e+04	1.00	7980	286468139	3.59e+04	0.00
3365	RMHC	MAST	3	0	3	73	4816217	6.60e+04	1.00	3808	147563362	3.88e+04	0.00
3366	RMHC	MAST	2	0	2	93	6127424	6.59e+04	1.00	7724	279616335	3.62e+04	0.00
3367	RMHC	MAST	0	1	1	97	6400221	6.60e+04	0.00	13346	463914459	3.48e+04	1.00
3368	RMHC	MAST	2	0	2	76	4961291	6.53e+04	1.00	4079	153725378	3.77e+04	0.00
3369	RMHC	MAST	0	1	1	98	6650736	6.79e+04	0.00	14528	553121286	3.81e+04	1.00
3370	RMHC	MAST	0	1	1	93	6125315	6.59e+04	0.00	10448	365965993	3.50e+04	1.00
3371	RMHC	MAST	2	0	2	94	6224271	6.62e+04	1.00	7876	288878805	3.67e+04	0.00
3372	RMHC	MAST	3	0	3	81	5361118	6.62e+04	1.00	4450	169998300	3.82e+04	0.00
3373	RMHC	MAST	1	0	1	91	6272591	6.89e+04	1.00	8445	300426986	3.56e+04	0.00
3374	RMHC	MAST	1	0	1	96	6236270	6.50e+04	1.00	9357	331126943	3.54e+04	0.00
3375	RMHC	MAST	2	0	2	85	5667784	6.67e+04	1.00	5794	216159156	3.73e+04	0.00
3376	RMHC	MAST	0	2	2	96	6242597	6.50e+04	0.00	13083	453025059	3.46e+04	1.00
3377	RMHC	MAST	1	0	1	95	6511535	6.85e+04	1.00	11825	407763888	3.45e+04	0.00
3378	RMHC	MAST	3	0	3	91	6107825	6.71e+04	1.00	6764	282367636	4.17e+04	0.00
3379	RMHC	MAST	3	0	3	94	6268325	6.67e+04	1.00	7021	257076071	3.66e+04	0.00
3380	RMHC	MAST	0	1	1	92	6044666	6.57e+04	0.00	12837	460668949	3.59e+04	1.00
3381	RMHC	MAST	0	1	1	90	6028792	6.70e+04	0.00	8839	318622590	3.60e+04	1.00
3382	RMHC	MAST	0	1	1	91	6194234	6.81e+04	0.00	7551	287244219	3.80e+04	1.00
3383	RMHC	MAST	0	1	1	94	6230572	6.63e+04	0.00	11087	391140455	3.53e+04	1.00
3384	RMHC	MAST	3	0	3	88	5796204	6.59e+04	1.00	6418	237427658	3.70e+04	0.00
3385	RMHC	MAST	0	1	1	97	6556110	6.76e+04	0.00	12750	438998401	3.44e+04	1.00
3386	RMHC	MAST	2	0	2	89	5816759	6.54e+04	1.00	7472	269215374	3.60e+04	0.00
3387	RMHC	MAST	3	0	3	89	6072165	6.82e+04	1.00	6348	235131319	3.70e+04	0.00
3388	RMHC	MAST	1	0	1	100	6672038	6.67e+04	1.00	14094	472277987	3.35e+04	0.00
3389	RMHC	MAST	5	0	5	80	5308984	6.64e+04	1.00	4438	170392853	3.84e+04	0.00
3390	RMHC	MAST	1	0	1	96	6182930	6.44e+04	1.00	11021	377890424	3.43e+04	0.00
3391	RMHC	MAST	0	1	1	95	6345832	6.68e+04	0.00	12662	438972104	3.47e+04	1.00
3392	RMHC	MAST	1	0	1	96	6451024	6.72e+04	1.00	14113	486004137	3.44e+04	0.00
3393	RMHC	MAST	0	2	2	98	6336275	6.47e+04	0.00	13140	452970190	3.45e+04	1.00
3394	RMHC	MAST	3	0	3	86	5640979	6.56e+04	1.00	5595	211135346	3.77e+04	0.00
3395	RMHC	MAST	3	0	3	92	6016922	6.54e+04	1.00	7397	271837423	3.67e+04	0.00
3396	RMHC	MAST	0	1	1	91	6054776	6.65e+04	0.00	8277	297398044	3.59e+04	1.00
3397	RMHC	MAST	0	1	1	93	6128186	6.59e+04	0.00	8713	315604125	3.62e+04	1.00
3398	RMHC	MAST	0	1	1	97	6272913	6.47e+04	0.00	17086	573658606	3.36e+04	1.00
3399	RMHC	MAST	0	4	4	81	5336077	6.59e+04	0.00	7866	286035774	3.64e+04	1.00
3400	RMHC	MAST	0	1	1	99	6502920	6.57e+04	0.00	16771	537767991	3.21e+04	1.00
3401	RMHC	MAST	0	3	3	89	5804234	6.52e+04	0.00	6537	240784679	3.68e+04	1.00
3402	RMHC	MAST	1	0	1	97	6345177	6.54e+04	1.00	12835	438931107	3.42e+04	0.00
3403	RMHC	MAST	0	2	2	95	6261563	6.59e+04	0.00	8299	300942366	3.63e+04	1.00
3404	RMHC	MAST	0	1	1	96	6458087	6.73e+04	0.00	10791	378185921	3.50e+04	1.00
3405	RMHC	MAST	3	0	3	83	5446512	6.56e+04	1.00	5389	200705877	3.72e+04	0.00
3406	RMHC	MAST	2	0	2	91	6009410	6.60e+04	1.00	6547	240593911	3.67e+04	0.00
3407	RMHC	MAST	0	1	1	96	6292768	6.55e+04	0.00	10516	365824634	3.48e+04	1.00
3408	RMHC	MAST	1	0	1	93	6091873	6.55e+04	1.00	8279	296182469	3.58e+04	0.00
3409	RMHC	MAST	2	0	2	94	6165889	6.56e+04	1.00	6978	255805516	3.67e+04	0.00
3410	RMHC	MAST	1	0	1	92	6079044	6.61e+04	1.00	7671	277241210	3.61e+04	0.00
3411	RMHC	MAST	0	2	2	88	5831315	6.63e+04	0.00	6409	237476221	3.71e+04	1.00
3412	RMHC	MAST	0	2	2	97	6447293	6.65e+04	0.00	10637	373192030	3.51e+04	1.00
3413	RMHC	MAST	0	2	2	93	6313695	6.79e+04	0.00	7328	266253533	3.63e+04	1.00
3414	RMHC	MAST	2	0	2	93	6368937	6.85e+04	1.00	8060	293168507	3.64e+04	0.00
3415	RMHC	MAST	0	1	1	91	6194200	6.81e+04	0.00	10618	376914651	3.55e+04	1.00
3416	RMHC	MAST	1	0	1	93	6372439	6.85e+04	1.00	7810	289295535	3.70e+04	0.00
3417	RMHC	MAST	1	0	1	94	6365819	6.77e+04	1.00	9414	335170696	3.56e+04	0.00
3418	RMHC	MAST	1	0	1	90	6051164	6.72e+04	1.00	8058	289945518	3.60e+04	0.00
3419	RMHC	MAST	0	1	1	93	6315294	6.79e+04	0.00	11068	389131017	3.52e+04	1.00
3420	RMHC	MAST	0	1	1	91	6124352	6.73e+04	0.00	8190	295599618	3.61e+04	1.00
3421	RMHC	MAST	1	0	1	97	6459214	6.66e+04	1.00	9437	340014773	3.60e+04	0.00
3422	RMHC	MAST	0	1	1	96	6348157	6.61e+04	0.00	19777	731130547	3.70e+04	1.00
3423	RMHC	MAST	4	0	4	77	5099840	6.62e+04	1.00	3763	144542271	3.84e+04	0.00
3424	RMHC	MAST	2	0	2	94	6433854	6.84e+04	1.00	6865	255077851	3.72e+04	0.00
3425	RMHC	MAST	1	0	1	97	6515419	6.72e+04	1.00	11701	403774933	3.45e+04	0.00
3426	RMHC	MAST	0	1	1	94	6256512	6.66e+04	0.00	8354	299506206	3.59e+04	1.00
3427	RMHC	MAST	1	0	1	97	6421979	6.62e+04	1.00	12093	425124635	3.52e+04	0.00
3428	RMHC	MAST	0	1	1	93	6079951	6.54e+04	0.00	10130	357088415	3.53e+04	1.00
3429	RMHC	MAST	1	0	1	98	6514348	6.65e+04	1.00	14180	490520962	3.46e+04	0.00
3430	RMHC	MAST	2	0	2	88	5811144	6.60e+04	1.00	6270	231407811	3.69e+04	0.00
3431	RMHC	MAST	2	0	2	89	5874262	6.60e+04	1.00	6811	251030113	3.69e+04	0.00
3432	RMHC	MAST	2	0	2	92	6026941	6.55e+04	1.00	6978	252689049	3.62e+04	0.00
3433	RMHC	MAST	1	0	1	91	6025284	6.62e+04	1.00	12554	441681507	3.52e+04	0.00
3434	RMHC	MAST	0	1	1	94	6167457	6.56e+04	0.00	12333	430723922	3.49e+04	1.00
3435	RMHC	MAST	2	0	2	95	6338451	6.67e+04	1.00	9020	326122464	3.62e+04	0.00
3436	RMHC	MAST	8	0	8	73	4820393	6.60e+04	1.00	3664	141518216	3.86e+04	0.00
3437	RMHC	MAST	1	0	1	93	6235013	6.70e+04	1.00	9376	339684295	3.62e+04	0.00
3438	RMHC	MAST	3	0	3	86	5810426	6.76e+04	1.00	5279	198687094	3.76e+04	0.00
3439	RMHC	MAST	0	2	2	81	5336882	6.59e+04	0.00	5525	206417381	3.74e+04	1.00
3440	RMHC	MAST	0	1	1	94	6136877	6.53e+04	0.00	14792	511470315	3.46e+04	1.00
3441	RMHC	MAST	1	0	1	93	6097604	6.56e+04	1.00	9748	349139272	3.58e+04	0.00
3442	RMHC	MAST	7	0	7	77	5113642	6.64e+04	1.00	3796	146521673	3.86e+04	0.00
3443	RMHC	MAST	1	0	1	95	6352633	6.69e+04	1.00	8891	323840880	3.64e+04	0.00
3444	RMHC	MAST	2	0	2	91	6112986	6.72e+04	1.00	6458	238684433	3.70e+04	0.00
3445	RMHC	MAST	4	0	4	83	5431835	6.54e+04	1.00	4881	184462030	3.78e+04	0.00
3446	RMHC	MAST	0	4	4	79	5220228	6.61e+04	0.00	7482	274605411	3.67e+04	1.00
3447	RMHC	MAST	1	0	1	95	6400026	6.74e+04	1.00	12389	437421815	3.53e+04	0.00
3448	RMHC	MAST	1	0	1	99	6656520	6.72e+04	1.00	14276	484015184	3.39e+04	0.00
3449	RMHC	MAST	2	0	2	94	6160093	6.55e+04	1.00	8182	296321626	3.62e+04	0.00
3450	RMHC	MAST	2	0	2	86	5600063	6.51e+04	1.00	5529	208975154	3.78e+04	0.00
3451	RMHC	MAST	0	4	4	78	5150623	6.60e+04	0.00	5557	209624190	3.77e+04	1.00
3452	RMHC	MAST	2	0	2	89	5837394	6.56e+04	1.00	6235	230447312	3.70e+04	0.00
3453	RMHC	MAST	2	0	2	81	5406577	6.67e+04	1.00	5769	216960845	3.76e+04	0.00
3454	RMHC	MAST	4	0	4	93	6262316	6.73e+04	1.00	6615	259738550	3.93e+04	0.00
3455	RMHC	MAST	3	0	3	79	5119343	6.48e+04	1.00	4486	170138480	3.79e+04	0.00
3456	RMHC	MAST	0	3	3	78	5114858	6.56e+04	0.00	5312	197769588	3.72e+04	1.00
3457	RMHC	MAST	0	3	3	86	5642755	6.56e+04	0.00	11729	422513627	3.60e+04	1.00
3458	RMHC	MAST	5	0	5	87	5752222	6.61e+04	1.00	5293	197803467	3.74e+04	0.00
3459	RMHC	MAST	3	0	3	89	5938173	6.67e+04	1.00	5517	206439414	3.74e+04	0.00
3460	RMHC	MAST	1	0	1	96	6446946	6.72e+04	1.00	10858	378526301	3.49e+04	0.00
3461	RMHC	MAST	3	0	3	91	6075587	6.68e+04	1.00	6328	236397650	3.74e+04	0.00
3462	RMHC	MAST	0	2	2	94	6341583	6.75e+04	0.00	15102	533705405	3.53e+04	1.00
3463	RMHC	MAST	0	2	2	92	6095728	6.63e+04	0.00	9949	357429934	3.59e+04	1.00
3464	RMHC	MAST	1	0	1	90	6057047	6.73e+04	1.00	8463	308907542	3.65e+04	0.00
3465	RMHC	MAST	4	0	4	78	5147697	6.60e+04	1.00	4668	178033855	3.81e+04	0.00
3466	RMHC	MAST	2	0	2	91	5940528	6.53e+04	1.00	7084	257286011	3.63e+04	0.00
3467	RMHC	MAST	0	1	1	86	5655403	6.58e+04	0.00	6288	229777721	3.65e+04	1.00
3468	RMHC	MAST	1	0	1	92	6051575	6.58e+04	1.00	8959	314604457	3.51e+04	0.00
3469	RMHC	MAST	1	0	1	97	6491571	6.69e+04	1.00	14753	552191841	3.74e+04	0.00
3470	RMHC	MAST	2	0	2	98	6394544	6.53e+04	1.00	10930	383255416	3.51e+04	0.00
3471	RMHC	MAST	0	2	2	93	6152240	6.62e+04	0.00	8053	292713234	3.63e+04	1.00
3472	RMHC	MAST	1	0	1	98	6394472	6.52e+04	1.00	11428	397608896	3.48e+04	0.00
3473	RMHC	MAST	0	1	1	96	6451712	6.72e+04	0.00	15200	522833978	3.44e+04	1.00
3474	RMHC	MAST	1	0	1	98	6416059	6.55e+04	1.00	18214	609815473	3.35e+04	0.00
3475	RMHC	MAST	1	0	1	98	6502592	6.64e+04	1.00	13288	452647147	3.41e+04	0.00
3476	RMHC	MAST	1	0	1	95	6400942	6.74e+04	1.00	11438	398893003	3.49e+04	0.00
3477	RMHC	MAST	0	2	2	90	5983438	6.65e+04	0.00	7515	278346568	3.70e+04	1.00
3478	RMHC	MAST	1	0	1	91	6034987	6.63e+04	1.00	9602	343189639	3.57e+04	0.00
3479	RMHC	MAST	0	1	1	96	6369795	6.64e+04	0.00	13876	479624658	3.46e+04	1.00
3480	RMHC	MAST	0	3	3	83	5462191	6.58e+04	0.00	9242	336093607	3.64e+04	1.00
3481	RMHC	MAST	2	0	2	93	6176205	6.64e+04	1.00	7358	307261199	4.18e+04	0.00
3482	RMHC	MAST	1	0	1	98	6540142	6.67e+04	1.00	12519	419464043	3.35e+04	0.00
3483	RMHC	MAST	2	0	2	92	6047607	6.57e+04	1.00	7818	286750895	3.67e+04	0.00
3484	RMHC	MAST	2	0	2	92	5958175	6.48e+04	1.00	7164	260644503	3.64e+04	0.00
3485	RMHC	MAST	2	0	2	88	5831541	6.63e+04	1.00	6476	237953909	3.67e+04	0.00
3486	RMHC	MAST	2	0	2	95	6314996	6.65e+04	1.00	8548	313562804	3.67e+04	0.00
3487	RMHC	MAST	4	0	4	86	5592077	6.50e+04	1.00	5368	203226822	3.79e+04	0.00
3488	RMHC	MAST	1	0	1	98	6558739	6.69e+04	1.00	11272	389022414	3.45e+04	0.00
3489	RMHC	MAST	1	0	1	98	6416792	6.55e+04	1.00	9467	334062370	3.53e+04	0.00
3490	RMHC	MAST	3	0	3	90	5952034	6.61e+04	1.00	6257	230136540	3.68e+04	0.00
3491	RMHC	MAST	0	2	2	94	6145283	6.54e+04	0.00	8012	291678358	3.64e+04	1.00
3492	RMHC	MAST	0	1	1	97	6369865	6.57e+04	0.00	14134	478293216	3.38e+04	1.00
3493	RMHC	MAST	7	0	7	88	5729305	6.51e+04	1.00	5317	200681571	3.77e+04	0.00
3494	RMHC	MAST	0	1	1	99	6591243	6.66e+04	0.00	18157	610470938	3.36e+04	1.00
3495	RMHC	MAST	0	3	3	91	6134729	6.74e+04	0.00	8446	303321027	3.59e+04	1.00
3496	RMHC	MAST	0	1	1	95	6277151	6.61e+04	0.00	12286	426450121	3.47e+04	1.00
3497	RMHC	MAST	0	2	2	96	6401901	6.67e+04	0.00	10171	359550761	3.54e+04	1.00
3498	RMHC	MAST	1	0	1	98	6448686	6.58e+04	1.00	12008	414324291	3.45e+04	0.00
3499	RMHC	MAST	3	0	3	83	5420748	6.53e+04	1.00	5078	192246664	3.79e+04	0.00
3500	RMHC	MAST	0	1	1	98	6489628	6.62e+04	0.00	15600	515173479	3.30e+04	1.00
3501	RMHC	MAST	0	2	2	88	5666298	6.44e+04	0.00	7174	260812346	3.64e+04	1.00
3502	RMHC	Random	2	0	2	95	3456332	3.64e+04	1.00	94	6894839	7.33e+04	0.00
3503	RMHC	Random	1	0	1	94	3400302	3.62e+04	1.00	93	6852384	7.37e+04	0.00
3504	RMHC	Random	0	2	2	96	3500221	3.65e+04	0.00	96	7140530	7.44e+04	1.00
3505	RMHC	Random	2	0	2	94	3438222	3.66e+04	1.00	93	6999339	7.53e+04	0.00
3506	RMHC	Random	2	0	2	91	3340353	3.67e+04	1.00	90	6879414	7.64e+04	0.00
3507	RMHC	Random	0	1	1	94	3465671	3.69e+04	0.00	94	6956973	7.40e+04	1.00
3508	RMHC	Random	1	0	1	89	3247149	3.65e+04	1.00	88	6450646	7.33e+04	0.00
3509	RMHC	Random	1	0	1	100	3677991	3.68e+04	1.00	99	7424965	7.50e+04	0.00
3510	RMHC	Random	0	1	1	95	3452693	3.63e+04	0.00	95	7006635	7.38e+04	1.00
3511	RMHC	Random	2	0	2	97	3551165	3.66e+04	1.00	96	7136301	7.43e+04	0.00
3512	RMHC	Random	1	0	1	98	3556083	3.63e+04	1.00	97	7150246	7.37e+04	0.00
3513	RMHC	Random	0	2	2	98	3588854	3.66e+04	0.00	98	7335878	7.49e+04	1.00
3514	RMHC	Random	1	0	1	93	3273178	3.52e+04	1.00	92	6785563	7.38e+04	0.00
3515	RMHC	Random	3	0	3	88	3207263	3.64e+04	1.00	87	6563086	7.54e+04	0.00
3516	RMHC	Random	2	0	2	85	3069579	3.61e+04	1.00	84	6385360	7.60e+04	0.00
3517	RMHC	Random	0	2	2	81	2949618	3.64e+04	0.00	81	6028336	7.44e+04	1.00
3518	RMHC	Random	0	1	1	89	3253115	3.66e+04	0.00	89	6507348	7.31e+04	1.00
3519	RMHC	Random	0	1	1	96	3555107	3.70e+04	0.00	96	7129704	7.43e+04	1.00
3520	RMHC	Random	0	3	3	83	2974751	3.58e+04	0.00	83	6169168	7.43e+04	1.00
3521	RMHC	Random	2	0	2	88	3157904	3.59e+04	1.00	87	6353028	7.30e+04	0.00
3522	RMHC	Random	1	0	1	95	3429832	3.61e+04	1.00	94	7028056	7.48e+04	0.00
3523	RMHC	Random	3	0	3	89	3258474	3.66e+04	1.00	88	6645646	7.55e+04	0.00
3524	RMHC	Random	6	0	6	79	2841118	3.60e+04	1.00	78	5825307	7.47e+04	0.00
3525	RMHC	Random	1	0	1	97	3532104	3.64e+04	1.00	96	7262050	7.56e+04	0.00
3526	RMHC	Random	2	0	2	89	3301743	3.71e+04	1.00	88	6722609	7.64e+04	0.00
3527	RMHC	Random	0	3	3	84	3117369	3.71e+04	0.00	84	6199104	7.38e+04	1.00
3528	RMHC	Random	1	0	1	99	3584634	3.62e+04	1.00	98	7363636	7.51e+04	0.00
3529	RMHC	Random	0	1	1	92	3354079	3.65e+04	0.00	92	6848730	7.44e+04	1.00
3530	RMHC	Random	1	0	1	93	3383183	3.64e+04	1.00	92	7048738	7.66e+04	0.00
3531	RMHC	Random	6	0	6	80	2911232	3.64e+04	1.00	79	5996725	7.59e+04	0.00
3532	RMHC	Random	0	1	1	92	3334352	3.62e+04	0.00	92	6865890	7.46e+04	1.00
3533	RMHC	Random	1	0	1	91	3305157	3.63e+04	1.00	90	6876394	7.64e+04	0.00
3534	RMHC	Random	2	0	2	88	3149350	3.58e+04	1.00	87	6332445	7.28e+04	0.00
3535	RMHC	Random	0	4	4	89	3217029	3.61e+04	0.00	89	6561690	7.37e+04	1.00
3536	RMHC	Random	0	1	1	97	3539570	3.65e+04	0.00	97	7337329	7.56e+04	1.00
3537	RMHC	Random	1	0	1	92	3371288	3.66e+04	1.00	91	6926534	7.61e+04	0.00
3538	RMHC	Random	2	0	2	96	3459317	3.60e+04	1.00	95	7033218	7.40e+04	0.00
3539	RMHC	Random	2	0	2	89	3209889	3.61e+04	1.00	88	6455370	7.34e+04	0.00
3540	RMHC	Random	3	0	3	89	3223459	3.62e+04	1.00	88	6570872	7.47e+04	0.00
3541	RMHC	Random	0	2	2	92	3355696	3.65e+04	0.00	92	6978733	7.59e+04	1.00
3542	RMHC	Random	2	0	2	83	2967201	3.57e+04	1.00	82	6016839	7.34e+04	0.00
3543	RMHC	Random	2	0	2	89	3277750	3.68e+04	1.00	88	6694401	7.61e+04	0.00
3544	RMHC	Random	2	0	2	86	3157586	3.67e+04	1.00	85	6447313	7.59e+04	0.00
3545	RMHC	Random	2	0	2	96	3504991	3.65e+04	1.00	95	6947366	7.31e+04	0.00
3546	RMHC	Random	3	0	3	96	3486203	3.63e+04	1.00	95	6950527	7.32e+04	0.00
3547	RMHC	Random	2	0	2	96	3510120	3.66e+04	1.00	95	7028596	7.40e+04	0.00
3548	RMHC	Random	1	0	1	95	3463307	3.65e+04	1.00	94	6956468	7.40e+04	0.00
3549	RMHC	Random	1	0	1	96	3436825	3.58e+04	1.00	95	6951664	7.32e+04	0.00
3550	RMHC	Random	2	0	2	93	3341198	3.59e+04	1.00	92	6797031	7.39e+04	0.00
3551	RMHC	Random	0	2	2	91	3331371	3.66e+04	0.00	91	6965107	7.65e+04	1.00
3552	RMHC	Random	0	1	1	94	3381485	3.60e+04	0.00	94	6894537	7.33e+04	1.00
3553	RMHC	Random	1	0	1	93	3370431	3.62e+04	1.00	92	6780597	7.37e+04	0.00
3554	RMHC	Random	0	1	1	93	3376417	3.63e+04	0.00	93	6907490	7.43e+04	1.00
3555	RMHC	Random	2	0	2	97	3548361	3.66e+04	1.00	96	7093883	7.39e+04	0.00
3556	RMHC	Random	0	3	3	89	3208422	3.60e+04	0.00	89	6581563	7.40e+04	1.00
3557	RMHC	Random	1	0	1	99	3557386	3.59e+04	1.00	98	7330430	7.48e+04	0.00
3558	RMHC	Random	5	0	5	85	3125146	3.68e+04	1.00	84	6268080	7.46e+04	0.00
3559	RMHC	Random	0	1	1	96	3480234	3.63e+04	0.00	96	7070862	7.37e+04	1.00
3560	RMHC	Random	2	0	2	91	3292242	3.62e+04	1.00	90	6571131	7.30e+04	0.00
3561	RMHC	Random	0	3	3	77	2815982	3.66e+04	0.00	77	5633711	7.32e+04	1.00
3562	RMHC	Random	2	0	2	88	3175090	3.61e+04	1.00	87	6441364	7.40e+04	0.00
3563	RMHC	Random	2	0	2	92	3310718	3.60e+04	1.00	91	6833967	7.51e+04	0.00
3564	RMHC	Random	1	0	1	97	3522686	3.63e+04	1.00	96	7422776	7.73e+04	0.00
3565	RMHC	Random	3	0	3	85	3104006	3.65e+04	1.00	84	6456328	7.69e+04	0.00
3566	RMHC	Random	1	0	1	97	3509103	3.62e+04	1.00	96	7092216	7.39e+04	0.00
3567	RMHC	Random	0	3	3	90	3264325	3.63e+04	0.00	90	6682049	7.42e+04	1.00
3568	RMHC	Random	0	2	2	82	2982027	3.64e+04	0.00	82	6122540	7.47e+04	1.00
3569	RMHC	Random	4	0	4	82	2974838	3.63e+04	1.00	81	5987475	7.39e+04	0.00
3570	RMHC	Random	0	1	1	97	3475796	3.58e+04	0.00	97	7188953	7.41e+04	1.00
3571	RMHC	Random	2	0	2	93	3386081	3.64e+04	1.00	92	6783297	7.37e+04	0.00
3572	RMHC	Random	2	0	2	85	3065180	3.61e+04	1.00	84	6153610	7.33e+04	0.00
3573	RMHC	Random	0	2	2	90	3259034	3.62e+04	0.00	90	6797715	7.55e+04	1.00
3574	RMHC	Random	1	0	1	91	3284341	3.61e+04	1.00	90	6908652	7.68e+04	0.00
3575	RMHC	Random	0	3	3	88	3216072	3.65e+04	0.00	88	6443828	7.32e+04	1.00
3576	RMHC	Random	1	0	1	97	3503618	3.61e+04	1.00	96	7064954	7.36e+04	0.00
3577	RMHC	Random	1	0	1	99	3576300	3.61e+04	1.00	98	7210499	7.36e+04	0.00
3578	RMHC	Random	2	0	2	79	2856670	3.62e+04	1.00	78	5766100	7.39e+04	0.00
3579	RMHC	Random	0	1	1	94	3415958	3.63e+04	0.00	94	6906706	7.35e+04	1.00
3580	RMHC	Random	0	4	4	84	3052601	3.63e+04	0.00	84	6266131	7.46e+04	1.00
3581	RMHC	Random	1	0	1	95	3454146	3.64e+04	1.00	94	7210444	7.67e+04	0.00
3582	RMHC	Random	1	0	1	99	3542312	3.58e+04	1.00	98	7195836	7.34e+04	0.00
3583	RMHC	Random	2	0	2	91	3331017	3.66e+04	1.00	90	6909104	7.68e+04	0.00
3584	RMHC	Random	2	0	2	88	3152544	3.58e+04	1.00	87	6331608	7.28e+04	0.00
3585	RMHC	Random	0	1	1	96	3468605	3.61e+04	0.00	96	7062408	7.36e+04	1.00
3586	RMHC	Random	5	0	5	85	3054477	3.59e+04	1.00	84	6306368	7.51e+04	0.00
3587	RMHC	Random	2	0	2	91	3325822	3.65e+04	1.00	90	6549017	7.28e+04	0.00
3588	RMHC	Random	0	1	1	94	3387265	3.60e+04	0.00	94	6866725	7.31e+04	1.00
3589	RMHC	Random	2	0	2	94	3439449	3.66e+04	1.00	93	6877376	7.40e+04	0.00
3590	RMHC	Random	1	0	1	92	3297521	3.58e+04	1.00	91	6684454	7.35e+04	0.00
3591	RMHC	Random	2	0	2	96	3510841	3.66e+04	1.00	95	7204261	7.58e+04	0.00
3592	RMHC	Random	0	1	1	97	3508963	3.62e+04	0.00	97	7302743	7.53e+04	1.00
3593	RMHC	Random	0	1	1	96	3517074	3.66e+04	0.00	96	7206135	7.51e+04	1.00
3594	RMHC	Random	0	2	2	84	3094405	3.68e+04	0.00	84	6412845	7.63e+04	1.00
3595	RMHC	Random	0	2	2	93	3417064	3.67e+04	0.00	93	6803224	7.32e+04	1.00
3596	RMHC	Random	3	0	3	82	2987267	3.64e+04	1.00	81	5948036	7.34e+04	0.00
3597	RMHC	Random	2	0	2	83	2983305	3.59e+04	1.00	82	6064953	7.40e+04	0.00
3598	RMHC	Random	2	0	2	89	3239010	3.64e+04	1.00	88	6671068	7.58e+04	0.00
3599	RMHC	Random	2	0	2	88	3189751	3.62e+04	1.00	87	6417710	7.38e+04	0.00
3600	RMHC	Random	0	2	2	95	3441732	3.62e+04	0.00	95	6990679	7.36e+04	1.00
3601	RMHC	Random	1	0	1	96	3469810	3.61e+04	1.00	95	6994293	7.36e+04	0.00
3602	RMHC	Random	0	1	1	96	3545151	3.69e+04	0.00	96	7122966	7.42e+04	1.00
3603	RMHC	Random	0	2	2	97	3491558	3.60e+04	0.00	97	7194941	7.42e+04	1.00
3604	RMHC	Random	0	1	1	95	3453126	3.63e+04	0.00	95	7079354	7.45e+04	1.00
3605	RMHC	Random	1	0	1	99	3572686	3.61e+04	1.00	98	7283490	7.43e+04	0.00
3606	RMHC	Random	0	3	3	81	2942450	3.63e+04	0.00	81	6051094	7.47e+04	1.00
3607	RMHC	Random	1	0	1	95	3435109	3.62e+04	1.00	94	6895848	7.34e+04	0.00
3608	RMHC	Random	2	0	2	93	3355289	3.61e+04	1.00	92	6742125	7.33e+04	0.00
3609	RMHC	Random	0	1	1	90	3289391	3.65e+04	0.00	90	6728941	7.48e+04	1.00
3610	RMHC	Random	1	0	1	95	3408241	3.59e+04	1.00	94	7231260	7.69e+04	0.00
3611	RMHC	Random	0	1	1	94	3406144	3.62e+04	0.00	94	7237244	7.70e+04	1.00
3612	RMHC	Random	0	1	1	93	3352142	3.60e+04	0.00	93	6860183	7.38e+04	1.00
3613	RMHC	Random	2	0	2	95	3462388	3.64e+04	1.00	94	6935067	7.38e+04	0.00
3614	RMHC	Random	1	0	1	98	3500775	3.57e+04	1.00	97	7053911	7.27e+04	0.00
3615	RMHC	Random	1	0	1	89	3223458	3.62e+04	1.00	88	6530392	7.42e+04	0.00
3616	RMHC	Random	2	0	2	95	3416361	3.60e+04	1.00	94	7018701	7.47e+04	0.00
3617	RMHC	Random	0	1	1	99	3574122	3.61e+04	0.00	99	7393141	7.47e+04	1.00
3618	RMHC	Random	2	0	2	85	3064455	3.61e+04	1.00	84	6235125	7.42e+04	0.00
3619	RMHC	Random	0	1	1	96	3496485	3.64e+04	0.00	96	7100835	7.40e+04	1.00
3620	RMHC	Random	0	1	1	92	3328354	3.62e+04	0.00	92	6779690	7.37e+04	1.00
3621	RMHC	Random	0	3	3	89	3253856	3.66e+04	0.00	89	6593491	7.41e+04	1.00
3622	RMHC	Random	0	1	1	92	3326789	3.62e+04	0.00	92	6890630	7.49e+04	1.00
3623	RMHC	Random	2	0	2	96	3518450	3.67e+04	1.00	95	7321300	7.71e+04	0.00
3624	RMHC	Random	1	0	1	92	3337628	3.63e+04	1.00	91	7071119	7.77e+04	0.00
3625	RMHC	Random	1	0	1	99	3615822	3.65e+04	1.00	98	7272441	7.42e+04	0.00
3626	RMHC	Random	0	1	1	96	3498700	3.64e+04	0.00	96	7108795	7.40e+04	1.00
3627	RMHC	Random	1	0	1	96	3507630	3.65e+04	1.00	95	6996242	7.36e+04	0.00
3628	RMHC	Random	2	0	2	98	3552290	3.62e+04	1.00	97	7226217	7.45e+04	0.00
3629	RMHC	Random	3	0	3	96	3475414	3.62e+04	1.00	95	7152427	7.53e+04	0.00
3630	RMHC	Random	0	3	3	87	3148489	3.62e+04	0.00	87	6389877	7.34e+04	1.00
3631	RMHC	Random	0	1	1	97	3544416	3.65e+04	0.00	97	7211276	7.43e+04	1.00
3632	RMHC	Random	2	0	2	89	3212211	3.61e+04	1.00	88	6549006	7.44e+04	0.00
3633	RMHC	Random	0	1	1	98	3586177	3.66e+04	0.00	98	7435704	7.59e+04	1.00
3634	RMHC	Random	3	0	3	95	3497942	3.68e+04	1.00	94	7136135	7.59e+04	0.00
3635	RMHC	Random	2	0	2	99	3594599	3.63e+04	1.00	98	7528394	7.68e+04	0.00
3636	RMHC	Random	0	1	1	91	3286975	3.61e+04	0.00	91	6911832	7.60e+04	1.00
3637	RMHC	Random	2	0	2	96	3514012	3.66e+04	1.00	95	7091444	7.46e+04	0.00
3638	RMHC	Random	0	1	1	99	3561816	3.60e+04	0.00	99	7349165	7.42e+04	1.00
3639	RMHC	Random	2	0	2	94	3425631	3.64e+04	1.00	93	6872785	7.39e+04	0.00
3640	RMHC	Random	2	0	2	95	3417210	3.60e+04	1.00	94	7059212	7.51e+04	0.00
3641	RMHC	Random	0	2	2	83	3017636	3.64e+04	0.00	83	6174002	7.44e+04	1.00
3642	RMHC	Random	1	0	1	100	3606732	3.61e+04	1.00	99	7354450	7.43e+04	0.00
3643	RMHC	Random	0	1	1	96	3477632	3.62e+04	0.00	96	7277550	7.58e+04	1.00
3644	RMHC	Random	2	0	2	95	3394922	3.57e+04	1.00	94	7061175	7.51e+04	0.00
3645	RMHC	Random	0	2	2	89	3273620	3.68e+04	0.00	89	6856878	7.70e+04	1.00
3646	RMHC	Random	0	1	1	92	3315991	3.60e+04	0.00	92	6735643	7.32e+04	1.00
3647	RMHC	Random	0	2	2	90	3279625	3.64e+04	0.00	90	6680388	7.42e+04	1.00
3648	RMHC	Random	2	0	2	94	3404510	3.62e+04	1.00	93	7055073	7.59e+04	0.00
3649	RMHC	Random	3	0	3	92	3306994	3.59e+04	1.00	91	6970825	7.66e+04	0.00
3650	RMHC	Random	2	0	2	96	3437624	3.58e+04	1.00	95	6945458	7.31e+04	0.00
3651	RMHC	Random	1	0	1	99	3582364	3.62e+04	1.00	98	7351529	7.50e+04	0.00
3652	RMHC	Random	4	0	4	88	3219107	3.66e+04	1.00	87	6403487	7.36e+04	0.00
3653	RMHC	Random	1	0	1	97	3489758	3.60e+04	1.00	96	7029710	7.32e+04	0.00
3654	RMHC	Random	1	0	1	94	3428540	3.65e+04	1.00	93	6931579	7.45e+04	0.00
3655	RMHC	Random	1	0	1	89	3268831	3.67e+04	1.00	88	6558768	7.45e+04	0.00
3656	RMHC	Random	1	0	1	95	3666021	3.86e+04	1.00	94	7254937	7.72e+04	0.00
3657	RMHC	Random	1	0	1	92	3364071	3.66e+04	1.00	91	6986559	7.68e+04	0.00
3658	RMHC	Random	1	0	1	92	3349061	3.64e+04	1.00	91	6741092	7.41e+04	0.00
3659	RMHC	Random	7	0	7	68	2470716	3.63e+04	1.00	67	4883606	7.29e+04	0.00
3660	RMHC	Random	0	1	1	96	3477236	3.62e+04	0.00	96	7079858	7.37e+04	1.00
3661	RMHC	Random	1	0	1	91	3282375	3.61e+04	1.00	90	6677332	7.42e+04	0.00
3662	RMHC	Random	0	1	1	96	3484049	3.63e+04	0.00	96	7282546	7.59e+04	1.00
3663	RMHC	Random	0	1	1	95	3431096	3.61e+04	0.00	95	7158716	7.54e+04	1.00
3664	RMHC	Random	2	0	2	88	3218216	3.66e+04	1.00	87	6646234	7.64e+04	0.00
3665	RMHC	Random	0	1	1	97	3491974	3.60e+04	0.00	97	7062023	7.28e+04	1.00
3666	RMHC	Random	0	2	2	89	3206172	3.60e+04	0.00	89	6559732	7.37e+04	1.00
3667	RMHC	Random	1	0	1	95	3445698	3.63e+04	1.00	94	7019658	7.47e+04	0.00
3668	RMHC	Random	0	2	2	87	3159292	3.63e+04	0.00	87	6575196	7.56e+04	1.00
3669	RMHC	Random	1	0	1	95	3471689	3.65e+04	1.00	94	6964692	7.41e+04	0.00
3670	RMHC	Random	1	0	1	96	3508159	3.65e+04	1.00	95	6916861	7.28e+04	0.00
3671	RMHC	Random	0	1	1	98	3559297	3.63e+04	0.00	98	7213208	7.36e+04	1.00
3672	RMHC	Random	0	2	2	94	3403693	3.62e+04	0.00	94	6856498	7.29e+04	1.00
3673	RMHC	Random	0	1	1	97	3555194	3.67e+04	0.00	97	7098549	7.32e+04	1.00
3674	RMHC	Random	0	1	1	92	3325697	3.61e+04	0.00	92	6758101	7.35e+04	1.00
3675	RMHC	Random	0	2	2	93	3358736	3.61e+04	0.00	93	6959095	7.48e+04	1.00
3676	RMHC	Random	0	2	2	95	3442688	3.62e+04	0.00	95	7089669	7.46e+04	1.00
3677	RMHC	Random	0	1	1	96	3469080	3.61e+04	0.00	96	7243034	7.54e+04	1.00
3678	RMHC	Random	1	0	1	93	3380215	3.63e+04	1.00	92	7140357	7.76e+04	0.00
3679	RMHC	Random	0	1	1	99	3586480	3.62e+04	0.00	99	7357062	7.43e+04	1.00
3680	RMHC	Random	1	0	1	100	3657222	3.66e+04	1.00	99	7596088	7.67e+04	0.00
3681	RMHC	Random	3	0	3	96	3512439	3.66e+04	1.00	95	7176696	7.55e+04	0.00
3682	RMHC	Random	1	0	1	97	3528578	3.64e+04	1.00	96	7261455	7.56e+04	0.00
3683	RMHC	Random	3	0	3	85	3069664	3.61e+04	1.00	84	6365200	7.58e+04	0.00
3684	RMHC	Random	0	1	1	88	3229831	3.67e+04	0.00	88	6504904	7.39e+04	1.00
3685	RMHC	Random	0	3	3	88	3230413	3.67e+04	0.00	88	6638657	7.54e+04	1.00
3686	RMHC	Random	0	1	1	91	3308747	3.64e+04	0.00	91	6677917	7.34e+04	1.00
3687	RMHC	Random	1	0	1	96	3471803	3.62e+04	1.00	95	6960456	7.33e+04	0.00
3688	RMHC	Random	2	0	2	89	3192958	3.59e+04	1.00	88	6497376	7.38e+04	0.00
3689	RMHC	Random	0	1	1	97	3543685	3.65e+04	0.00	97	7282203	7.51e+04	1.00
3690	RMHC	Random	1	0	1	98	3515156	3.59e+04	1.00	97	7257444	7.48e+04	0.00
3691	RMHC	Random	0	1	1	94	3387608	3.60e+04	0.00	94	6981709	7.43e+04	1.00
3692	RMHC	Random	3	0	3	89	3263057	3.67e+04	1.00	88	6675586	7.59e+04	0.00
3693	RMHC	Random	0	1	1	85	3044563	3.58e+04	0.00	85	6215970	7.31e+04	1.00
3694	RMHC	Random	0	1	1	88	3204086	3.64e+04	0.00	88	6557966	7.45e+04	1.00
3695	RMHC	Random	2	0	2	88	3219682	3.66e+04	1.00	87	6395953	7.35e+04	0.00
3696	RMHC	Random	1	0	1	89	3197154	3.59e+04	1.00	88	6636786	7.54e+04	0.00
3697	RMHC	Random	1	0	1	90	3275848	3.64e+04	1.00	89	6743426	7.58e+04	0.00
3698	RMHC	Random	0	1	1	92	3340722	3.63e+04	0.00	92	6760124	7.35e+04	1.00
3699	RMHC	Random	1	0	1	99	3595317	3.63e+04	1.00	98	7218502	7.37e+04	0.00
3700	RMHC	Random	0	1	1	91	3284260	3.61e+04	0.00	91	6599914	7.25e+04	1.00
3701	RMHC	Random	0	1	1	97	3496556	3.60e+04	0.00	97	7140248	7.36e+04	1.00
3702	RMHC	Random	1	0	1	91	3304921	3.63e+04	1.00	90	6623664	7.36e+04	0.00
3703	RMHC	Random	0	1	1	97	3527781	3.64e+04	0.00	97	7197971	7.42e+04	1.00
3704	RMHC	Random	2	0	2	91	3317623	3.65e+04	1.00	90	6774305	7.53e+04	0.00
3705	RMHC	Random	0	3	3	92	3361643	3.65e+04	0.00	92	6964346	7.57e+04	1.00
3706	RMHC	Random	0	1	1	95	3436437	3.62e+04	0.00	95	7045758	7.42e+04	1.00
3707	RMHC	Random	1	0	1	100	3636176	3.64e+04	1.00	99	7317366	7.39e+04	0.00
3708	RMHC	Random	1	0	1	74	2678221	3.62e+04	1.00	73	5413822	7.42e+04	0.00
3709	RMHC	Random	4	0	4	92	3303419	3.59e+04	1.00	91	6687196	7.35e+04	0.00
3710	RMHC	Random	1	0	1	94	3446340	3.67e+04	1.00	93	6804005	7.32e+04	0.00
3711	RMHC	Random	1	0	1	88	3175838	3.61e+04	1.00	87	6424370	7.38e+04	0.00
3712	RMHC	Random	0	1	1	96	3504759	3.65e+04	0.00	96	7310342	7.61e+04	1.00
3713	RMHC	Random	1	0	1	99	3565847	3.60e+04	1.00	98	7373355	7.52e+04	0.00
3714	RMHC	Random	6	0	6	89	3235371	3.64e+04	1.00	88	6690205	7.60e+04	0.00
3715	RMHC	Random	1	0	1	99	3664083	3.70e+04	1.00	98	7302200	7.45e+04	0.00
3716	RMHC	Random	0	5	5	87	3198814	3.68e+04	0.00	87	6718306	7.72e+04	1.00
3717	RMHC	Random	0	1	1	97	3519231	3.63e+04	0.00	97	7208426	7.43e+04	1.00
3718	RMHC	Random	1	0	1	98	3560322	3.63e+04	1.00	97	7113528	7.33e+04	0.00
3719	RMHC	Random	0	1	1	90	3267050	3.63e+04	0.00	90	6588519	7.32e+04	1.00
3720	RMHC	Random	1	0	1	92	3364928	3.66e+04	1.00	91	6801800	7.47e+04	0.00
3721	RMHC	Random	0	1	1	90	3275007	3.64e+04	0.00	90	6865254	7.63e+04	1.00
3722	RMHC	Random	2	0	2	75	2734161	3.65e+04	1.00	74	5484409	7.41e+04	0.00
3723	RMHC	Random	1	0	1	98	3538549	3.61e+04	1.00	97	7169978	7.39e+04	0.00
3724	RMHC	Random	3	0	3	90	3283810	3.65e+04	1.00	89	6785573	7.62e+04	0.00
3725	RMHC	Random	0	1	1	97	3515805	3.62e+04	0.00	97	7229650	7.45e+04	1.00
3726	RMHC	Random	0	1	1	95	3461718	3.64e+04	0.00	95	6992361	7.36e+04	1.00
3727	RMHC	Random	0	3	3	93	3393713	3.65e+04	0.00	93	6829332	7.34e+04	1.00
3728	RMHC	Random	1	0	1	89	3221874	3.62e+04	1.00	88	6557522	7.45e+04	0.00
3729	RMHC	Random	1	0	1	100	3607478	3.61e+04	1.00	99	7447399	7.52e+04	0.00
3730	RMHC	Random	2	0	2	95	3510178	3.69e+04	1.00	94	7157831	7.61e+04	0.00
3731	RMHC	Random	0	1	1	99	3574007	3.61e+04	0.00	99	7639049	7.72e+04	1.00
3732	RMHC	Random	1	0	1	91	3314125	3.64e+04	1.00	90	6894047	7.66e+04	0.00
3733	RMHC	Random	1	0	1	93	3363960	3.62e+04	1.00	92	6773284	7.36e+04	0.00
3734	RMHC	Random	1	0	1	86	3101269	3.61e+04	1.00	85	6281810	7.39e+04	0.00
3735	RMHC	Random	0	4	4	86	3138185	3.65e+04	0.00	86	6426667	7.47e+04	1.00
3736	RMHC	Random	1	0	1	97	3521834	3.63e+04	1.00	96	7058306	7.35e+04	0.00
3737	RMHC	Random	0	2	2	89	3231152	3.63e+04	0.00	89	6443324	7.24e+04	1.00
3738	RMHC	Random	0	2	2	90	3277481	3.64e+04	0.00	90	6668961	7.41e+04	1.00
3739	RMHC	Random	0	2	2	93	3361346	3.61e+04	0.00	93	7049251	7.58e+04	1.00
3740	RMHC	Random	3	0	3	88	3200365	3.64e+04	1.00	87	6680403	7.68e+04	0.00
3741	RMHC	Random	0	1	1	98	3572756	3.65e+04	0.00	98	7239807	7.39e+04	1.00
3742	RMHC	Random	2	0	2	90	3318037	3.69e+04	1.00	89	6552776	7.36e+04	0.00
3743	RMHC	Random	0	1	1	94	3408097	3.63e+04	0.00	94	7078776	7.53e+04	1.00
3744	RMHC	Random	2	0	2	89	3276256	3.68e+04	1.00	88	6724039	7.64e+04	0.00
3745	RMHC	Random	3	0	3	97	3515212	3.62e+04	1.00	96	7108696	7.40e+04	0.00
3746	RMHC	Random	5	0	5	83	3217170	3.88e+04	1.00	82	6085328	7.42e+04	0.00
3747	RMHC	Random	1	0	1	95	3503774	3.69e+04	1.00	94	7022373	7.47e+04	0.00
3748	RMHC	Random	0	2	2	94	3409748	3.63e+04	0.00	94	7107306	7.56e+04	1.00
3749	RMHC	Random	0	3	3	95	3454097	3.64e+04	0.00	95	7287590	7.67e+04	1.00
3750	RMHC	Random	1	0	1	95	3455581	3.64e+04	1.00	94	7234239	7.70e+04	0.00
3751	RMHC	Random	0	2	2	91	3310504	3.64e+04	0.00	91	6713821	7.38e+04	1.00
3752	RMHC	Random	1	0	1	90	3220067	3.58e+04	1.00	89	6504473	7.31e+04	0.00
3753	RMHC	Random	0	2	2	95	3447572	3.63e+04	0.00	95	7106985	7.48e+04	1.00
3754	RMHC	Random	1	0	1	100	3667293	3.67e+04	1.00	99	7470102	7.55e+04	0.00
3755	RMHC	Random	3	0	3	97	3523676	3.63e+04	1.00	96	7128330	7.43e+04	0.00
3756	RMHC	Random	0	1	1	95	3450059	3.63e+04	0.00	95	7136928	7.51e+04	1.00
3757	RMHC	Random	0	1	1	92	3358009	3.65e+04	0.00	92	6931376	7.53e+04	1.00
3758	RMHC	Random	1	0	1	95	3461715	3.64e+04	1.00	94	7179577	7.64e+04	0.00
3759	RMHC	Random	2	0	2	78	2820197	3.62e+04	1.00	77	5774173	7.50e+04	0.00
3760	RMHC	Random	2	0	2	95	3380895	3.56e+04	1.00	94	7008108	7.46e+04	0.00
3761	RMHC	Random	0	1	1	92	3380257	3.67e+04	0.00	92	7084150	7.70e+04	1.00
3762	RMHC	Random	1	0	1	95	3380972	3.56e+04	1.00	94	6912363	7.35e+04	0.00
3763	RMHC	Random	1	0	1	91	3314049	3.64e+04	1.00	90	6562167	7.29e+04	0.00
3764	RMHC	Random	0	3	3	73	2658333	3.64e+04	0.00	73	5361693	7.34e+04	1.00
3765	RMHC	Random	1	0	1	94	3435593	3.65e+04	1.00	93	6880412	7.40e+04	0.00
3766	RMHC	Random	0	1	1	91	3337444	3.67e+04	0.00	91	6826343	7.50e+04	1.00
3767	RMHC	Random	1	0	1	98	3553572	3.63e+04	1.00	97	7384126	7.61e+04	0.00
3768	RMHC	Random	0	2	2	91	3360762	3.69e+04	0.00	91	6905920	7.59e+04	1.00
3769	RMHC	Random	0	3	3	91	3279989	3.60e+04	0.00	91	6729992	7.40e+04	1.00
3770	RMHC	Random	1	0	1	96	3458466	3.60e+04	1.00	95	7034572	7.40e+04	0.00
3771	RMHC	Random	3	0	3	90	3276867	3.64e+04	1.00	89	6581319	7.39e+04	0.00
3772	RMHC	Random	1	0	1	96	3441304	3.58e+04	1.00	95	7044333	7.42e+04	0.00
3773	RMHC	Random	1	0	1	97	3540277	3.65e+04	1.00	96	7108424	7.40e+04	0.00
3774	RMHC	Random	0	1	1	88	3183443	3.62e+04	0.00	88	6595006	7.49e+04	1.00
3775	RMHC	Random	6	0	6	81	2944600	3.64e+04	1.00	80	5940656	7.43e+04	0.00
3776	RMHC	Random	0	1	1	98	3509140	3.58e+04	0.00	98	7238495	7.39e+04	1.00
3777	RMHC	Random	1	0	1	96	3480551	3.63e+04	1.00	95	7099993	7.47e+04	0.00
3778	RMHC	Random	2	0	2	95	3454939	3.64e+04	1.00	94	7048271	7.50e+04	0.00
3779	RMHC	Random	0	1	1	89	3222794	3.62e+04	0.00	89	6657407	7.48e+04	1.00
3780	RMHC	Random	2	0	2	94	3383420	3.60e+04	1.00	93	6865002	7.38e+04	0.00
3781	RMHC	Random	0	1	1	91	3287303	3.61e+04	0.00	91	6617309	7.27e+04	1.00
3782	RMHC	Random	1	0	1	95	3397067	3.58e+04	1.00	94	6967212	7.41e+04	0.00
3783	RMHC	Random	0	4	4	86	3118458	3.63e+04	0.00	86	6430491	7.48e+04	1.00
3784	RMHC	Random	1	0	1	98	3575580	3.65e+04	1.00	97	7162828	7.38e+04	0.00
3785	RMHC	Random	4	0	4	81	2995124	3.70e+04	1.00	80	6152716	7.69e+04	0.00
3786	RMHC	Random	3	0	3	90	3251072	3.61e+04	1.00	89	6665372	7.49e+04	0.00
3787	RMHC	Random	1	0	1	93	3408764	3.67e+04	1.00	92	7057301	7.67e+04	0.00
3788	RMHC	Random	1	0	1	96	3587506	3.74e+04	1.00	95	7013182	7.38e+04	0.00
3789	RMHC	Random	2	0	2	94	3384095	3.60e+04	1.00	93	6802082	7.31e+04	0.00
3790	RMHC	Random	1	0	1	98	3576751	3.65e+04	1.00	97	7074642	7.29e+04	0.00
3791	RMHC	Random	0	1	1	99	3604405	3.64e+04	0.00	99	7319092	7.39e+04	1.00
3792	RMHC	Random	0	2	2	91	3281563	3.61e+04	0.00	91	6587938	7.24e+04	1.00
3793	RMHC	Random	2	0	2	96	3502959	3.65e+04	1.00	95	6997539	7.37e+04	0.00
3794	RMHC	Random	0	1	1	94	3415291	3.63e+04	0.00	94	6944520	7.39e+04	1.00
3795	RMHC	Random	1	0	1	98	3521872	3.59e+04	1.00	97	7187211	7.41e+04	0.00
3796	RMHC	Random	0	1	1	95	3450132	3.63e+04	0.00	95	7037113	7.41e+04	1.00
3797	RMHC	Random	2	0	2	96	3518717	3.67e+04	1.00	95	7037711	7.41e+04	0.00
3798	RMHC	Random	2	0	2	89	3198911	3.59e+04	1.00	88	6603840	7.50e+04	0.00
3799	RMHC	Random	0	1	1	90	3294673	3.66e+04	0.00	90	6851922	7.61e+04	1.00
3800	RMHC	Random	2	0	2	96	3475801	3.62e+04	1.00	95	6957200	7.32e+04	0.00
3801	RMHC	Random	0	1	1	97	3497774	3.61e+04	0.00	97	7134349	7.35e+04	1.00
3802	RMHC	Random	0	1	1	93	3365575	3.62e+04	0.00	93	6820511	7.33e+04	1.00
3803	RMHC	Random	1	0	1	99	3615244	3.65e+04	1.00	98	7207523	7.35e+04	0.00
3804	RMHC	Random	0	1	1	94	3453325	3.67e+04	0.00	94	6928101	7.37e+04	1.00
3805	RMHC	Random	0	1	1	96	3469446	3.61e+04	0.00	96	7020289	7.31e+04	1.00
3806	RMHC	Random	0	1	1	97	3514646	3.62e+04	0.00	97	7205026	7.43e+04	1.00
3807	RMHC	Random	2	0	2	95	3470017	3.65e+04	1.00	94	6877381	7.32e+04	0.00
3808	RMHC	Random	1	0	1	98	3462412	3.53e+04	1.00	97	7051994	7.27e+04	0.00
3809	RMHC	Random	3	0	3	93	3402829	3.66e+04	1.00	92	6803280	7.39e+04	0.00
3810	RMHC	Random	0	2	2	90	3265524	3.63e+04	0.00	90	6735574	7.48e+04	1.00
3811	RMHC	Random	0	1	1	96	3504188	3.65e+04	0.00	96	7443514	7.75e+04	1.00
3812	RMHC	Random	2	0	2	83	3016395	3.63e+04	1.00	82	6221149	7.59e+04	0.00
3813	RMHC	Random	1	0	1	98	3547138	3.62e+04	1.00	97	7246304	7.47e+04	0.00
3814	RMHC	Random	2	0	2	92	3358649	3.65e+04	1.00	91	6765287	7.43e+04	0.00
3815	RMHC	Random	1	0	1	98	3579705	3.65e+04	1.00	97	7220333	7.44e+04	0.00
3816	RMHC	Random	1	0	1	90	3254556	3.62e+04	1.00	89	6675144	7.50e+04	0.00
3817	RMHC	Random	0	1	1	85	3060980	3.60e+04	0.00	85	6512800	7.66e+04	1.00
3818	RMHC	Random	1	0	1	97	3486040	3.59e+04	1.00	96	7066573	7.36e+04	0.00
3819	RMHC	Random	0	2	2	86	3148786	3.66e+04	0.00	86	6452919	7.50e+04	1.00
3820	RMHC	Random	0	2	2	88	3157529	3.59e+04	0.00	88	6634180	7.54e+04	1.00
3821	RMHC	Random	0	3	3	93	3367551	3.62e+04	0.00	93	6811740	7.32e+04	1.00
3822	RMHC	Random	1	0	1	92	3374012	3.67e+04	1.00	91	6835287	7.51e+04	0.00
3823	RMHC	Random	0	1	1	90	3295094	3.66e+04	0.00	90	6821846	7.58e+04	1.00
3824	RMHC	Random	1	0	1	92	3353325	3.64e+04	1.00	91	6658086	7.32e+04	0.00
3825	RMHC	Random	1	0	1	95	3461012	3.64e+04	1.00	94	6863958	7.30e+04	0.00
3826	RMHC	Random	0	1	1	97	3480636	3.59e+04	0.00	97	7133731	7.35e+04	1.00
3827	RMHC	Random	0	3	3	91	3243901	3.56e+04	0.00	91	6741563	7.41e+04	1.00
3828	RMHC	Random	0	1	1	94	3413313	3.63e+04	0.00	94	6972428	7.42e+04	1.00
3829	RMHC	Random	0	2	2	95	3475629	3.66e+04	0.00	95	7286909	7.67e+04	1.00
3830	RMHC	Random	0	1	1	99	3629018	3.67e+04	0.00	99	7478991	7.55e+04	1.00
3831	RMHC	Random	1	0	1	91	3281224	3.61e+04	1.00	90	6737841	7.49e+04	0.00
3832	RMHC	Random	2	0	2	93	3392823	3.65e+04	1.00	92	7076922	7.69e+04	0.00
3833	RMHC	Random	4	0	4	87	3142231	3.61e+04	1.00	86	6315025	7.34e+04	0.00
3834	RMHC	Random	0	2	2	87	3177856	3.65e+04	0.00	87	6602079	7.59e+04	1.00
3835	RMHC	Random	0	2	2	90	3274854	3.64e+04	0.00	90	6585654	7.32e+04	1.00
3836	RMHC	Random	4	0	4	90	3217998	3.58e+04	1.00	89	6535379	7.34e+04	0.00
3837	RMHC	Random	2	0	2	97	3516624	3.63e+04	1.00	96	7199672	7.50e+04	0.00
3838	RMHC	Random	0	3	3	79	2841851	3.60e+04	0.00	79	5874927	7.44e+04	1.00
3839	RMHC	Random	1	0	1	97	3501880	3.61e+04	1.00	96	7079376	7.37e+04	0.00
3840	RMHC	Random	0	3	3	84	3074429	3.66e+04	0.00	84	6285653	7.48e+04	1.00
3841	RMHC	Random	4	0	4	82	2983948	3.64e+04	1.00	81	6182218	7.63e+04	0.00
3842	RMHC	Random	0	6	6	80	2889141	3.61e+04	0.00	80	5931488	7.41e+04	1.00
3843	RMHC	Random	2	0	2	91	3277109	3.60e+04	1.00	90	6619641	7.36e+04	0.00
3844	RMHC	Random	4	0	4	85	3071713	3.61e+04	1.00	84	6249268	7.44e+04	0.00
3845	RMHC	Random	1	0	1	95	3478817	3.66e+04	1.00	94	6990003	7.44e+04	0.00
3846	RMHC	Random	1	0	1	85	3059437	3.60e+04	1.00	84	6190016	7.37e+04	0.00
3847	RMHC	Random	0	2	2	91	3319968	3.65e+04	0.00	91	6820019	7.49e+04	1.00
3848	RMHC	Random	0	4	4	81	2964648	3.66e+04	0.00	81	6237634	7.70e+04	1.00
3849	RMHC	Random	2	0	2	92	3317228	3.61e+04	1.00	91	6783757	7.45e+04	0.00
3850	RMHC	Random	1	0	1	87	3151194	3.62e+04	1.00	86	6447269	7.50e+04	0.00
3851	RMHC	Random	1	0	1	96	3462354	3.61e+04	1.00	95	7006023	7.37e+04	0.00
3852	RMHC	Random	1	0	1	87	3119083	3.59e+04	1.00	86	6273304	7.29e+04	0.00
3853	RMHC	Random	2	0	2	94	3419354	3.64e+04	1.00	93	6927217	7.45e+04	0.00
3854	RMHC	Random	1	0	1	93	3378593	3.63e+04	1.00	92	7030849	7.64e+04	0.00
3855	RMHC	Random	1	0	1	96	3505996	3.65e+04	1.00	95	7361697	7.75e+04	0.00
3856	RMHC	Random	0	1	1	98	3522809	3.59e+04	0.00	98	7160253	7.31e+04	1.00
3857	RMHC	Random	1	0	1	97	3519394	3.63e+04	1.00	96	7348625	7.65e+04	0.00
3858	RMHC	Random	0	8	8	61	2232343	3.66e+04	0.00	61	4636110	7.60e+04	1.00
3859	RMHC	Random	2	0	2	96	3495468	3.64e+04	1.00	95	7004770	7.37e+04	0.00
3860	RMHC	Random	1	0	1	94	3450551	3.67e+04	1.00	93	6788305	7.30e+04	0.00
3861	RMHC	Random	0	1	1	96	3501065	3.65e+04	0.00	96	7131733	7.43e+04	1.00
3862	RMHC	Random	2	0	2	89	3265361	3.67e+04	1.00	88	6577124	7.47e+04	0.00
3863	RMHC	Random	1	0	1	97	3501799	3.61e+04	1.00	96	7349135	7.66e+04	0.00
3864	RMHC	Random	0	1	1	93	3410444	3.67e+04	0.00	93	7140441	7.68e+04	1.00
3865	RMHC	Random	3	0	3	95	3437158	3.62e+04	1.00	94	6863894	7.30e+04	0.00
3866	RMHC	Random	1	0	1	83	2973937	3.58e+04	1.00	82	6016415	7.34e+04	0.00
3867	RMHC	Random	2	0	2	96	3508318	3.65e+04	1.00	95	7200088	7.58e+04	0.00
3868	RMHC	Random	1	0	1	89	3233573	3.63e+04	1.00	88	6623274	7.53e+04	0.00
3869	RMHC	Random	6	0	6	77	2810474	3.65e+04	1.00	76	5650945	7.44e+04	0.00
3870	RMHC	Random	0	1	1	87	3134180	3.60e+04	0.00	87	6740861	7.75e+04	1.00
3871	RMHC	Random	1	0	1	95	3451904	3.63e+04	1.00	94	6898619	7.34e+04	0.00
3872	RMHC	Random	2	0	2	88	3213253	3.65e+04	1.00	87	6453471	7.42e+04	0.00
3873	RMHC	Random	0	2	2	87	3184569	3.66e+04	0.00	87	6593449	7.58e+04	1.00
3874	RMHC	Random	1	0	1	90	3289389	3.65e+04	1.00	89	6550692	7.36e+04	0.00
3875	RMHC	Random	2	0	2	89	3212403	3.61e+04	1.00	88	6558345	7.45e+04	0.00
3876	RMHC	Random	1	0	1	98	3546067	3.62e+04	1.00	97	7531291	7.76e+04	0.00
3877	RMHC	Random	2	0	2	92	3359018	3.65e+04	1.00	91	6839950	7.52e+04	0.00
3878	RMHC	Random	0	2	2	86	3103538	3.61e+04	0.00	86	6266266	7.29e+04	1.00
3879	RMHC	Random	0	3	3	95	3506911	3.69e+04	0.00	95	7041588	7.41e+04	1.00
3880	RMHC	Random	3	0	3	84	3012526	3.59e+04	1.00	83	6192676	7.46e+04	0.00
3881	RMHC	Random	1	0	1	93	3359912	3.61e+04	1.00	92	6743563	7.33e+04	0.00
3882	RMHC	Random	1	0	1	90	3208505	3.57e+04	1.00	89	6562140	7.37e+04	0.00
3883	RMHC	Random	1	0	1	94	3404364	3.62e+04	1.00	93	6954881	7.48e+04	0.00
3884	RMHC	Random	1	0	1	94	3424009	3.64e+04	1.00	93	7016896	7.55e+04	0.00
3885	RMHC	Random	0	2	2	91	3342811	3.67e+04	0.00	91	7027250	7.72e+04	1.00
3886	RMHC	Random	1	0	1	93	3333696	3.58e+04	1.00	92	6711991	7.30e+04	0.00
3887	RMHC	Random	1	0	1	98	3552573	3.63e+04	1.00	97	7163335	7.38e+04	0.00
3888	RMHC	Random	0	1	1	98	3565261	3.64e+04	0.00	98	7212576	7.36e+04	1.00
3889	RMHC	Random	2	0	2	93	3396719	3.65e+04	1.00	92	6781477	7.37e+04	0.00
3890	RMHC	Random	1	0	1	96	3452283	3.60e+04	1.00	95	6975992	7.34e+04	0.00
3891	RMHC	Random	0	1	1	87	3143718	3.61e+04	0.00	87	6414963	7.37e+04	1.00
3892	RMHC	Random	0	2	2	92	3322014	3.61e+04	0.00	92	7070626	7.69e+04	1.00
3893	RMHC	Random	0	1	1	95	3506884	3.69e+04	0.00	95	7122271	7.50e+04	1.00
3894	RMHC	Random	0	2	2	89	3206559	3.60e+04	0.00	89	6489067	7.29e+04	1.00
3895	RMHC	Random	0	1	1	90	3289987	3.66e+04	0.00	90	6601787	7.34e+04	1.00
3896	RMHC	Random	0	1	1	93	3390696	3.65e+04	0.00	93	6998415	7.53e+04	1.00
3897	RMHC	Random	0	2	2	96	3532623	3.68e+04	0.00	96	7385745	7.69e+04	1.00
3898	RMHC	Random	1	0	1	97	3514986	3.62e+04	1.00	96	7400402	7.71e+04	0.00
3899	RMHC	Random	1	0	1	98	3545564	3.62e+04	1.00	97	7540202	7.77e+04	0.00
3900	RMHC	Random	1	0	1	97	3520293	3.63e+04	1.00	96	7313923	7.62e+04	0.00
3901	RMHC	Random	2	0	2	96	3507071	3.65e+04	1.00	95	7346098	7.73e+04	0.00
3902	RMHC	Random	1	0	1	91	3322618	3.65e+04	1.00	90	6888874	7.65e+04	0.00
3903	RMHC	Random	0	2	2	90	3242501	3.60e+04	0.00	90	6604310	7.34e+04	1.00
3904	RMHC	Random	1	0	1	84	3049545	3.63e+04	1.00	83	6173610	7.44e+04	0.00
3905	RMHC	Random	0	2	2	84	3037878	3.62e+04	0.00	84	6183614	7.36e+04	1.00
3906	RMHC	Random	0	2	2	84	3084498	3.67e+04	0.00	84	6369778	7.58e+04	1.00
3907	RMHC	Random	1	0	1	98	3565249	3.64e+04	1.00	97	7216551	7.44e+04	0.00
3908	RMHC	Random	0	1	1	92	3356585	3.65e+04	0.00	92	6805959	7.40e+04	1.00
3909	RMHC	Random	0	1	1	97	3501370	3.61e+04	0.00	97	7068808	7.29e+04	1.00
3910	RMHC	Random	0	1	1	99	3572300	3.61e+04	0.00	99	7398333	7.47e+04	1.00
3911	RMHC	Random	1	0	1	93	3390228	3.65e+04	1.00	92	6762388	7.35e+04	0.00
3912	RMHC	Random	1	0	1	100	3611371	3.61e+04	1.00	99	7354119	7.43e+04	0.00
3913	RMHC	Random	2	0	2	94	3393956	3.61e+04	1.00	93	6784400	7.30e+04	0.00
3914	RMHC	Random	1	0	1	99	3601542	3.64e+04	1.00	98	7284602	7.43e+04	0.00
3915	RMHC	Random	1	0	1	98	3573273	3.65e+04	1.00	97	7193483	7.42e+04	0.00
3916	RMHC	Random	1	0	1	89	3229873	3.63e+04	1.00	88	6476300	7.36e+04	0.00
3917	RMHC	Random	1	0	1	95	3465557	3.65e+04	1.00	94	7090503	7.54e+04	0.00
3918	RMHC	Random	1	0	1	91	3310683	3.64e+04	1.00	90	6787321	7.54e+04	0.00
3919	RMHC	Random	1	0	1	99	3608154	3.64e+04	1.00	98	7235651	7.38e+04	0.00
3920	RMHC	Random	0	1	1	93	3418567	3.68e+04	0.00	93	7127391	7.66e+04	1.00
3921	RMHC	Random	1	0	1	99	3582681	3.62e+04	1.00	98	7253187	7.40e+04	0.00
3922	RMHC	Random	1	0	1	99	3587898	3.62e+04	1.00	98	7263995	7.41e+04	0.00
3923	RMHC	Random	0	1	1	94	3376772	3.59e+04	0.00	94	7268934	7.73e+04	1.00
3924	RMHC	Random	0	1	1	96	3504631	3.65e+04	0.00	96	7076476	7.37e+04	1.00
3925	RMHC	Random	0	1	1	99	3605224	3.64e+04	0.00	99	7385091	7.46e+04	1.00
3926	RMHC	Random	0	3	3	85	3081954	3.63e+04	0.00	85	6458268	7.60e+04	1.00
3927	RMHC	Random	0	1	1	96	3510705	3.66e+04	0.00	96	7151910	7.45e+04	1.00
3928	RMHC	Random	1	0	1	90	3264537	3.63e+04	1.00	89	6737147	7.57e+04	0.00
3929	RMHC	Random	2	0	2	94	3407228	3.62e+04	1.00	93	6963325	7.49e+04	0.00
3930	RMHC	Random	0	3	3	87	3195033	3.67e+04	0.00	87	6653998	7.65e+04	1.00
3931	RMHC	Random	1	0	1	95	3401563	3.58e+04	1.00	94	6946949	7.39e+04	0.00
3932	RMHC	Random	1	0	1	99	3564506	3.60e+04	1.00	98	7244371	7.39e+04	0.00
3933	RMHC	Random	1	0	1	94	3433485	3.65e+04	1.00	93	6922094	7.44e+04	0.00
3934	RMHC	Random	0	2	2	92	3337919	3.63e+04	0.00	92	6763682	7.35e+04	1.00
3935	RMHC	Random	1	0	1	98	3569729	3.64e+04	1.00	97	7202909	7.43e+04	0.00
3936	RMHC	Random	2	0	2	88	3207036	3.64e+04	1.00	87	6584388	7.57e+04	0.00
3937	RMHC	Random	0	2	2	87	3149733	3.62e+04	0.00	87	6684722	7.68e+04	1.00
3938	RMHC	Random	1	0	1	97	3520883	3.63e+04	1.00	96	7060325	7.35e+04	0.00
3939	RMHC	Random	0	1	1	96	3496208	3.64e+04	0.00	96	7018473	7.31e+04	1.00
3940	RMHC	Random	2	0	2	88	3172806	3.61e+04	1.00	87	6474649	7.44e+04	0.00
3941	RMHC	Random	1	0	1	92	3322363	3.61e+04	1.00	91	6935988	7.62e+04	0.00
3942	RMHC	Random	2	0	2	99	3583553	3.62e+04	1.00	98	7263085	7.41e+04	0.00
3943	RMHC	Random	0	2	2	90	3253975	3.62e+04	0.00	90	6855560	7.62e+04	1.00
3944	RMHC	Random	1	0	1	97	3518552	3.63e+04	1.00	96	7092955	7.39e+04	0.00
3945	RMHC	Random	2	0	2	97	3515371	3.62e+04	1.00	96	7027713	7.32e+04	0.00
3946	RMHC	Random	2	0	2	82	2953820	3.60e+04	1.00	81	5970059	7.37e+04	0.00
3947	RMHC	Random	0	3	3	88	3195111	3.63e+04	0.00	88	6706254	7.62e+04	1.00
3948	RMHC	Random	1	0	1	97	3526562	3.64e+04	1.00	96	7074371	7.37e+04	0.00
3949	RMHC	Random	3	0	3	82	2986856	3.64e+04	1.00	81	6092429	7.52e+04	0.00
3950	RMHC	Random	0	1	1	95	3426692	3.61e+04	0.00	95	7204136	7.58e+04	1.00
3951	RMHC	Random	3	0	3	94	3418486	3.64e+04	1.00	93	7233884	7.78e+04	0.00
3952	RMHC	Random	0	4	4	86	3123595	3.63e+04	0.00	86	6258804	7.28e+04	1.00
3953	RMHC	Random	1	0	1	99	3600470	3.64e+04	1.00	98	7218664	7.37e+04	0.00
3954	RMHC	Random	1	0	1	92	3283692	3.57e+04	1.00	91	6667948	7.33e+04	0.00
3955	RMHC	Random	0	1	1	84	3014295	3.59e+04	0.00	84	6224041	7.41e+04	1.00
3956	RMHC	Random	0	1	1	98	3554905	3.63e+04	0.00	98	7247626	7.40e+04	1.00
3957	RMHC	Random	0	2	2	96	3485763	3.63e+04	0.00	96	7087348	7.38e+04	1.00
3958	RMHC	Random	3	0	3	85	3089882	3.64e+04	1.00	84	6162420	7.34e+04	0.00
3959	RMHC	Random	1	0	1	96	3476306	3.62e+04	1.00	95	7169723	7.55e+04	0.00
3960	RMHC	Random	0	1	1	95	3432966	3.61e+04	0.00	95	7092777	7.47e+04	1.00
3961	RMHC	Random	2	0	2	93	3370793	3.62e+04	1.00	92	7014016	7.62e+04	0.00
3962	RMHC	Random	0	8	8	76	2805439	3.69e+04	0.00	76	5638414	7.42e+04	1.00
3963	RMHC	Random	1	0	1	93	3379211	3.63e+04	1.00	92	7013257	7.62e+04	0.00
3964	RMHC	Random	1	0	1	97	3455487	3.56e+04	1.00	96	7065354	7.36e+04	0.00
3965	RMHC	Random	2	0	2	92	3345294	3.64e+04	1.00	91	6651230	7.31e+04	0.00
3966	RMHC	Random	0	2	2	89	3181030	3.57e+04	0.00	89	6541741	7.35e+04	1.00
3967	RMHC	Random	3	0	3	85	3138416	3.69e+04	1.00	84	6386554	7.60e+04	0.00
3968	RMHC	Random	1	0	1	89	3198280	3.59e+04	1.00	88	6447327	7.33e+04	0.00
3969	RMHC	Random	0	1	1	99	3563224	3.60e+04	0.00	99	7311243	7.39e+04	1.00
3970	RMHC	Random	0	1	1	94	3437547	3.66e+04	0.00	94	6936982	7.38e+04	1.00
3971	RMHC	Random	1	0	1	97	3549847	3.66e+04	1.00	96	7272334	7.58e+04	0.00
3972	RMHC	Random	0	1	1	91	3308709	3.64e+04	0.00	91	6756119	7.42e+04	1.00
3973	RMHC	Random	0	3	3	90	3288838	3.65e+04	0.00	90	6795551	7.55e+04	1.00
3974	RMHC	Random	0	1	1	97	3564421	3.67e+04	0.00	97	7225714	7.45e+04	1.00
3975	RMHC	Random	0	1	1	96	3492938	3.64e+04	0.00	96	7115465	7.41e+04	1.00
3976	RMHC	Random	4	0	4	84	3068896	3.65e+04	1.00	83	6132994	7.39e+04	0.00
3977	RMHC	Random	0	1	1	96	3489826	3.64e+04	0.00	96	7147551	7.45e+04	1.00
3978	RMHC	Random	1	0	1	99	3643130	3.68e+04	1.00	98	7452152	7.60e+04	0.00
3979	RMHC	Random	0	3	3	79	2890551	3.66e+04	0.00	79	5808453	7.35e+04	1.00
3980	RMHC	Random	3	0	3	84	3028681	3.61e+04	1.00	83	6193307	7.46e+04	0.00
3981	RMHC	Random	0	1	1	93	3431861	3.69e+04	0.00	93	7200999	7.74e+04	1.00
3982	RMHC	Random	1	0	1	97	3481650	3.59e+04	1.00	96	7027154	7.32e+04	0.00
3983	RMHC	Random	3	0	3	92	3336332	3.63e+04	1.00	91	6647851	7.31e+04	0.00
3984	RMHC	Random	0	1	1	88	3177954	3.61e+04	0.00	88	6457980	7.34e+04	1.00
3985	RMHC	Random	1	0	1	95	3452323	3.63e+04	1.00	94	7105416	7.56e+04	0.00
3986	RMHC	Random	1	0	1	98	3482235	3.55e+04	1.00	97	7308309	7.53e+04	0.00
3987	RMHC	Random	0	1	1	97	3580072	3.69e+04	0.00	97	7285442	7.51e+04	1.00
3988	RMHC	Random	0	1	1	92	3346053	3.64e+04	0.00	92	6829526	7.42e+04	1.00
3989	RMHC	Random	0	1	1	96	3492212	3.64e+04	0.00	96	7426349	7.74e+04	1.00
3990	RMHC	Random	0	1	1	87	3133025	3.60e+04	0.00	87	6365514	7.32e+04	1.00
3991	RMHC	Random	1	0	1	93	3401664	3.66e+04	1.00	92	6809302	7.40e+04	0.00
3992	RMHC	Random	2	0	2	86	3067657	3.57e+04	1.00	85	6367442	7.49e+04	0.00
3993	RMHC	Random	2	0	2	95	3442312	3.62e+04	1.00	94	6939164	7.38e+04	0.00
3994	RMHC	Random	0	1	1	92	3334930	3.62e+04	0.00	92	6743979	7.33e+04	1.00
3995	RMHC	Random	1	0	1	95	3425934	3.61e+04	1.00	94	6819767	7.26e+04	0.00
3996	RMHC	Random	3	0	3	79	2823155	3.57e+04	1.00	78	5712082	7.32e+04	0.00
3997	RMHC	Random	1	0	1	91	3302356	3.63e+04	1.00	90	6603984	7.34e+04	0.00
3998	RMHC	Random	1	0	1	97	3474324	3.58e+04	1.00	96	7019772	7.31e+04	0.00
3999	RMHC	Random	3	0	3	85	3091686	3.64e+04	1.00	84	6240387	7.43e+04	0.00
4000	RMHC	Random	1	0	1	96	3546015	3.69e+04	1.00	95	7331946	7.72e+04	0.00
4001	RMHC	Random	0	2	2	94	3384020	3.60e+04	0.00	94	6961056	7.41e+04	1.00
4002	OSLA	IS-MCTS	0	1	1	92	4991844	5.43e+04	0.00	9694	341127183	3.52e+04	1.00
4003	OSLA	IS-MCTS	1	0	1	96	5871907	6.12e+04	1.00	12430	432025788	3.48e+04	0.00
4004	OSLA	IS-MCTS	1	0	1	95	5814686	6.12e+04	1.00	8919	314881181	3.53e+04	0.00
4005	OSLA	IS-MCTS	1	0	1	98	6058464	6.18e+04	1.00	16125	579709857	3.60e+04	0.00
4006	OSLA	IS-MCTS	1	0	1	95	5494898	5.78e+04	1.00	7972	286543536	3.59e+04	0.00
4007	OSLA	IS-MCTS	1	0	1	96	5905268	6.15e+04	1.00	11797	412345561	3.50e+04	0.00
4008	OSLA	IS-MCTS	1	0	1	98	5857788	5.98e+04	1.00	11092	379812235	3.42e+04	0.00
4009	OSLA	IS-MCTS	0	3	3	89	4636385	5.21e+04	0.00	7821	279842330	3.58e+04	1.00
4010	OSLA	IS-MCTS	0	2	2	86	4828578	5.61e+04	0.00	6032	218588466	3.62e+04	1.00
4011	OSLA	IS-MCTS	1	0	1	99	6010889	6.07e+04	1.00	12535	431390890	3.44e+04	0.00
4012	OSLA	IS-MCTS	2	0	2	82	4600105	5.61e+04	1.00	5405	198797403	3.68e+04	0.00
4013	OSLA	IS-MCTS	0	3	3	93	4913493	5.28e+04	0.00	7945	285360846	3.59e+04	1.00
4014	OSLA	IS-MCTS	0	3	3	84	4687029	5.58e+04	0.00	5897	216381607	3.67e+04	1.00
4015	OSLA	IS-MCTS	3	0	3	87	5050236	5.80e+04	1.00	6075	224721051	3.70e+04	0.00
4016	OSLA	IS-MCTS	2	0	2	90	5263373	5.85e+04	1.00	7456	265871257	3.57e+04	0.00
4017	OSLA	IS-MCTS	0	1	1	95	5457279	5.74e+04	0.00	12837	520075727	4.05e+04	1.00
4018	OSLA	IS-MCTS	1	0	1	99	5898765	5.96e+04	1.00	11152	378140960	3.39e+04	0.00
4019	OSLA	IS-MCTS	3	0	3	95	5434685	5.72e+04	1.00	7439	268821789	3.61e+04	0.00
4020	OSLA	IS-MCTS	4	0	4	90	5017246	5.57e+04	1.00	6093	222322070	3.65e+04	0.00
4021	OSLA	IS-MCTS	2	0	2	82	4489530	5.48e+04	1.00	4868	181235395	3.72e+04	0.00
4022	OSLA	IS-MCTS	0	1	1	90	4970419	5.52e+04	0.00	7891	285182377	3.61e+04	1.00
4023	OSLA	IS-MCTS	3	0	3	92	5218047	5.67e+04	1.00	7206	260475520	3.61e+04	0.00
4024	OSLA	IS-MCTS	2	0	2	91	5388291	5.92e+04	1.00	7030	254565416	3.62e+04	0.00
4025	OSLA	IS-MCTS	1	0	1	89	5319018	5.98e+04	1.00	9523	340194399	3.57e+04	0.00
4026	OSLA	IS-MCTS	1	0	1	95	5369191	5.65e+04	1.00	10658	369135361	3.46e+04	0.00
4027	OSLA	IS-MCTS	0	1	1	83	4829574	5.82e+04	0.00	7233	263495138	3.64e+04	1.00
4028	OSLA	IS-MCTS	1	0	1	98	5803624	5.92e+04	1.00	9480	330083282	3.48e+04	0.00
4029	OSLA	IS-MCTS	0	2	2	96	5518416	5.75e+04	0.00	12165	469654002	3.86e+04	1.00
4030	OSLA	IS-MCTS	0	1	1	92	5442765	5.92e+04	0.00	10786	372911883	3.46e+04	1.00
4031	OSLA	IS-MCTS	2	0	2	87	4970907	5.71e+04	1.00	5791	214363476	3.70e+04	0.00
4032	OSLA	IS-MCTS	1	0	1	94	5579549	5.94e+04	1.00	10019	349066535	3.48e+04	0.00
4033	OSLA	IS-MCTS	4	0	4	84	4349065	5.18e+04	1.00	5354	199255178	3.72e+04	0.00
4034	OSLA	IS-MCTS	1	0	1	99	5865582	5.92e+04	1.00	12872	425208863	3.30e+04	0.00
4035	OSLA	IS-MCTS	0	4	4	89	4990703	5.61e+04	0.00	6173	226007387	3.66e+04	1.00
4036	OSLA	IS-MCTS	0	1	1	96	5734425	5.97e+04	0.00	10833	373220494	3.45e+04	1.00
4037	OSLA	IS-MCTS	0	1	1	94	5020365	5.34e+04	0.00	10476	366687511	3.50e+04	1.00
4038	OSLA	IS-MCTS	0	2	2	83	4916309	5.92e+04	0.00	7997	284258727	3.55e+04	1.00
4039	OSLA	IS-MCTS	1	0	1	100	6297489	6.30e+04	1.00	17679	597159122	3.38e+04	0.00
4040	OSLA	IS-MCTS	0	1	1	93	5435098	5.84e+04	0.00	11964	473412562	3.96e+04	1.00
4041	OSLA	IS-MCTS	0	1	1	94	5609961	5.97e+04	0.00	11929	412570984	3.46e+04	1.00
4042	OSLA	IS-MCTS	1	0	1	96	5560344	5.79e+04	1.00	8937	316951418	3.55e+04	0.00
4043	OSLA	IS-MCTS	2	0	2	94	5309102	5.65e+04	1.00	7185	261651443	3.64e+04	0.00
4044	OSLA	IS-MCTS	1	0	1	93	5000642	5.38e+04	1.00	9013	318338408	3.53e+04	0.00
4045	OSLA	IS-MCTS	2	0	2	88	5050979	5.74e+04	1.00	6617	240941081	3.64e+04	0.00
4046	OSLA	IS-MCTS	2	0	2	93	5251508	5.65e+04	1.00	7627	269416317	3.53e+04	0.00
4047	OSLA	IS-MCTS	1	0	1	99	6397341	6.46e+04	1.00	18522	623460574	3.37e+04	0.00
4048	OSLA	IS-MCTS	0	1	1	94	5303576	5.64e+04	0.00	10817	374119492	3.46e+04	1.00
4049	OSLA	IS-MCTS	1	0	1	99	5917169	5.98e+04	1.00	12323	423784321	3.44e+04	0.00
4050	OSLA	IS-MCTS	1	0	1	96	5648991	5.88e+04	1.00	9794	340344527	3.48e+04	0.00
4051	OSLA	IS-MCTS	0	2	2	93	5146918	5.53e+04	0.00	9770	362178926	3.71e+04	1.00
4052	OSLA	IS-MCTS	0	1	1	83	4734273	5.70e+04	0.00	7142	256448286	3.59e+04	1.00
4053	OSLA	IS-MCTS	3	0	3	87	4770737	5.48e+04	1.00	5235	193307707	3.69e+04	0.00
4054	OSLA	IS-MCTS	1	0	1	85	4839504	5.69e+04	1.00	6722	241149928	3.59e+04	0.00
4055	OSLA	IS-MCTS	0	2	2	95	5573305	5.87e+04	0.00	8720	323522046	3.71e+04	1.00
4056	OSLA	IS-MCTS	1	0	1	93	5361580	5.77e+04	1.00	7190	254608053	3.54e+04	0.00
4057	OSLA	IS-MCTS	0	1	1	97	5638153	5.81e+04	0.00	12759	435456251	3.41e+04	1.00
4058	OSLA	IS-MCTS	0	1	1	96	5592748	5.83e+04	0.00	11063	377509327	3.41e+04	1.00
4059	OSLA	IS-MCTS	1	0	1	96	5371488	5.60e+04	1.00	10407	367427709	3.53e+04	0.00
4060	OSLA	IS-MCTS	2	0	2	90	5347646	5.94e+04	1.00	7837	281231220	3.59e+04	0.00
4061	OSLA	IS-MCTS	1	0	1	99	6193319	6.26e+04	1.00	15841	526847576	3.33e+04	0.00
4062	OSLA	IS-MCTS	2	0	2	91	5100803	5.61e+04	1.00	6105	218352270	3.58e+04	0.00
4063	OSLA	IS-MCTS	0	1	1	95	5197958	5.47e+04	0.00	13251	448109337	3.38e+04	1.00
4064	OSLA	IS-MCTS	0	1	1	98	5733775	5.85e+04	0.00	12034	401783708	3.34e+04	1.00
4065	OSLA	IS-MCTS	0	1	1	99	6367028	6.43e+04	0.00	21033	693208352	3.30e+04	1.00
4066	OSLA	IS-MCTS	0	4	4	87	4526078	5.20e+04	0.00	6138	223292113	3.64e+04	1.00
4067	OSLA	IS-MCTS	1	0	1	99	6008864	6.07e+04	1.00	11094	389544800	3.51e+04	0.00
4068	OSLA	IS-MCTS	3	0	3	87	4947662	5.69e+04	1.00	5798	211720926	3.65e+04	0.00
4069	OSLA	IS-MCTS	1	0	1	95	5681277	5.98e+04	1.00	9191	325441344	3.54e+04	0.00
4070	OSLA	IS-MCTS	0	1	1	95	5227506	5.50e+04	0.00	12333	438341856	3.55e+04	1.00
4071	OSLA	IS-MCTS	1	0	1	97	5736448	5.91e+04	1.00	10387	363865294	3.50e+04	0.00
4072	OSLA	IS-MCTS	0	1	1	91	5263730	5.78e+04	0.00	8880	311931727	3.51e+04	1.00
4073	OSLA	IS-MCTS	4	0	4	88	4980054	5.66e+04	1.00	5980	219376045	3.67e+04	0.00
4074	OSLA	IS-MCTS	1	0	1	98	5549366	5.66e+04	1.00	10942	375059314	3.43e+04	0.00
4075	OSLA	IS-MCTS	0	1	1	93	5549919	5.97e+04	0.00	10300	362912787	3.52e+04	1.00
4076	OSLA	IS-MCTS	2	0	2	97	5711442	5.89e+04	1.00	10224	353327784	3.46e+04	0.00
4077	OSLA	IS-MCTS	0	2	2	91	5254198	5.77e+04	0.00	9449	334552324	3.54e+04	1.00
4078	OSLA	IS-MCTS	0	1	1	97	5764594	5.94e+04	0.00	13322	447400938	3.36e+04	1.00
4079	OSLA	IS-MCTS	0	1	1	94	6369726	6.78e+04	0.00	17179	603005917	3.51e+04	1.00
4080	OSLA	IS-MCTS	0	1	1	96	5441430	5.67e+04	0.00	13286	446229107	3.36e+04	1.00
4081	OSLA	IS-MCTS	2	0	2	91	5264521	5.79e+04	1.00	7356	265045009	3.60e+04	0.00
4082	OSLA	IS-MCTS	1	0	1	88	4937831	5.61e+04	1.00	6219	225544160	3.63e+04	0.00
4083	OSLA	IS-MCTS	3	0	3	93	5249546	5.64e+04	1.00	7017	254701785	3.63e+04	0.00
4084	OSLA	IS-MCTS	1	0	1	95	5333995	5.61e+04	1.00	8577	305344585	3.56e+04	0.00
4085	OSLA	IS-MCTS	0	5	5	82	4644457	5.66e+04	0.00	6253	228384739	3.65e+04	1.00
4086	OSLA	IS-MCTS	6	0	6	80	4265088	5.33e+04	1.00	4209	157302676	3.74e+04	0.00
4087	OSLA	IS-MCTS	0	6	6	82	4573636	5.58e+04	0.00	5602	206813995	3.69e+04	1.00
4088	OSLA	IS-MCTS	0	1	1	97	5722156	5.90e+04	0.00	12681	423333904	3.34e+04	1.00
4089	OSLA	IS-MCTS	0	2	2	92	5018772	5.46e+04	0.00	8998	332409467	3.69e+04	1.00
4090	OSLA	IS-MCTS	1	0	1	92	5441921	5.92e+04	1.00	8530	303152826	3.55e+04	0.00
4091	OSLA	IS-MCTS	1	0	1	98	5856191	5.98e+04	1.00	11242	391472736	3.48e+04	0.00
4092	OSLA	IS-MCTS	0	1	1	96	5595998	5.83e+04	0.00	9580	333164404	3.48e+04	1.00
4093	OSLA	IS-MCTS	0	2	2	89	5637286	6.33e+04	0.00	12480	435467958	3.49e+04	1.00
4094	OSLA	IS-MCTS	0	3	3	94	5331577	5.67e+04	0.00	8228	291162333	3.54e+04	1.00
4095	OSLA	IS-MCTS	0	6	6	82	4669929	5.70e+04	0.00	5801	212057569	3.66e+04	1.00
4096	OSLA	IS-MCTS	0	1	1	97	5571719	5.74e+04	0.00	18877	621234381	3.29e+04	1.00
4097	OSLA	IS-MCTS	1	0	1	95	5630565	5.93e+04	1.00	8948	314981555	3.52e+04	0.00
4098	OSLA	IS-MCTS	1	0	1	98	6109885	6.23e+04	1.00	15712	521857075	3.32e+04	0.00
4099	OSLA	IS-MCTS	3	0	3	88	4856297	5.52e+04	1.00	5129	189451931	3.69e+04	0.00
4100	OSLA	IS-MCTS	0	2	2	94	5284181	5.62e+04	0.00	7966	285527239	3.58e+04	1.00
4101	OSLA	IS-MCTS	0	3	3	95	5666618	5.96e+04	0.00	9905	349185891	3.53e+04	1.00
4102	OSLA	IS-MCTS	0	3	3	88	4812834	5.47e+04	0.00	5904	212820798	3.60e+04	1.00
4103	OSLA	IS-MCTS	2	0	2	96	5635229	5.87e+04	1.00	8426	299856323	3.56e+04	0.00
4104	OSLA	IS-MCTS	0	1	1	99	5932335	5.99e+04	0.00	15125	505384863	3.34e+04	1.00
4105	OSLA	IS-MCTS	1	0	1	99	6354002	6.42e+04	1.00	16013	532941638	3.33e+04	0.00
4106	OSLA	IS-MCTS	1	0	1	93	5346681	5.75e+04	1.00	7444	264489357	3.55e+04	0.00
4107	OSLA	IS-MCTS	1	0	1	88	4691118	5.33e+04	1.00	7038	256936384	3.65e+04	0.00
4108	OSLA	IS-MCTS	1	0	1	99	6487475	6.55e+04	1.00	17467	590744073	3.38e+04	0.00
4109	OSLA	IS-MCTS	1	0	1	96	5662562	5.90e+04	1.00	10351	359209007	3.47e+04	0.00
4110	OSLA	IS-MCTS	0	1	1	93	5113223	5.50e+04	0.00	8845	306328066	3.46e+04	1.00
4111	OSLA	IS-MCTS	0	1	1	82	4656182	5.68e+04	0.00	6874	249711299	3.63e+04	1.00
4112	OSLA	IS-MCTS	0	3	3	86	4994934	5.81e+04	0.00	7086	258236702	3.64e+04	1.00
4113	OSLA	IS-MCTS	1	0	1	95	5519059	5.81e+04	1.00	8200	294164571	3.59e+04	0.00
4114	OSLA	IS-MCTS	3	0	3	90	5047398	5.61e+04	1.00	5793	212976750	3.68e+04	0.00
4115	OSLA	IS-MCTS	2	0	2	92	5221557	5.68e+04	1.00	7981	286164614	3.59e+04	0.00
4116	OSLA	IS-MCTS	2	0	2	94	5445754	5.79e+04	1.00	8163	293357746	3.59e+04	0.00
4117	OSLA	IS-MCTS	2	0	2	98	5852935	5.97e+04	1.00	9940	350309859	3.52e+04	0.00
4118	OSLA	IS-MCTS	1	0	1	93	5304970	5.70e+04	1.00	10985	398477513	3.63e+04	0.00
4119	OSLA	IS-MCTS	0	3	3	91	5133039	5.64e+04	0.00	6898	249268898	3.61e+04	1.00
4120	OSLA	IS-MCTS	2	0	2	88	5045633	5.73e+04	1.00	6170	224793891	3.64e+04	0.00
4121	OSLA	IS-MCTS	1	0	1	97	5681746	5.86e+04	1.00	9274	325144627	3.51e+04	0.00
4122	OSLA	IS-MCTS	1	0	1	91	5177145	5.69e+04	1.00	7380	329132458	4.46e+04	0.00
4123	OSLA	IS-MCTS	1	0	1	100	6069008	6.07e+04	1.00	17400	576135435	3.31e+04	0.00
4124	OSLA	IS-MCTS	1	0	1	96	5609478	5.84e+04	1.00	10305	354622723	3.44e+04	0.00
4125	OSLA	IS-MCTS	1	0	1	96	5835752	6.08e+04	1.00	13797	464723091	3.37e+04	0.00
4126	OSLA	IS-MCTS	0	3	3	69	3876539	5.62e+04	0.00	6949	253282502	3.64e+04	1.00
4127	OSLA	IS-MCTS	2	0	2	97	5877530	6.06e+04	1.00	9503	338249873	3.56e+04	0.00
4128	OSLA	IS-MCTS	1	0	1	92	6037131	6.56e+04	1.00	12126	426802248	3.52e+04	0.00
4129	OSLA	IS-MCTS	0	2	2	90	5171114	5.75e+04	0.00	8552	307881827	3.60e+04	1.00
4130	OSLA	IS-MCTS	3	0	3	92	5338354	5.80e+04	1.00	6676	242337246	3.63e+04	0.00
4131	OSLA	IS-MCTS	0	2	2	91	5164356	5.68e+04	0.00	7175	259486635	3.62e+04	1.00
4132	OSLA	IS-MCTS	2	0	2	88	4890058	5.56e+04	1.00	5402	199019646	3.68e+04	0.00
4133	OSLA	IS-MCTS	5	0	5	89	5001531	5.62e+04	1.00	5306	196129025	3.70e+04	0.00
4134	OSLA	IS-MCTS	3	0	3	83	4289401	5.17e+04	1.00	5190	208745916	4.02e+04	0.00
4135	OSLA	IS-MCTS	2	0	2	94	5475529	5.83e+04	1.00	7766	281766845	3.63e+04	0.00
4136	OSLA	IS-MCTS	4	0	4	73	3882477	5.32e+04	1.00	3282	124754331	3.80e+04	0.00
4137	OSLA	IS-MCTS	0	2	2	87	5449472	6.26e+04	0.00	9315	330309974	3.55e+04	1.00
4138	OSLA	IS-MCTS	0	1	1	92	5373685	5.84e+04	0.00	11700	406930582	3.48e+04	1.00
4139	OSLA	IS-MCTS	0	2	2	93	5481765	5.89e+04	0.00	8614	306215332	3.55e+04	1.00
4140	OSLA	IS-MCTS	3	0	3	86	4944777	5.75e+04	1.00	5997	216119120	3.60e+04	0.00
4141	OSLA	IS-MCTS	1	0	1	97	6210812	6.40e+04	1.00	13760	478301473	3.48e+04	0.00
4142	OSLA	IS-MCTS	5	0	5	79	4141402	5.24e+04	1.00	4043	153916885	3.81e+04	0.00
4143	OSLA	IS-MCTS	0	1	1	94	5833334	6.21e+04	0.00	10882	380020447	3.49e+04	1.00
4144	OSLA	IS-MCTS	0	2	2	86	4844098	5.63e+04	0.00	6933	248771673	3.59e+04	1.00
4145	OSLA	IS-MCTS	1	0	1	91	5301988	5.83e+04	1.00	7428	271187268	3.65e+04	0.00
4146	OSLA	IS-MCTS	0	1	1	93	5210647	5.60e+04	0.00	11939	407501314	3.41e+04	1.00
4147	OSLA	IS-MCTS	2	0	2	87	4870669	5.60e+04	1.00	5627	207117469	3.68e+04	0.00
4148	OSLA	IS-MCTS	0	1	1	98	5753831	5.87e+04	0.00	11263	378944718	3.36e+04	1.00
4149	OSLA	IS-MCTS	1	0	1	93	5680770	6.11e+04	1.00	8804	314937629	3.58e+04	0.00
4150	OSLA	IS-MCTS	0	3	3	95	5099094	5.37e+04	0.00	7666	270254670	3.53e+04	1.00
4151	OSLA	IS-MCTS	0	1	1	99	5854507	5.91e+04	0.00	13055	440771487	3.38e+04	1.00
4152	OSLA	IS-MCTS	4	0	4	81	4422339	5.46e+04	1.00	4100	153023707	3.73e+04	0.00
4153	OSLA	IS-MCTS	0	2	2	95	5562279	5.86e+04	0.00	9291	327930193	3.53e+04	1.00
4154	OSLA	IS-MCTS	4	0	4	85	4509622	5.31e+04	1.00	4836	178399600	3.69e+04	0.00
4155	OSLA	IS-MCTS	0	1	1	94	5540274	5.89e+04	0.00	11529	394953147	3.43e+04	1.00
4156	OSLA	IS-MCTS	0	2	2	91	5456402	6.00e+04	0.00	7203	258892627	3.59e+04	1.00
4157	OSLA	IS-MCTS	3	0	3	86	4784036	5.56e+04	1.00	5638	208062356	3.69e+04	0.00
4158	OSLA	IS-MCTS	4	0	4	91	5236243	5.75e+04	1.00	7381	318795172	4.32e+04	0.00
4159	OSLA	IS-MCTS	1	0	1	100	5878209	5.88e+04	1.00	12447	426819774	3.43e+04	0.00
4160	OSLA	IS-MCTS	1	0	1	100	6311540	6.31e+04	1.00	16020	533000800	3.33e+04	0.00
4161	OSLA	IS-MCTS	1	0	1	94	5616240	5.97e+04	1.00	10770	378257887	3.51e+04	0.00
4162	OSLA	IS-MCTS	1	0	1	92	4888935	5.31e+04	1.00	7437	268164574	3.61e+04	0.00
4163	OSLA	IS-MCTS	0	3	3	97	6055230	6.24e+04	0.00	12103	426296259	3.52e+04	1.00
4164	OSLA	IS-MCTS	2	0	2	84	4894011	5.83e+04	1.00	5930	218285820	3.68e+04	0.00
4165	OSLA	IS-MCTS	1	0	1	98	5869216	5.99e+04	1.00	15753	532568125	3.38e+04	0.00
4166	OSLA	IS-MCTS	0	1	1	86	5502109	6.40e+04	0.00	11412	401235658	3.52e+04	1.00
4167	OSLA	IS-MCTS	0	1	1	91	5637148	6.19e+04	0.00	12596	439876535	3.49e+04	1.00
4168	OSLA	IS-MCTS	0	2	2	96	5963987	6.21e+04	0.00	12142	428972453	3.53e+04	1.00
4169	OSLA	IS-MCTS	0	1	1	84	4971921	5.92e+04	0.00	8168	298432080	3.65e+04	1.00
4170	OSLA	IS-MCTS	1	0	1	97	6082550	6.27e+04	1.00	16820	558165235	3.32e+04	0.00
4171	OSLA	IS-MCTS	0	1	1	97	5591303	5.76e+04	0.00	11183	388079888	3.47e+04	1.00
4172	OSLA	IS-MCTS	0	5	5	86	4457631	5.18e+04	0.00	6025	218977135	3.63e+04	1.00
4173	OSLA	IS-MCTS	1	0	1	95	5420759	5.71e+04	1.00	8864	314429119	3.55e+04	0.00
4174	OSLA	IS-MCTS	3	0	3	87	4936167	5.67e+04	1.00	5663	207861957	3.67e+04	0.00
4175	OSLA	IS-MCTS	1	0	1	99	6158874	6.22e+04	1.00	14464	487993855	3.37e+04	0.00
4176	OSLA	IS-MCTS	2	0	2	97	5401564	5.57e+04	1.00	11404	419497406	3.68e+04	0.00
4177	OSLA	IS-MCTS	1	0	1	97	5911052	6.09e+04	1.00	12616	437713521	3.47e+04	0.00
4178	OSLA	IS-MCTS	3	0	3	88	5071440	5.76e+04	1.00	6424	236169116	3.68e+04	0.00
4179	OSLA	IS-MCTS	2	0	2	89	5257101	5.91e+04	1.00	6978	254653370	3.65e+04	0.00
4180	OSLA	IS-MCTS	2	0	2	96	5356019	5.58e+04	1.00	9286	320393718	3.45e+04	0.00
4181	OSLA	IS-MCTS	3	0	3	89	4862994	5.46e+04	1.00	5564	205308810	3.69e+04	0.00
4182	OSLA	IS-MCTS	0	2	2	95	5681496	5.98e+04	0.00	9092	321566464	3.54e+04	1.00
4183	OSLA	IS-MCTS	0	4	4	91	5290905	5.81e+04	0.00	7368	264020529	3.58e+04	1.00
4184	OSLA	IS-MCTS	0	1	1	95	5365354	5.65e+04	0.00	13342	446260124	3.34e+04	1.00
4185	OSLA	IS-MCTS	1	0	1	99	5917506	5.98e+04	1.00	12274	416392519	3.39e+04	0.00
4186	OSLA	IS-MCTS	3	0	3	83	4560470	5.49e+04	1.00	5198	191634389	3.69e+04	0.00
4187	OSLA	IS-MCTS	2	0	2	95	5447682	5.73e+04	1.00	8800	330477306	3.76e+04	0.00
4188	OSLA	IS-MCTS	0	1	1	95	5707279	6.01e+04	0.00	11504	396743964	3.45e+04	1.00
4189	OSLA	IS-MCTS	2	0	2	88	5136163	5.84e+04	1.00	7691	277525470	3.61e+04	0.00
4190	OSLA	IS-MCTS	0	1	1	97	5809421	5.99e+04	0.00	13919	467367183	3.36e+04	1.00
4191	OSLA	IS-MCTS	1	0	1	96	5110314	5.32e+04	1.00	11298	391805896	3.47e+04	0.00
4192	OSLA	IS-MCTS	0	1	1	96	5471690	5.70e+04	0.00	9871	339904098	3.44e+04	1.00
4193	OSLA	IS-MCTS	2	0	2	94	5614045	5.97e+04	1.00	8742	313018667	3.58e+04	0.00
4194	OSLA	IS-MCTS	0	2	2	95	5510105	5.80e+04	0.00	8139	285680725	3.51e+04	1.00
4195	OSLA	IS-MCTS	0	1	1	98	5782096	5.90e+04	0.00	15676	528546769	3.37e+04	1.00
4196	OSLA	IS-MCTS	1	0	1	97	5901174	6.08e+04	1.00	14587	495202509	3.39e+04	0.00
4197	OSLA	IS-MCTS	2	0	2	86	4871733	5.66e+04	1.00	5824	214156432	3.68e+04	0.00
4198	OSLA	IS-MCTS	0	1	1	92	4891898	5.32e+04	0.00	8375	297017262	3.55e+04	1.00
4199	OSLA	IS-MCTS	2	0	2	93	5391231	5.80e+04	1.00	7692	281636171	3.66e+04	0.00
4200	OSLA	IS-MCTS	0	1	1	91	5597690	6.15e+04	0.00	10412	372666529	3.58e+04	1.00
4201	OSLA	IS-MCTS	0	1	1	86	4802516	5.58e+04	0.00	6210	226105962	3.64e+04	1.00
4202	OSLA	IS-MCTS	1	0	1	91	4890307	5.37e+04	1.00	9900	344597195	3.48e+04	0.00
4203	OSLA	IS-MCTS	0	2	2	93	5457441	5.87e+04	0.00	8738	311594237	3.57e+04	1.00
4204	OSLA	IS-MCTS	1	0	1	97	6150910	6.34e+04	1.00	14448	487585913	3.37e+04	0.00
4205	OSLA	IS-MCTS	0	1	1	92	5421226	5.89e+04	0.00	9518	340507501	3.58e+04	1.00
4206	OSLA	IS-MCTS	3	0	3	84	4519531	5.38e+04	1.00	5461	199980443	3.66e+04	0.00
4207	OSLA	IS-MCTS	7	0	7	72	3886242	5.40e+04	1.00	3162	120944280	3.82e+04	0.00
4208	OSLA	IS-MCTS	4	0	4	87	4847654	5.57e+04	1.00	5100	189065848	3.71e+04	0.00
4209	OSLA	IS-MCTS	3	0	3	92	5378611	5.85e+04	1.00	7355	263756008	3.59e+04	0.00
4210	OSLA	IS-MCTS	0	1	1	90	5328461	5.92e+04	0.00	11214	393553237	3.51e+04	1.00
4211	OSLA	IS-MCTS	4	0	4	88	4942288	5.62e+04	1.00	5533	204490973	3.70e+04	0.00
4212	OSLA	IS-MCTS	3	0	3	93	5412918	5.82e+04	1.00	6833	247610012	3.62e+04	0.00
4213	OSLA	IS-MCTS	1	0	1	94	5880290	6.26e+04	1.00	11951	412497827	3.45e+04	0.00
4214	OSLA	IS-MCTS	0	2	2	96	5513032	5.74e+04	0.00	10080	368195540	3.65e+04	1.00
4215	OSLA	IS-MCTS	4	0	4	85	4903636	5.77e+04	1.00	5823	214713411	3.69e+04	0.00
4216	OSLA	IS-MCTS	0	1	1	98	5974160	6.10e+04	0.00	16738	558021280	3.33e+04	1.00
4217	OSLA	IS-MCTS	1	0	1	94	5462343	5.81e+04	1.00	8382	299152128	3.57e+04	0.00
4218	OSLA	IS-MCTS	0	2	2	90	5320316	5.91e+04	0.00	15534	542044930	3.49e+04	1.00
4219	OSLA	IS-MCTS	1	0	1	92	5315361	5.78e+04	1.00	8556	304367011	3.56e+04	0.00
4220	OSLA	IS-MCTS	0	2	2	88	5517787	6.27e+04	0.00	10241	360484512	3.52e+04	1.00
4221	OSLA	IS-MCTS	2	0	2	97	5286554	5.45e+04	1.00	10589	387620069	3.66e+04	0.00
4222	OSLA	IS-MCTS	0	1	1	92	5430793	5.90e+04	0.00	9924	348337429	3.51e+04	1.00
4223	OSLA	IS-MCTS	0	2	2	94	5343174	5.68e+04	0.00	8627	306405664	3.55e+04	1.00
4224	OSLA	IS-MCTS	5	0	5	80	4293587	5.37e+04	1.00	4354	161624569	3.71e+04	0.00
4225	OSLA	IS-MCTS	1	0	1	94	5122051	5.45e+04	1.00	8857	312536229	3.53e+04	0.00
4226	OSLA	IS-MCTS	1	0	1	91	5765077	6.34e+04	1.00	12711	438309853	3.45e+04	0.00
4227	OSLA	IS-MCTS	0	2	2	89	5247739	5.90e+04	0.00	7635	278225181	3.64e+04	1.00
4228	OSLA	IS-MCTS	1	0	1	90	5338185	5.93e+04	1.00	8680	304973655	3.51e+04	0.00
4229	OSLA	IS-MCTS	0	4	4	87	4708098	5.41e+04	0.00	7270	267255527	3.68e+04	1.00
4230	OSLA	IS-MCTS	0	1	1	97	5816271	6.00e+04	0.00	13874	462619903	3.33e+04	1.00
4231	OSLA	IS-MCTS	1	0	1	93	5566529	5.99e+04	1.00	9146	324386916	3.55e+04	0.00
4232	OSLA	IS-MCTS	0	3	3	83	4609707	5.55e+04	0.00	5238	191336236	3.65e+04	1.00
4233	OSLA	IS-MCTS	1	0	1	96	5410849	5.64e+04	1.00	11722	413966510	3.53e+04	0.00
4234	OSLA	IS-MCTS	0	1	1	91	5190170	5.70e+04	0.00	8215	288044104	3.51e+04	1.00
4235	OSLA	IS-MCTS	2	0	2	97	5971532	6.16e+04	1.00	11484	402677947	3.51e+04	0.00
4236	OSLA	IS-MCTS	2	0	2	88	5065464	5.76e+04	1.00	5599	204228446	3.65e+04	0.00
4237	OSLA	IS-MCTS	0	1	1	88	5198491	5.91e+04	0.00	9819	350938362	3.57e+04	1.00
4238	OSLA	IS-MCTS	2	0	2	87	4854002	5.58e+04	1.00	5644	208685002	3.70e+04	0.00
4239	OSLA	IS-MCTS	1	0	1	97	5862944	6.04e+04	1.00	10051	356502858	3.55e+04	0.00
4240	OSLA	IS-MCTS	2	0	2	94	5433999	5.78e+04	1.00	7562	272212111	3.60e+04	0.00
4241	OSLA	IS-MCTS	1	0	1	92	5784999	6.29e+04	1.00	12727	441604231	3.47e+04	0.00
4242	OSLA	IS-MCTS	1	0	1	96	5758074	6.00e+04	1.00	9385	334939511	3.57e+04	0.00
4243	OSLA	IS-MCTS	3	0	3	85	4775430	5.62e+04	1.00	5693	211757320	3.72e+04	0.00
4244	OSLA	IS-MCTS	0	2	2	93	5333880	5.74e+04	0.00	12143	426317529	3.51e+04	1.00
4245	OSLA	IS-MCTS	5	0	5	83	4501043	5.42e+04	1.00	4968	183745260	3.70e+04	0.00
4246	OSLA	IS-MCTS	0	3	3	92	5311240	5.77e+04	0.00	7849	279076522	3.56e+04	1.00
4247	OSLA	IS-MCTS	3	0	3	91	5298548	5.82e+04	1.00	6459	235377043	3.64e+04	0.00
4248	OSLA	IS-MCTS	0	1	1	94	5327459	5.67e+04	0.00	11323	391228830	3.46e+04	1.00
4249	OSLA	IS-MCTS	0	2	2	89	5066626	5.69e+04	0.00	6248	229553022	3.67e+04	1.00
4250	OSLA	IS-MCTS	0	3	3	92	5216846	5.67e+04	0.00	7364	267958567	3.64e+04	1.00
4251	OSLA	IS-MCTS	3	0	3	88	5017038	5.70e+04	1.00	6147	223539916	3.64e+04	0.00
4252	OSLA	IS-MCTS	3	0	3	94	5427044	5.77e+04	1.00	7513	272617929	3.63e+04	0.00
4253	OSLA	IS-MCTS	2	0	2	95	5317154	5.60e+04	1.00	7781	283108766	3.64e+04	0.00
4254	OSLA	IS-MCTS	0	2	2	93	5473583	5.89e+04	0.00	9470	329887383	3.48e+04	1.00
4255	OSLA	IS-MCTS	0	1	1	96	5595751	5.83e+04	0.00	11994	406986731	3.39e+04	1.00
4256	OSLA	IS-MCTS	0	1	1	99	5445229	5.50e+04	0.00	16795	547420853	3.26e+04	1.00
4257	OSLA	IS-MCTS	2	0	2	95	5585848	5.88e+04	1.00	8885	316897673	3.57e+04	0.00
4258	OSLA	IS-MCTS	3	0	3	80	4514941	5.64e+04	1.00	4402	163530043	3.71e+04	0.00
4259	OSLA	IS-MCTS	0	1	1	99	6277005	6.34e+04	0.00	22291	742671749	3.33e+04	1.00
4260	OSLA	IS-MCTS	0	1	1	97	5718552	5.90e+04	0.00	13167	445049249	3.38e+04	1.00
4261	OSLA	IS-MCTS	0	1	1	96	5765440	6.01e+04	0.00	10995	381821909	3.47e+04	1.00
4262	OSLA	IS-MCTS	3	0	3	89	5004437	5.62e+04	1.00	5977	218751777	3.66e+04	0.00
4263	OSLA	IS-MCTS	2	0	2	93	5150423	5.54e+04	1.00	6784	243647832	3.59e+04	0.00
4264	OSLA	IS-MCTS	1	0	1	98	5686167	5.80e+04	1.00	9976	341433094	3.42e+04	0.00
4265	OSLA	IS-MCTS	0	1	1	85	4845732	5.70e+04	0.00	6429	232011893	3.61e+04	1.00
4266	OSLA	IS-MCTS	0	1	1	88	4965855	5.64e+04	0.00	7096	253766568	3.58e+04	1.00
4267	OSLA	IS-MCTS	1	0	1	96	5757018	6.00e+04	1.00	10175	361658528	3.55e+04	0.00
4268	OSLA	IS-MCTS	3	0	3	85	5490883	6.46e+04	1.00	8172	294772061	3.61e+04	0.00
4269	OSLA	IS-MCTS	4	0	4	85	4592548	5.40e+04	1.00	4880	180120726	3.69e+04	0.00
4270	OSLA	IS-MCTS	1	0	1	88	4930813	5.60e+04	1.00	5820	213969999	3.68e+04	0.00
4271	OSLA	IS-MCTS	1	0	1	91	5670696	6.23e+04	1.00	8225	299784221	3.64e+04	0.00
4272	OSLA	IS-MCTS	4	0	4	85	4442153	5.23e+04	1.00	5168	188717699	3.65e+04	0.00
4273	OSLA	IS-MCTS	2	0	2	90	5103778	5.67e+04	1.00	6752	246316334	3.65e+04	0.00
4274	OSLA	IS-MCTS	0	1	1	98	5732493	5.85e+04	0.00	13061	443682962	3.40e+04	1.00
4275	OSLA	IS-MCTS	0	1	1	93	5470182	5.88e+04	0.00	11411	396044088	3.47e+04	1.00
4276	OSLA	IS-MCTS	2	0	2	88	4785999	5.44e+04	1.00	5967	218893153	3.67e+04	0.00
4277	OSLA	IS-MCTS	0	2	2	94	5384361	5.73e+04	0.00	7819	281790830	3.60e+04	1.00
4278	OSLA	IS-MCTS	0	4	4	68	4007004	5.89e+04	0.00	5745	209610174	3.65e+04	1.00
4279	OSLA	IS-MCTS	2	0	2	97	5694751	5.87e+04	1.00	9209	324886899	3.53e+04	0.00
4280	OSLA	IS-MCTS	0	1	1	94	5158416	5.49e+04	0.00	12025	412853555	3.43e+04	1.00
4281	OSLA	IS-MCTS	3	0	3	88	4776298	5.43e+04	1.00	5520	202799249	3.67e+04	0.00
4282	OSLA	IS-MCTS	1	0	1	95	5479755	5.77e+04	1.00	9520	329711544	3.46e+04	0.00
4283	OSLA	IS-MCTS	3	0	3	83	4725062	5.69e+04	1.00	5840	211455435	3.62e+04	0.00
4284	OSLA	IS-MCTS	4	0	4	83	4340573	5.23e+04	1.00	4920	180881806	3.68e+04	0.00
4285	OSLA	IS-MCTS	2	0	2	90	5140826	5.71e+04	1.00	6866	248659426	3.62e+04	0.00
4286	OSLA	IS-MCTS	3	0	3	88	4788859	5.44e+04	1.00	5364	196991218	3.67e+04	0.00
4287	OSLA	IS-MCTS	3	0	3	90	5119572	5.69e+04	1.00	6258	229853248	3.67e+04	0.00
4288	OSLA	IS-MCTS	4	0	4	84	4721770	5.62e+04	1.00	5176	189949483	3.67e+04	0.00
4289	OSLA	IS-MCTS	1	0	1	94	5117377	5.44e+04	1.00	9273	327704483	3.53e+04	0.00
4290	OSLA	IS-MCTS	1	0	1	96	5781736	6.02e+04	1.00	10877	378823589	3.48e+04	0.00
4291	OSLA	IS-MCTS	1	0	1	94	5392926	5.74e+04	1.00	9174	320773194	3.50e+04	0.00
4292	OSLA	IS-MCTS	3	0	3	90	5133925	5.70e+04	1.00	6399	233653525	3.65e+04	0.00
4293	OSLA	IS-MCTS	1	0	1	99	5586116	5.64e+04	1.00	10704	375370994	3.51e+04	0.00
4294	OSLA	IS-MCTS	1	0	1	96	5783676	6.02e+04	1.00	10008	348012567	3.48e+04	0.00
4295	OSLA	IS-MCTS	1	0	1	94	5688927	6.05e+04	1.00	9570	343980702	3.59e+04	0.00
4296	OSLA	IS-MCTS	0	1	1	96	5409150	5.63e+04	0.00	15735	522307157	3.32e+04	1.00
4297	OSLA	IS-MCTS	1	0	1	95	5578085	5.87e+04	1.00	9862	347897516	3.53e+04	0.00
4298	OSLA	IS-MCTS	0	2	2	89	5124111	5.76e+04	0.00	7450	267476424	3.59e+04	1.00
4299	OSLA	IS-MCTS	2	0	2	92	5255183	5.71e+04	1.00	6638	241709349	3.64e+04	0.00
4300	OSLA	IS-MCTS	0	1	1	91	5417796	5.95e+04	0.00	18489	634509114	3.43e+04	1.00
4301	OSLA	IS-MCTS	3	0	3	92	5281893	5.74e+04	1.00	7312	265187864	3.63e+04	0.00
4302	OSLA	IS-MCTS	0	1	1	99	6167581	6.23e+04	0.00	15344	509934873	3.32e+04	1.00
4303	OSLA	IS-MCTS	0	1	1	98	5241608	5.35e+04	0.00	11199	388236080	3.47e+04	1.00
4304	OSLA	IS-MCTS	2	0	2	91	5382492	5.91e+04	1.00	7887	282531774	3.58e+04	0.00
4305	OSLA	IS-MCTS	6	0	6	78	4383568	5.62e+04	1.00	4004	151138047	3.77e+04	0.00
4306	OSLA	IS-MCTS	0	1	1	86	4792090	5.57e+04	0.00	6332	232555322	3.67e+04	1.00
4307	OSLA	IS-MCTS	0	1	1	94	5234249	5.57e+04	0.00	11727	407162224	3.47e+04	1.00
4308	OSLA	IS-MCTS	1	0	1	97	6001643	6.19e+04	1.00	17088	570213842	3.34e+04	0.00
4309	OSLA	IS-MCTS	1	0	1	98	6006435	6.13e+04	1.00	14592	499927072	3.43e+04	0.00
4310	OSLA	IS-MCTS	1	0	1	95	5218413	5.49e+04	1.00	11025	383706746	3.48e+04	0.00
4311	OSLA	IS-MCTS	1	0	1	95	5738989	6.04e+04	1.00	11252	386747637	3.44e+04	0.00
4312	OSLA	IS-MCTS	2	0	2	91	5427161	5.96e+04	1.00	8040	286599150	3.56e+04	0.00
4313	OSLA	IS-MCTS	1	0	1	100	6293614	6.29e+04	1.00	19571	656814451	3.36e+04	0.00
4314	OSLA	IS-MCTS	0	3	3	79	4422265	5.60e+04	0.00	5896	211884019	3.59e+04	1.00
4315	OSLA	IS-MCTS	1	0	1	93	5573289	5.99e+04	1.00	9571	343488890	3.59e+04	0.00
4316	OSLA	IS-MCTS	2	0	2	97	5849551	6.03e+04	1.00	9717	342277530	3.52e+04	0.00
4317	OSLA	IS-MCTS	0	1	1	96	5515685	5.75e+04	0.00	9968	354737117	3.56e+04	1.00
4318	OSLA	IS-MCTS	1	0	1	91	5309704	5.83e+04	1.00	7511	269630689	3.59e+04	0.00
4319	OSLA	IS-MCTS	1	0	1	95	5716858	6.02e+04	1.00	11389	395649638	3.47e+04	0.00
4320	OSLA	IS-MCTS	0	2	2	90	5480015	6.09e+04	0.00	9501	337560043	3.55e+04	1.00
4321	OSLA	IS-MCTS	0	2	2	89	4768196	5.36e+04	0.00	8009	292493410	3.65e+04	1.00
4322	OSLA	IS-MCTS	1	0	1	99	5897283	5.96e+04	1.00	11942	403852861	3.38e+04	0.00
4323	OSLA	IS-MCTS	2	0	2	90	5190813	5.77e+04	1.00	7186	260002031	3.62e+04	0.00
4324	OSLA	IS-MCTS	0	4	4	86	4779246	5.56e+04	0.00	6117	223567635	3.65e+04	1.00
4325	OSLA	IS-MCTS	2	0	2	90	4707034	5.23e+04	1.00	7334	266022272	3.63e+04	0.00
4326	OSLA	IS-MCTS	0	1	1	93	5473215	5.89e+04	0.00	10271	357452005	3.48e+04	1.00
4327	OSLA	IS-MCTS	2	0	2	97	5602284	5.78e+04	1.00	9591	335912593	3.50e+04	0.00
4328	OSLA	IS-MCTS	2	0	2	90	5635087	6.26e+04	1.00	8987	325417412	3.62e+04	0.00
4329	OSLA	IS-MCTS	0	1	1	90	4923840	5.47e+04	0.00	8165	291378773	3.57e+04	1.00
4330	OSLA	IS-MCTS	2	0	2	88	5119833	5.82e+04	1.00	6443	235605457	3.66e+04	0.00
4331	OSLA	IS-MCTS	1	0	1	97	5924347	6.11e+04	1.00	12647	440517054	3.48e+04	0.00
4332	OSLA	IS-MCTS	2	0	2	92	5324139	5.79e+04	1.00	7097	256114829	3.61e+04	0.00
4333	OSLA	IS-MCTS	0	1	1	90	4962921	5.51e+04	0.00	8401	311364480	3.71e+04	1.00
4334	OSLA	IS-MCTS	0	1	1	94	5527129	5.88e+04	0.00	12363	420214075	3.40e+04	1.00
4335	OSLA	IS-MCTS	0	1	1	97	6178487	6.37e+04	0.00	16377	554070054	3.38e+04	1.00
4336	OSLA	IS-MCTS	0	1	1	96	5117618	5.33e+04	0.00	11107	380144207	3.42e+04	1.00
4337	OSLA	IS-MCTS	0	1	1	92	5508626	5.99e+04	0.00	11662	410056587	3.52e+04	1.00
4338	OSLA	IS-MCTS	1	0	1	95	5511263	5.80e+04	1.00	8957	317994236	3.55e+04	0.00
4339	OSLA	IS-MCTS	0	1	1	87	5093054	5.85e+04	0.00	9010	317690071	3.53e+04	1.00
4340	OSLA	IS-MCTS	0	5	5	82	4823882	5.88e+04	0.00	8443	303739318	3.60e+04	1.00
4341	OSLA	IS-MCTS	2	0	2	89	5283367	5.94e+04	1.00	7410	267124260	3.60e+04	0.00
4342	OSLA	IS-MCTS	0	3	3	87	4847084	5.57e+04	0.00	5902	215364114	3.65e+04	1.00
4343	OSLA	IS-MCTS	2	0	2	92	5281549	5.74e+04	1.00	6848	248602014	3.63e+04	0.00
4344	OSLA	IS-MCTS	2	0	2	87	4372063	5.03e+04	1.00	5459	198977108	3.64e+04	0.00
4345	OSLA	IS-MCTS	1	0	1	91	5415110	5.95e+04	1.00	9649	342969165	3.55e+04	0.00
4346	OSLA	IS-MCTS	1	0	1	92	5604699	6.09e+04	1.00	11149	393779659	3.53e+04	0.00
4347	OSLA	IS-MCTS	0	6	6	76	4523230	5.95e+04	0.00	6959	256771431	3.69e+04	1.00
4348	OSLA	IS-MCTS	0	3	3	88	5356833	6.09e+04	0.00	12230	431095621	3.52e+04	1.00
4349	OSLA	IS-MCTS	2	0	2	96	5657087	5.89e+04	1.00	9319	335123072	3.60e+04	0.00
4350	OSLA	IS-MCTS	0	1	1	86	5240166	6.09e+04	0.00	10031	357355602	3.56e+04	1.00
4351	OSLA	IS-MCTS	1	0	1	100	5661783	5.66e+04	1.00	23633	790854266	3.35e+04	0.00
4352	OSLA	IS-MCTS	0	1	1	92	5068616	5.51e+04	0.00	8186	286134973	3.50e+04	1.00
4353	OSLA	IS-MCTS	2	0	2	89	5081211	5.71e+04	1.00	6783	247677590	3.65e+04	0.00
4354	OSLA	IS-MCTS	1	0	1	94	5597431	5.95e+04	1.00	9799	345152880	3.52e+04	0.00
4355	OSLA	IS-MCTS	0	2	2	95	5531190	5.82e+04	0.00	9041	322352153	3.57e+04	1.00
4356	OSLA	IS-MCTS	0	1	1	96	5563883	5.80e+04	0.00	10776	372986599	3.46e+04	1.00
4357	OSLA	IS-MCTS	0	1	1	98	5733376	5.85e+04	0.00	12261	417897112	3.41e+04	1.00
4358	OSLA	IS-MCTS	0	1	1	95	5195767	5.47e+04	0.00	11532	391123135	3.39e+04	1.00
4359	OSLA	IS-MCTS	0	1	1	98	5815690	5.93e+04	0.00	13510	457908207	3.39e+04	1.00
4360	OSLA	IS-MCTS	4	0	4	80	4443593	5.55e+04	1.00	4694	174486449	3.72e+04	0.00
4361	OSLA	IS-MCTS	1	0	1	99	6113106	6.17e+04	1.00	15773	532160285	3.37e+04	0.00
4362	OSLA	IS-MCTS	1	0	1	96	5461936	5.69e+04	1.00	9366	332116572	3.55e+04	0.00
4363	OSLA	IS-MCTS	0	1	1	92	5728331	6.23e+04	0.00	10685	386316080	3.62e+04	1.00
4364	OSLA	IS-MCTS	0	3	3	93	5498400	5.91e+04	0.00	8429	299348713	3.55e+04	1.00
4365	OSLA	IS-MCTS	2	0	2	85	4732353	5.57e+04	1.00	5874	215552808	3.67e+04	0.00
4366	OSLA	IS-MCTS	4	0	4	92	5201432	5.65e+04	1.00	6878	243200964	3.54e+04	0.00
4367	OSLA	IS-MCTS	0	3	3	91	5104296	5.61e+04	0.00	6687	241342474	3.61e+04	1.00
4368	OSLA	IS-MCTS	0	1	1	81	4784495	5.91e+04	0.00	6277	229450597	3.66e+04	1.00
4369	OSLA	IS-MCTS	0	1	1	97	5785536	5.96e+04	0.00	11767	411844895	3.50e+04	1.00
4370	OSLA	IS-MCTS	2	0	2	88	4706493	5.35e+04	1.00	5749	210961118	3.67e+04	0.00
4371	OSLA	IS-MCTS	0	1	1	93	5376382	5.78e+04	0.00	8706	307466777	3.53e+04	1.00
4372	OSLA	IS-MCTS	2	0	2	90	5325512	5.92e+04	1.00	7940	281906246	3.55e+04	0.00
4373	OSLA	IS-MCTS	1	0	1	93	5523522	5.94e+04	1.00	9525	334837839	3.52e+04	0.00
4374	OSLA	IS-MCTS	0	1	1	88	4836843	5.50e+04	0.00	7176	262046031	3.65e+04	1.00
4375	OSLA	IS-MCTS	1	0	1	90	5950310	6.61e+04	1.00	13119	458592155	3.50e+04	0.00
4376	OSLA	IS-MCTS	0	4	4	93	5240097	5.63e+04	0.00	7458	267639270	3.59e+04	1.00
4377	OSLA	IS-MCTS	1	0	1	95	5423986	5.71e+04	1.00	8783	357165057	4.07e+04	0.00
4378	OSLA	IS-MCTS	2	0	2	81	4789413	5.91e+04	1.00	6810	246980894	3.63e+04	0.00
4379	OSLA	IS-MCTS	1	0	1	97	5648439	5.82e+04	1.00	11370	395203912	3.48e+04	0.00
4380	OSLA	IS-MCTS	1	0	1	99	5913889	5.97e+04	1.00	10558	368670663	3.49e+04	0.00
4381	OSLA	IS-MCTS	1	0	1	97	5402041	5.57e+04	1.00	11812	409530055	3.47e+04	0.00
4382	OSLA	IS-MCTS	3	0	3	82	4718265	5.75e+04	1.00	5928	218866021	3.69e+04	0.00
4383	OSLA	IS-MCTS	2	0	2	94	5594626	5.95e+04	1.00	8926	321081931	3.60e+04	0.00
4384	OSLA	IS-MCTS	2	0	2	98	5897047	6.02e+04	1.00	10778	373751344	3.47e+04	0.00
4385	OSLA	IS-MCTS	1	0	1	97	5421502	5.59e+04	1.00	10235	357902122	3.50e+04	0.00
4386	OSLA	IS-MCTS	1	0	1	88	4942272	5.62e+04	1.00	6479	234509922	3.62e+04	0.00
4387	OSLA	IS-MCTS	1	0	1	95	5743373	6.05e+04	1.00	10420	366311836	3.52e+04	0.00
4388	OSLA	IS-MCTS	0	1	1	91	5400741	5.93e+04	0.00	9372	328061997	3.50e+04	1.00
4389	OSLA	IS-MCTS	0	2	2	86	4489072	5.22e+04	0.00	7283	261495573	3.59e+04	1.00
4390	OSLA	IS-MCTS	2	0	2	98	5714412	5.83e+04	1.00	9821	345252697	3.52e+04	0.00
4391	OSLA	IS-MCTS	0	5	5	85	5133615	6.04e+04	0.00	9143	330244347	3.61e+04	1.00
4392	OSLA	IS-MCTS	0	4	4	91	5399493	5.93e+04	0.00	8612	310906586	3.61e+04	1.00
4393	OSLA	IS-MCTS	2	0	2	93	5101252	5.49e+04	1.00	7611	273251142	3.59e+04	0.00
4394	OSLA	IS-MCTS	1	0	1	98	6096061	6.22e+04	1.00	15606	522639812	3.35e+04	0.00
4395	OSLA	IS-MCTS	1	0	1	97	5786182	5.97e+04	1.00	10078	352197668	3.49e+04	0.00
4396	OSLA	IS-MCTS	0	1	1	93	4950697	5.32e+04	0.00	8983	323969559	3.61e+04	1.00
4397	OSLA	IS-MCTS	1	0	1	97	5785054	5.96e+04	1.00	10945	379499581	3.47e+04	0.00
4398	OSLA	IS-MCTS	1	0	1	94	5647553	6.01e+04	1.00	9700	340410689	3.51e+04	0.00
4399	OSLA	IS-MCTS	3	0	3	88	4985694	5.67e+04	1.00	5963	219947903	3.69e+04	0.00
4400	OSLA	IS-MCTS	2	0	2	99	5561824	5.62e+04	1.00	13299	462664781	3.48e+04	0.00
4401	OSLA	IS-MCTS	0	1	1	90	5352598	5.95e+04	0.00	10134	360036295	3.55e+04	1.00
4402	OSLA	IS-MCTS	2	0	2	94	5338319	5.68e+04	1.00	7364	262636447	3.57e+04	0.00
4403	OSLA	IS-MCTS	2	0	2	98	5912940	6.03e+04	1.00	11183	389064904	3.48e+04	0.00
4404	OSLA	IS-MCTS	0	1	1	98	5737708	5.85e+04	0.00	12663	428642615	3.39e+04	1.00
4405	OSLA	IS-MCTS	5	0	5	81	4383601	5.41e+04	1.00	4478	165408636	3.69e+04	0.00
4406	OSLA	IS-MCTS	0	1	1	94	5483208	5.83e+04	0.00	10307	356835021	3.46e+04	1.00
4407	OSLA	IS-MCTS	0	1	1	94	5596970	5.95e+04	0.00	8947	368074817	4.11e+04	1.00
4408	OSLA	IS-MCTS	1	0	1	91	5324706	5.85e+04	1.00	8669	303597381	3.50e+04	0.00
4409	OSLA	IS-MCTS	0	1	1	96	5543597	5.77e+04	0.00	9521	332776522	3.50e+04	1.00
4410	OSLA	IS-MCTS	3	0	3	92	5265225	5.72e+04	1.00	6987	253551385	3.63e+04	0.00
4411	OSLA	IS-MCTS	0	1	1	98	5651492	5.77e+04	0.00	17166	570999831	3.33e+04	1.00
4412	OSLA	IS-MCTS	0	1	1	99	5877725	5.94e+04	0.00	12138	406116898	3.35e+04	1.00
4413	OSLA	IS-MCTS	1	0	1	95	5936792	6.25e+04	1.00	10744	378542090	3.52e+04	0.00
4414	OSLA	IS-MCTS	0	2	2	91	5265133	5.79e+04	0.00	7140	258163217	3.62e+04	1.00
4415	OSLA	IS-MCTS	0	1	1	94	5389750	5.73e+04	0.00	12781	442524934	3.46e+04	1.00
4416	OSLA	IS-MCTS	1	0	1	92	5318821	5.78e+04	1.00	7370	266538631	3.62e+04	0.00
4417	OSLA	IS-MCTS	1	0	1	94	5597056	5.95e+04	1.00	9803	347060396	3.54e+04	0.00
4418	OSLA	IS-MCTS	0	1	1	91	5194204	5.71e+04	0.00	7382	264853252	3.59e+04	1.00
4419	OSLA	IS-MCTS	1	0	1	89	5421055	6.09e+04	1.00	10597	390062581	3.68e+04	0.00
4420	OSLA	IS-MCTS	0	3	3	93	5132394	5.52e+04	0.00	7909	277179723	3.50e+04	1.00
4421	OSLA	IS-MCTS	0	1	1	98	5848911	5.97e+04	0.00	12378	420694566	3.40e+04	1.00
4422	OSLA	IS-MCTS	4	0	4	82	4430332	5.40e+04	1.00	4650	171853762	3.70e+04	0.00
4423	OSLA	IS-MCTS	1	0	1	93	5352558	5.76e+04	1.00	9032	317241120	3.51e+04	0.00
4424	OSLA	IS-MCTS	0	1	1	93	5450702	5.86e+04	0.00	10382	362875610	3.50e+04	1.00
4425	OSLA	IS-MCTS	0	2	2	90	5132755	5.70e+04	0.00	8137	291700724	3.58e+04	1.00
4426	OSLA	IS-MCTS	0	1	1	95	5204994	5.48e+04	0.00	9932	397256232	4.00e+04	1.00
4427	OSLA	IS-MCTS	1	0	1	94	5584154	5.94e+04	1.00	10053	354236576	3.52e+04	0.00
4428	OSLA	IS-MCTS	1	0	1	100	5862315	5.86e+04	1.00	15509	502073568	3.24e+04	0.00
4429	OSLA	IS-MCTS	0	2	2	93	5220410	5.61e+04	0.00	7628	272562058	3.57e+04	1.00
4430	OSLA	IS-MCTS	2	0	2	90	4664598	5.18e+04	1.00	6428	233391947	3.63e+04	0.00
4431	OSLA	IS-MCTS	1	0	1	97	5877398	6.06e+04	1.00	11023	380078424	3.45e+04	0.00
4432	OSLA	IS-MCTS	3	0	3	86	4746230	5.52e+04	1.00	5380	198312530	3.69e+04	0.00
4433	OSLA	IS-MCTS	2	0	2	90	5459758	6.07e+04	1.00	7904	288299172	3.65e+04	0.00
4434	OSLA	IS-MCTS	3	0	3	95	4990450	5.25e+04	1.00	7615	276250979	3.63e+04	0.00
4435	OSLA	IS-MCTS	0	3	3	72	4827745	6.71e+04	0.00	10290	367923721	3.58e+04	1.00
4436	OSLA	IS-MCTS	1	0	1	99	5682228	5.74e+04	1.00	11225	385161513	3.43e+04	0.00
4437	OSLA	IS-MCTS	4	0	4	85	4707928	5.54e+04	1.00	5288	195454219	3.70e+04	0.00
4438	OSLA	IS-MCTS	0	1	1	91	4764004	5.24e+04	0.00	7057	252406365	3.58e+04	1.00
4439	OSLA	IS-MCTS	1	0	1	97	5745135	5.92e+04	1.00	12880	437147786	3.39e+04	0.00
4440	OSLA	IS-MCTS	1	0	1	92	5393899	5.86e+04	1.00	8312	295857046	3.56e+04	0.00
4441	OSLA	IS-MCTS	0	1	1	96	5817947	6.06e+04	0.00	12082	419203137	3.47e+04	1.00
4442	OSLA	IS-MCTS	2	0	2	92	5127540	5.57e+04	1.00	6861	249903972	3.64e+04	0.00
4443	OSLA	IS-MCTS	0	4	4	84	4999821	5.95e+04	0.00	8076	291822451	3.61e+04	1.00
4444	OSLA	IS-MCTS	0	1	1	96	5796205	6.04e+04	0.00	11036	380964877	3.45e+04	1.00
4445	OSLA	IS-MCTS	1	0	1	95	5412780	5.70e+04	1.00	8421	361832251	4.30e+04	0.00
4446	OSLA	IS-MCTS	0	1	1	96	6142202	6.40e+04	0.00	16873	575793991	3.41e+04	1.00
4447	OSLA	IS-MCTS	3	0	3	83	4497608	5.42e+04	1.00	4595	170702833	3.71e+04	0.00
4448	OSLA	IS-MCTS	2	0	2	97	5848919	6.03e+04	1.00	10343	362625524	3.51e+04	0.00
4449	OSLA	IS-MCTS	0	2	2	92	4874059	5.30e+04	0.00	7286	275245000	3.78e+04	1.00
4450	OSLA	IS-MCTS	1	0	1	97	5810932	5.99e+04	1.00	10559	373180607	3.53e+04	0.00
4451	OSLA	IS-MCTS	5	0	5	85	4740861	5.58e+04	1.00	5359	197161249	3.68e+04	0.00
4452	OSLA	IS-MCTS	1	0	1	95	5632060	5.93e+04	1.00	10374	359228164	3.46e+04	0.00
4453	OSLA	IS-MCTS	2	0	2	88	4703435	5.34e+04	1.00	6514	238854546	3.67e+04	0.00
4454	OSLA	IS-MCTS	1	0	1	94	5498829	5.85e+04	1.00	8390	297714367	3.55e+04	0.00
4455	OSLA	IS-MCTS	1	0	1	96	5699263	5.94e+04	1.00	8932	317603464	3.56e+04	0.00
4456	OSLA	IS-MCTS	3	0	3	92	5340590	5.80e+04	1.00	7000	255155175	3.65e+04	0.00
4457	OSLA	IS-MCTS	2	0	2	91	4837774	5.32e+04	1.00	6312	244920142	3.88e+04	0.00
4458	OSLA	IS-MCTS	0	1	1	99	6102653	6.16e+04	0.00	16264	538483726	3.31e+04	1.00
4459	OSLA	IS-MCTS	0	1	1	95	5546306	5.84e+04	0.00	10890	375724727	3.45e+04	1.00
4460	OSLA	IS-MCTS	0	1	1	96	5632986	5.87e+04	0.00	9857	340562351	3.46e+04	1.00
4461	OSLA	IS-MCTS	2	0	2	90	4965925	5.52e+04	1.00	7080	255610442	3.61e+04	0.00
4462	OSLA	IS-MCTS	1	0	1	95	5535357	5.83e+04	1.00	9310	323901363	3.48e+04	0.00
4463	OSLA	IS-MCTS	3	0	3	79	4200003	5.32e+04	1.00	3934	147964961	3.76e+04	0.00
4464	OSLA	IS-MCTS	1	0	1	95	6058055	6.38e+04	1.00	12517	429937022	3.43e+04	0.00
4465	OSLA	IS-MCTS	2	0	2	86	4558344	5.30e+04	1.00	6421	237898830	3.71e+04	0.00
4466	OSLA	IS-MCTS	1	0	1	91	5486136	6.03e+04	1.00	8991	321389395	3.57e+04	0.00
4467	OSLA	IS-MCTS	2	0	2	89	5009514	5.63e+04	1.00	5628	208852136	3.71e+04	0.00
4468	OSLA	IS-MCTS	1	0	1	94	5590422	5.95e+04	1.00	10689	368946049	3.45e+04	0.00
4469	OSLA	IS-MCTS	1	0	1	93	4991311	5.37e+04	1.00	7931	280922178	3.54e+04	0.00
4470	OSLA	IS-MCTS	1	0	1	100	5995113	6.00e+04	1.00	16973	557456976	3.28e+04	0.00
4471	OSLA	IS-MCTS	0	3	3	92	5426196	5.90e+04	0.00	8887	316234851	3.56e+04	1.00
4472	OSLA	IS-MCTS	1	0	1	94	5282215	5.62e+04	1.00	8327	294763013	3.54e+04	0.00
4473	OSLA	IS-MCTS	3	0	3	86	4755515	5.53e+04	1.00	5679	208984103	3.68e+04	0.00
4474	OSLA	IS-MCTS	0	2	2	85	5530082	6.51e+04	0.00	11763	416547186	3.54e+04	1.00
4475	OSLA	IS-MCTS	0	1	1	95	5537431	5.83e+04	0.00	9540	335100767	3.51e+04	1.00
4476	OSLA	IS-MCTS	1	0	1	96	5527617	5.76e+04	1.00	10951	384064118	3.51e+04	0.00
4477	OSLA	IS-MCTS	1	0	1	99	5839984	5.90e+04	1.00	11897	406459021	3.42e+04	0.00
4478	OSLA	IS-MCTS	0	1	1	91	5118155	5.62e+04	0.00	8326	293462038	3.52e+04	1.00
4479	OSLA	IS-MCTS	1	0	1	97	5736936	5.91e+04	1.00	10067	354861841	3.53e+04	0.00
4480	OSLA	IS-MCTS	2	0	2	86	4429526	5.15e+04	1.00	5586	203190338	3.64e+04	0.00
4481	OSLA	IS-MCTS	1	0	1	98	5712836	5.83e+04	1.00	11273	387910035	3.44e+04	0.00
4482	OSLA	IS-MCTS	0	1	1	96	5904263	6.15e+04	0.00	11446	398955378	3.49e+04	1.00
4483	OSLA	IS-MCTS	1	0	1	97	5677159	5.85e+04	1.00	11011	377146004	3.43e+04	0.00
4484	OSLA	IS-MCTS	0	2	2	90	4891754	5.44e+04	0.00	6787	246206204	3.63e+04	1.00
4485	OSLA	IS-MCTS	0	1	1	91	5528823	6.08e+04	0.00	11436	399995024	3.50e+04	1.00
4486	OSLA	IS-MCTS	0	1	1	83	4955441	5.97e+04	0.00	7984	285098139	3.57e+04	1.00
4487	OSLA	IS-MCTS	1	0	1	96	5551980	5.78e+04	1.00	8457	349981629	4.14e+04	0.00
4488	OSLA	IS-MCTS	0	1	1	97	5649800	5.82e+04	0.00	12008	403968735	3.36e+04	1.00
4489	OSLA	IS-MCTS	5	0	5	73	3806072	5.21e+04	1.00	3197	121682551	3.81e+04	0.00
4490	OSLA	IS-MCTS	5	0	5	84	4446512	5.29e+04	1.00	4691	172989006	3.69e+04	0.00
4491	OSLA	IS-MCTS	2	0	2	92	5485050	5.96e+04	1.00	8089	294984348	3.65e+04	0.00
4492	OSLA	IS-MCTS	0	5	5	83	4464660	5.38e+04	0.00	7580	286137222	3.77e+04	1.00
4493	OSLA	IS-MCTS	3	0	3	93	5360766	5.76e+04	1.00	6836	249467984	3.65e+04	0.00
4494	OSLA	IS-MCTS	10	0	10	75	3985953	5.31e+04	1.00	3558	133302918	3.75e+04	0.00
4495	OSLA	IS-MCTS	2	0	2	89	5292029	5.95e+04	1.00	7319	265097175	3.62e+04	0.00
4496	OSLA	IS-MCTS	0	1	1	93	5369619	5.77e+04	0.00	14072	486019311	3.45e+04	1.00
4497	OSLA	IS-MCTS	1	0	1	99	5903631	5.96e+04	1.00	13213	440875825	3.34e+04	0.00
4498	OSLA	IS-MCTS	2	0	2	88	4963435	5.64e+04	1.00	6214	225822869	3.63e+04	0.00
4499	OSLA	IS-MCTS	1	0	1	99	6048579	6.11e+04	1.00	15073	501489553	3.33e+04	0.00
4500	OSLA	IS-MCTS	1	0	1	96	5537771	5.77e+04	1.00	11573	396431647	3.43e+04	0.00
4501	OSLA	IS-MCTS	0	5	5	85	4908334	5.77e+04	0.00	7132	257822804	3.62e+04	1.00
4502	OSLA	RMHC	1	0	1	97	6892784	7.11e+04	1.00	96	5529112	5.76e+04	0.00
4503	OSLA	RMHC	0	1	1	93	6617143	7.12e+04	0.00	93	5397448	5.80e+04	1.00
4504	OSLA	RMHC	0	1	1	93	6660091	7.16e+04	0.00	93	5444539	5.85e+04	1.00
4505	OSLA	RMHC	1	0	1	98	7055954	7.20e+04	1.00	97	5731225	5.91e+04	0.00
4506	OSLA	RMHC	0	2	2	88	6539658	7.43e+04	0.00	88	5215420	5.93e+04	1.00
4507	OSLA	RMHC	1	0	1	98	7195974	7.34e+04	1.00	97	5816727	6.00e+04	0.00
4508	OSLA	RMHC	0	1	1	99	7353029	7.43e+04	0.00	99	5908173	5.97e+04	1.00
4509	OSLA	RMHC	2	0	2	91	6664068	7.32e+04	1.00	90	5362738	5.96e+04	0.00
4510	OSLA	RMHC	0	1	1	83	6016131	7.25e+04	0.00	83	4828769	5.82e+04	1.00
4511	OSLA	RMHC	0	2	2	98	7208583	7.36e+04	0.00	98	5705142	5.82e+04	1.00
4512	OSLA	RMHC	0	7	7	74	5344942	7.22e+04	0.00	74	4251380	5.75e+04	1.00
4513	OSLA	RMHC	2	0	2	98	7103796	7.25e+04	1.00	97	5614683	5.79e+04	0.00
4514	OSLA	RMHC	0	2	2	92	6701447	7.28e+04	0.00	92	5307568	5.77e+04	1.00
4515	OSLA	RMHC	2	0	2	92	6595165	7.17e+04	1.00	91	5271396	5.79e+04	0.00
4516	OSLA	RMHC	2	0	2	91	6788000	7.46e+04	1.00	90	5435198	6.04e+04	0.00
4517	OSLA	RMHC	0	1	1	97	7109280	7.33e+04	0.00	97	5696574	5.87e+04	1.00
4518	OSLA	RMHC	1	0	1	91	6820583	7.50e+04	1.00	90	5366085	5.96e+04	0.00
4519	OSLA	RMHC	0	1	1	94	6791641	7.23e+04	0.00	94	5412095	5.76e+04	1.00
4520	OSLA	RMHC	0	1	1	92	6625801	7.20e+04	0.00	92	5325647	5.79e+04	1.00
4521	OSLA	RMHC	2	0	2	95	6945962	7.31e+04	1.00	94	5512339	5.86e+04	0.00
4522	OSLA	RMHC	1	0	1	98	7126227	7.27e+04	1.00	97	5645506	5.82e+04	0.00
4523	OSLA	RMHC	3	0	3	79	5605209	7.10e+04	1.00	78	4495642	5.76e+04	0.00
4524	OSLA	RMHC	3	0	3	92	6496094	7.06e+04	1.00	91	5223881	5.74e+04	0.00
4525	OSLA	RMHC	1	0	1	98	7088168	7.23e+04	1.00	97	5646543	5.82e+04	0.00
4526	OSLA	RMHC	0	1	1	98	7046661	7.19e+04	0.00	98	5630091	5.74e+04	1.00
4527	OSLA	RMHC	1	0	1	96	6911187	7.20e+04	1.00	95	5510956	5.80e+04	0.00
4528	OSLA	RMHC	2	0	2	89	6344532	7.13e+04	1.00	88	5045867	5.73e+04	0.00
4529	OSLA	RMHC	1	0	1	85	6204596	7.30e+04	1.00	84	5004318	5.96e+04	0.00
4530	OSLA	RMHC	1	0	1	93	6711533	7.22e+04	1.00	92	5275897	5.73e+04	0.00
4531	OSLA	RMHC	0	3	3	91	6520666	7.17e+04	0.00	91	5203368	5.72e+04	1.00
4532	OSLA	RMHC	1	0	1	99	7095626	7.17e+04	1.00	98	5616820	5.73e+04	0.00
4533	OSLA	RMHC	0	1	1	89	6339226	7.12e+04	0.00	89	5179548	5.82e+04	1.00
4534	OSLA	RMHC	0	1	1	88	6442579	7.32e+04	0.00	88	5233705	5.95e+04	1.00
4535	OSLA	RMHC	1	0	1	97	7045115	7.26e+04	1.00	96	5601981	5.84e+04	0.00
4536	OSLA	RMHC	0	2	2	96	6957715	7.25e+04	0.00	96	5656014	5.89e+04	1.00
4537	OSLA	RMHC	0	2	2	98	7040244	7.18e+04	0.00	98	5778365	5.90e+04	1.00
4538	OSLA	RMHC	0	2	2	96	7130127	7.43e+04	0.00	96	5745843	5.99e+04	1.00
4539	OSLA	RMHC	0	2	2	96	7154752	7.45e+04	0.00	96	5833436	6.08e+04	1.00
4540	OSLA	RMHC	0	2	2	94	7051793	7.50e+04	0.00	94	5646976	6.01e+04	1.00
4541	OSLA	RMHC	2	0	2	86	6322429	7.35e+04	1.00	85	5118325	6.02e+04	0.00
4542	OSLA	RMHC	2	0	2	90	6426344	7.14e+04	1.00	89	5103453	5.73e+04	0.00
4543	OSLA	RMHC	4	0	4	68	4968352	7.31e+04	1.00	67	4039110	6.03e+04	0.00
4544	OSLA	RMHC	1	0	1	98	7414297	7.57e+04	1.00	97	5881108	6.06e+04	0.00
4545	OSLA	RMHC	2	0	2	84	6296091	7.50e+04	1.00	83	5018681	6.05e+04	0.00
4546	OSLA	RMHC	2	0	2	97	6999900	7.22e+04	1.00	96	5665178	5.90e+04	0.00
4547	OSLA	RMHC	1	0	1	95	6862871	7.22e+04	1.00	94	5530508	5.88e+04	0.00
4548	OSLA	RMHC	3	0	3	95	6815277	7.17e+04	1.00	94	5546658	5.90e+04	0.00
4549	OSLA	RMHC	0	3	3	82	5955713	7.26e+04	0.00	82	4827238	5.89e+04	1.00
4550	OSLA	RMHC	1	0	1	95	6906942	7.27e+04	1.00	94	5482144	5.83e+04	0.00
4551	OSLA	RMHC	1	0	1	99	7056196	7.13e+04	1.00	98	5764998	5.88e+04	0.00
4552	OSLA	RMHC	0	1	1	95	6804986	7.16e+04	0.00	95	5484117	5.77e+04	1.00
4553	OSLA	RMHC	0	1	1	96	6863187	7.15e+04	0.00	96	5513452	5.74e+04	1.00
4554	OSLA	RMHC	0	5	5	70	4966266	7.09e+04	0.00	70	4033054	5.76e+04	1.00
4555	OSLA	RMHC	0	2	2	86	6149881	7.15e+04	0.00	86	5051302	5.87e+04	1.00
4556	OSLA	RMHC	0	5	5	91	6674502	7.33e+04	0.00	91	5377969	5.91e+04	1.00
4557	OSLA	RMHC	0	1	1	89	6663218	7.49e+04	0.00	89	5362707	6.03e+04	1.00
4558	OSLA	RMHC	4	0	4	92	6604853	7.18e+04	1.00	91	5200590	5.71e+04	0.00
4559	OSLA	RMHC	1	0	1	93	6662743	7.16e+04	1.00	92	5259772	5.72e+04	0.00
4560	OSLA	RMHC	0	2	2	88	6311067	7.17e+04	0.00	88	5293871	6.02e+04	1.00
4561	OSLA	RMHC	1	0	1	91	6891000	7.57e+04	1.00	90	5459321	6.07e+04	0.00
4562	OSLA	RMHC	0	1	1	94	6714893	7.14e+04	0.00	94	5371890	5.71e+04	1.00
4563	OSLA	RMHC	0	4	4	67	4736737	7.07e+04	0.00	67	3856982	5.76e+04	1.00
4564	OSLA	RMHC	3	0	3	90	6463020	7.18e+04	1.00	89	5220033	5.87e+04	0.00
4565	OSLA	RMHC	0	3	3	86	6226544	7.24e+04	0.00	86	5107187	5.94e+04	1.00
4566	OSLA	RMHC	2	0	2	99	7136651	7.21e+04	1.00	98	5630418	5.75e+04	0.00
4567	OSLA	RMHC	1	0	1	99	7150580	7.22e+04	1.00	98	5649595	5.76e+04	0.00
4568	OSLA	RMHC	0	6	6	74	5329557	7.20e+04	0.00	74	4308655	5.82e+04	1.00
4569	OSLA	RMHC	5	0	5	86	6488112	7.54e+04	1.00	85	5186380	6.10e+04	0.00
4570	OSLA	RMHC	1	0	1	96	6823178	7.11e+04	1.00	95	5491282	5.78e+04	0.00
4571	OSLA	RMHC	1	0	1	98	6925511	7.07e+04	1.00	97	5625572	5.80e+04	0.00
4572	OSLA	RMHC	2	0	2	93	6663123	7.16e+04	1.00	92	5370647	5.84e+04	0.00
4573	OSLA	RMHC	2	0	2	95	6844053	7.20e+04	1.00	94	5476675	5.83e+04	0.00
4574	OSLA	RMHC	2	0	2	96	6922511	7.21e+04	1.00	95	5528208	5.82e+04	0.00
4575	OSLA	RMHC	0	3	3	83	5970765	7.19e+04	0.00	83	4877597	5.88e+04	1.00
4576	OSLA	RMHC	1	0	1	99	7147115	7.22e+04	1.00	98	5704624	5.82e+04	0.00
4577	OSLA	RMHC	0	5	5	82	5909022	7.21e+04	0.00	82	4743363	5.78e+04	1.00
4578	OSLA	RMHC	0	1	1	95	6932787	7.30e+04	0.00	95	5658494	5.96e+04	1.00
4579	OSLA	RMHC	0	1	1	94	7000317	7.45e+04	0.00	94	5679420	6.04e+04	1.00
4580	OSLA	RMHC	4	0	4	84	6350737	7.56e+04	1.00	83	4949494	5.96e+04	0.00
4581	OSLA	RMHC	0	1	1	91	6467424	7.11e+04	0.00	91	5239781	5.76e+04	1.00
4582	OSLA	RMHC	0	1	1	89	6468154	7.27e+04	0.00	89	5184706	5.83e+04	1.00
4583	OSLA	RMHC	3	0	3	87	6426670	7.39e+04	1.00	86	5213380	6.06e+04	0.00
4584	OSLA	RMHC	0	2	2	92	6566503	7.14e+04	0.00	92	5283508	5.74e+04	1.00
4585	OSLA	RMHC	0	1	1	93	6740346	7.25e+04	0.00	93	5410615	5.82e+04	1.00
4586	OSLA	RMHC	1	0	1	95	6845166	7.21e+04	1.00	94	5443743	5.79e+04	0.00
4587	OSLA	RMHC	0	1	1	96	7033157	7.33e+04	0.00	96	5700008	5.94e+04	1.00
4588	OSLA	RMHC	2	0	2	85	6197857	7.29e+04	1.00	84	5007664	5.96e+04	0.00
4589	OSLA	RMHC	3	0	3	92	6669235	7.25e+04	1.00	91	5244381	5.76e+04	0.00
4590	OSLA	RMHC	0	1	1	90	6523674	7.25e+04	0.00	90	5220768	5.80e+04	1.00
4591	OSLA	RMHC	1	0	1	97	7025667	7.24e+04	1.00	96	5598718	5.83e+04	0.00
4592	OSLA	RMHC	0	2	2	95	6904893	7.27e+04	0.00	95	5583557	5.88e+04	1.00
4593	OSLA	RMHC	0	2	2	86	6333738	7.36e+04	0.00	86	5093357	5.92e+04	1.00
4594	OSLA	RMHC	0	1	1	96	6988276	7.28e+04	0.00	96	5596690	5.83e+04	1.00
4595	OSLA	RMHC	3	0	3	80	5900178	7.38e+04	1.00	79	4592621	5.81e+04	0.00
4596	OSLA	RMHC	1	0	1	96	7262009	7.56e+04	1.00	95	5750859	6.05e+04	0.00
4597	OSLA	RMHC	1	0	1	99	7395161	7.47e+04	1.00	98	5939055	6.06e+04	0.00
4598	OSLA	RMHC	1	0	1	95	7066498	7.44e+04	1.00	94	5661279	6.02e+04	0.00
4599	OSLA	RMHC	1	0	1	94	7001052	7.45e+04	1.00	93	5610920	6.03e+04	0.00
4600	OSLA	RMHC	2	0	2	92	6971363	7.58e+04	1.00	91	5584118	6.14e+04	0.00
4601	OSLA	RMHC	0	2	2	91	6532226	7.18e+04	0.00	91	5212707	5.73e+04	1.00
4602	OSLA	RMHC	1	0	1	97	6907102	7.12e+04	1.00	96	5474669	5.70e+04	0.00
4603	OSLA	RMHC	2	0	2	90	6533493	7.26e+04	1.00	89	5189226	5.83e+04	0.00
4604	OSLA	RMHC	1	0	1	98	7137657	7.28e+04	1.00	97	5702813	5.88e+04	0.00
4605	OSLA	RMHC	1	0	1	98	7023292	7.17e+04	1.00	97	5597289	5.77e+04	0.00
4606	OSLA	RMHC	2	0	2	93	6816481	7.33e+04	1.00	92	5375573	5.84e+04	0.00
4607	OSLA	RMHC	0	2	2	91	6567920	7.22e+04	0.00	91	5341709	5.87e+04	1.00
4608	OSLA	RMHC	0	1	1	99	7186706	7.26e+04	0.00	99	5688530	5.75e+04	1.00
4609	OSLA	RMHC	0	1	1	93	7039945	7.57e+04	0.00	93	5631432	6.06e+04	1.00
4610	OSLA	RMHC	1	0	1	98	7314476	7.46e+04	1.00	97	5881622	6.06e+04	0.00
4611	OSLA	RMHC	1	0	1	98	7280627	7.43e+04	1.00	97	5822697	6.00e+04	0.00
4612	OSLA	RMHC	0	1	1	98	7100552	7.25e+04	0.00	98	5765985	5.88e+04	1.00
4613	OSLA	RMHC	0	2	2	84	6153387	7.33e+04	0.00	84	5017289	5.97e+04	1.00
4614	OSLA	RMHC	1	0	1	90	6499341	7.22e+04	1.00	89	5162793	5.80e+04	0.00
4615	OSLA	RMHC	0	3	3	76	5359836	7.05e+04	0.00	76	4392443	5.78e+04	1.00
4616	OSLA	RMHC	0	2	2	93	6628125	7.13e+04	0.00	93	5362489	5.77e+04	1.00
4617	OSLA	RMHC	1	0	1	97	7102906	7.32e+04	1.00	96	5569265	5.80e+04	0.00
4618	OSLA	RMHC	1	0	1	95	6793967	7.15e+04	1.00	94	5399789	5.74e+04	0.00
4619	OSLA	RMHC	2	0	2	94	6843011	7.28e+04	1.00	93	5422395	5.83e+04	0.00
4620	OSLA	RMHC	2	0	2	86	6269646	7.29e+04	1.00	85	5023749	5.91e+04	0.00
4621	OSLA	RMHC	3	0	3	95	6917936	7.28e+04	1.00	94	5410626	5.76e+04	0.00
4622	OSLA	RMHC	2	0	2	91	6579897	7.23e+04	1.00	90	5241883	5.82e+04	0.00
4623	OSLA	RMHC	1	0	1	84	6065642	7.22e+04	1.00	83	4881022	5.88e+04	0.00
4624	OSLA	RMHC	1	0	1	93	6700524	7.20e+04	1.00	92	5316631	5.78e+04	0.00
4625	OSLA	RMHC	0	6	6	78	5635393	7.22e+04	0.00	78	4537436	5.82e+04	1.00
4626	OSLA	RMHC	0	2	2	96	7212033	7.51e+04	0.00	96	5711722	5.95e+04	1.00
4627	OSLA	RMHC	0	1	1	89	6576541	7.39e+04	0.00	89	5345278	6.01e+04	1.00
4628	OSLA	RMHC	0	1	1	93	6598698	7.10e+04	0.00	93	5322651	5.72e+04	1.00
4629	OSLA	RMHC	0	1	1	92	6612501	7.19e+04	0.00	92	5360675	5.83e+04	1.00
4630	OSLA	RMHC	0	1	1	95	6905017	7.27e+04	0.00	95	5477653	5.77e+04	1.00
4631	OSLA	RMHC	0	1	1	98	7075339	7.22e+04	0.00	98	5679572	5.80e+04	1.00
4632	OSLA	RMHC	1	0	1	77	5504321	7.15e+04	1.00	76	4396104	5.78e+04	0.00
4633	OSLA	RMHC	0	1	1	99	7113754	7.19e+04	0.00	99	5692003	5.75e+04	1.00
4634	OSLA	RMHC	0	3	3	84	6074023	7.23e+04	0.00	84	4871232	5.80e+04	1.00
4635	OSLA	RMHC	0	4	4	79	5751006	7.28e+04	0.00	79	4641240	5.87e+04	1.00
4636	OSLA	RMHC	0	2	2	83	6090387	7.34e+04	0.00	83	4829188	5.82e+04	1.00
4637	OSLA	RMHC	0	2	2	91	6751622	7.42e+04	0.00	91	5425918	5.96e+04	1.00
4638	OSLA	RMHC	1	0	1	93	6789846	7.30e+04	1.00	92	5275300	5.73e+04	0.00
4639	OSLA	RMHC	0	1	1	92	6558383	7.13e+04	0.00	92	5249067	5.71e+04	1.00
4640	OSLA	RMHC	3	0	3	90	6473975	7.19e+04	1.00	89	5120746	5.75e+04	0.00
4641	OSLA	RMHC	0	1	1	97	7068927	7.29e+04	0.00	97	5696171	5.87e+04	1.00
4642	OSLA	RMHC	0	1	1	84	6106691	7.27e+04	0.00	84	5037574	6.00e+04	1.00
4643	OSLA	RMHC	4	0	4	83	6025606	7.26e+04	1.00	82	4742225	5.78e+04	0.00
4644	OSLA	RMHC	1	0	1	99	7193580	7.27e+04	1.00	98	5818460	5.94e+04	0.00
4645	OSLA	RMHC	1	0	1	91	6654303	7.31e+04	1.00	90	5332332	5.92e+04	0.00
4646	OSLA	RMHC	1	0	1	97	7181516	7.40e+04	1.00	96	5743217	5.98e+04	0.00
4647	OSLA	RMHC	4	0	4	89	6558627	7.37e+04	1.00	88	5266280	5.98e+04	0.00
4648	OSLA	RMHC	1	0	1	99	7127123	7.20e+04	1.00	98	5589597	5.70e+04	0.00
4649	OSLA	RMHC	1	0	1	91	6605957	7.26e+04	1.00	90	5172319	5.75e+04	0.00
4650	OSLA	RMHC	1	0	1	97	7043842	7.26e+04	1.00	96	5473730	5.70e+04	0.00
4651	OSLA	RMHC	1	0	1	99	7109353	7.18e+04	1.00	98	5600719	5.72e+04	0.00
4652	OSLA	RMHC	0	2	2	94	6780367	7.21e+04	0.00	94	5514262	5.87e+04	1.00
4653	OSLA	RMHC	0	2	2	94	6788647	7.22e+04	0.00	94	5439119	5.79e+04	1.00
4654	OSLA	RMHC	1	0	1	96	6892135	7.18e+04	1.00	95	5500828	5.79e+04	0.00
4655	OSLA	RMHC	5	0	5	82	5990932	7.31e+04	1.00	81	4933388	6.09e+04	0.00
4656	OSLA	RMHC	0	1	1	92	6586782	7.16e+04	0.00	92	5260734	5.72e+04	1.00
4657	OSLA	RMHC	2	0	2	93	6588119	7.08e+04	1.00	92	5357290	5.82e+04	0.00
4658	OSLA	RMHC	0	2	2	87	6209347	7.14e+04	0.00	87	5050641	5.81e+04	1.00
4659	OSLA	RMHC	3	0	3	86	6391450	7.43e+04	1.00	85	5016883	5.90e+04	0.00
4660	OSLA	RMHC	0	3	3	93	6615105	7.11e+04	0.00	93	5519917	5.94e+04	1.00
4661	OSLA	RMHC	0	1	1	95	6810036	7.17e+04	0.00	95	5444909	5.73e+04	1.00
4662	OSLA	RMHC	0	1	1	94	6759773	7.19e+04	0.00	94	5605695	5.96e+04	1.00
4663	OSLA	RMHC	1	0	1	93	6819712	7.33e+04	1.00	92	5413033	5.88e+04	0.00
4664	OSLA	RMHC	0	1	1	94	6816353	7.25e+04	0.00	94	5532412	5.89e+04	1.00
4665	OSLA	RMHC	0	1	1	90	6707453	7.45e+04	0.00	90	5345224	5.94e+04	1.00
4666	OSLA	RMHC	2	0	2	92	6559320	7.13e+04	1.00	91	5268315	5.79e+04	0.00
4667	OSLA	RMHC	2	0	2	93	6666346	7.17e+04	1.00	92	5320838	5.78e+04	0.00
4668	OSLA	RMHC	0	1	1	94	6780730	7.21e+04	0.00	94	5434646	5.78e+04	1.00
4669	OSLA	RMHC	0	1	1	93	6784204	7.29e+04	0.00	93	5388819	5.79e+04	1.00
4670	OSLA	RMHC	0	2	2	94	6828396	7.26e+04	0.00	94	5537770	5.89e+04	1.00
4671	OSLA	RMHC	1	0	1	95	7000041	7.37e+04	1.00	94	5628603	5.99e+04	0.00
4672	OSLA	RMHC	2	0	2	89	6703418	7.53e+04	1.00	88	5299920	6.02e+04	0.00
4673	OSLA	RMHC	0	2	2	92	6534916	7.10e+04	0.00	92	5299137	5.76e+04	1.00
4674	OSLA	RMHC	0	2	2	84	6156778	7.33e+04	0.00	84	5004455	5.96e+04	1.00
4675	OSLA	RMHC	0	2	2	94	7089844	7.54e+04	0.00	94	5637608	6.00e+04	1.00
4676	OSLA	RMHC	2	0	2	97	7085403	7.30e+04	1.00	96	5590142	5.82e+04	0.00
4677	OSLA	RMHC	0	2	2	94	6828682	7.26e+04	0.00	94	5455319	5.80e+04	1.00
4678	OSLA	RMHC	1	0	1	93	6667234	7.17e+04	1.00	92	5298746	5.76e+04	0.00
4679	OSLA	RMHC	2	0	2	93	6702864	7.21e+04	1.00	92	5375785	5.84e+04	0.00
4680	OSLA	RMHC	3	0	3	85	6202018	7.30e+04	1.00	84	4980159	5.93e+04	0.00
4681	OSLA	RMHC	0	7	7	82	6145619	7.49e+04	0.00	82	4927880	6.01e+04	1.00
4682	OSLA	RMHC	0	3	3	95	6797491	7.16e+04	0.00	95	5576980	5.87e+04	1.00
4683	OSLA	RMHC	0	2	2	90	6564946	7.29e+04	0.00	90	5318704	5.91e+04	1.00
4684	OSLA	RMHC	4	0	4	89	6603551	7.42e+04	1.00	88	5274932	5.99e+04	0.00
4685	OSLA	RMHC	0	1	1	99	7190337	7.26e+04	0.00	99	5731598	5.79e+04	1.00
4686	OSLA	RMHC	0	1	1	96	6912598	7.20e+04	0.00	96	5601103	5.83e+04	1.00
4687	OSLA	RMHC	0	1	1	97	7070070	7.29e+04	0.00	97	5648248	5.82e+04	1.00
4688	OSLA	RMHC	1	0	1	92	6718978	7.30e+04	1.00	91	5264849	5.79e+04	0.00
4689	OSLA	RMHC	1	0	1	93	6697249	7.20e+04	1.00	92	5376930	5.84e+04	0.00
4690	OSLA	RMHC	0	2	2	90	6527947	7.25e+04	0.00	90	5226196	5.81e+04	1.00
4691	OSLA	RMHC	1	0	1	95	6915418	7.28e+04	1.00	94	5551571	5.91e+04	0.00
4692	OSLA	RMHC	1	0	1	96	7048744	7.34e+04	1.00	95	5702889	6.00e+04	0.00
4693	OSLA	RMHC	1	0	1	90	6590064	7.32e+04	1.00	89	5232907	5.88e+04	0.00
4694	OSLA	RMHC	0	5	5	94	6850029	7.29e+04	0.00	94	5417750	5.76e+04	1.00
4695	OSLA	RMHC	0	1	1	94	6771639	7.20e+04	0.00	94	5451186	5.80e+04	1.00
4696	OSLA	RMHC	3	0	3	88	6342462	7.21e+04	1.00	87	5058410	5.81e+04	0.00
4697	OSLA	RMHC	0	3	3	83	6064369	7.31e+04	0.00	83	4847341	5.84e+04	1.00
4698	OSLA	RMHC	0	2	2	88	6361388	7.23e+04	0.00	88	5055209	5.74e+04	1.00
4699	OSLA	RMHC	2	0	2	88	6423243	7.30e+04	1.00	87	5090282	5.85e+04	0.00
4700	OSLA	RMHC	1	0	1	100	7409939	7.41e+04	1.00	99	5958486	6.02e+04	0.00
4701	OSLA	RMHC	0	1	1	88	6495542	7.38e+04	0.00	88	5278034	6.00e+04	1.00
4702	OSLA	RMHC	1	0	1	86	6204184	7.21e+04	1.00	85	4813999	5.66e+04	0.00
4703	OSLA	RMHC	1	0	1	89	6592407	7.41e+04	1.00	88	5228172	5.94e+04	0.00
4704	OSLA	RMHC	1	0	1	97	7247912	7.47e+04	1.00	96	5859075	6.10e+04	0.00
4705	OSLA	RMHC	2	0	2	96	7124355	7.42e+04	1.00	95	5679330	5.98e+04	0.00
4706	OSLA	RMHC	0	1	1	97	7321716	7.55e+04	0.00	97	5897810	6.08e+04	1.00
4707	OSLA	RMHC	1	0	1	90	6759170	7.51e+04	1.00	89	5419648	6.09e+04	0.00
4708	OSLA	RMHC	0	1	1	85	6042439	7.11e+04	0.00	85	4843267	5.70e+04	1.00
4709	OSLA	RMHC	2	0	2	87	6454264	7.42e+04	1.00	86	5171742	6.01e+04	0.00
4710	OSLA	RMHC	2	0	2	99	7099180	7.17e+04	1.00	98	5649960	5.77e+04	0.00
4711	OSLA	RMHC	1	0	1	98	7155678	7.30e+04	1.00	97	5689362	5.87e+04	0.00
4712	OSLA	RMHC	0	1	1	93	6704479	7.21e+04	0.00	93	5317607	5.72e+04	1.00
4713	OSLA	RMHC	0	1	1	97	6976421	7.19e+04	0.00	97	5661694	5.84e+04	1.00
4714	OSLA	RMHC	2	0	2	94	6813314	7.25e+04	1.00	93	5386981	5.79e+04	0.00
4715	OSLA	RMHC	4	0	4	82	5877125	7.17e+04	1.00	81	4688177	5.79e+04	0.00
4716	OSLA	RMHC	1	0	1	99	7359498	7.43e+04	1.00	98	5847779	5.97e+04	0.00
4717	OSLA	RMHC	1	0	1	98	7129461	7.27e+04	1.00	97	5756306	5.93e+04	0.00
4718	OSLA	RMHC	0	2	2	97	7011276	7.23e+04	0.00	97	5715603	5.89e+04	1.00
4719	OSLA	RMHC	0	1	1	97	7021150	7.24e+04	0.00	97	5701688	5.88e+04	1.00
4720	OSLA	RMHC	4	0	4	75	5379291	7.17e+04	1.00	74	4260500	5.76e+04	0.00
4721	OSLA	RMHC	0	1	1	95	6911612	7.28e+04	0.00	95	5525170	5.82e+04	1.00
4722	OSLA	RMHC	0	1	1	90	6510719	7.23e+04	0.00	90	5241548	5.82e+04	1.00
4723	OSLA	RMHC	0	2	2	91	6641427	7.30e+04	0.00	91	5376111	5.91e+04	1.00
4724	OSLA	RMHC	2	0	2	90	6726749	7.47e+04	1.00	89	5360484	6.02e+04	0.00
4725	OSLA	RMHC	1	0	1	94	6803270	7.24e+04	1.00	93	5375104	5.78e+04	0.00
4726	OSLA	RMHC	0	1	1	99	7088553	7.16e+04	0.00	99	5688458	5.75e+04	1.00
4727	OSLA	RMHC	0	1	1	96	6995576	7.29e+04	0.00	96	5592231	5.83e+04	1.00
4728	OSLA	RMHC	1	0	1	91	6420110	7.06e+04	1.00	90	5181131	5.76e+04	0.00
4729	OSLA	RMHC	0	5	5	83	6060434	7.30e+04	0.00	83	4912434	5.92e+04	1.00
4730	OSLA	RMHC	0	3	3	88	6351546	7.22e+04	0.00	88	5069318	5.76e+04	1.00
4731	OSLA	RMHC	2	0	2	81	5883828	7.26e+04	1.00	80	4686550	5.86e+04	0.00
4732	OSLA	RMHC	2	0	2	89	6343802	7.13e+04	1.00	88	5073820	5.77e+04	0.00
4733	OSLA	RMHC	1	0	1	95	6830805	7.19e+04	1.00	94	5478138	5.83e+04	0.00
4734	OSLA	RMHC	0	4	4	89	6499441	7.30e+04	0.00	89	5194268	5.84e+04	1.00
4735	OSLA	RMHC	0	1	1	96	7041414	7.33e+04	0.00	96	5665016	5.90e+04	1.00
4736	OSLA	RMHC	0	1	1	98	7016486	7.16e+04	0.00	98	5719983	5.84e+04	1.00
4737	OSLA	RMHC	0	4	4	88	6454055	7.33e+04	0.00	88	5264347	5.98e+04	1.00
4738	OSLA	RMHC	1	0	1	95	6834331	7.19e+04	1.00	94	5423797	5.77e+04	0.00
4739	OSLA	RMHC	0	2	2	84	6033041	7.18e+04	0.00	84	4824474	5.74e+04	1.00
4740	OSLA	RMHC	0	5	5	83	6067194	7.31e+04	0.00	83	4843067	5.84e+04	1.00
4741	OSLA	RMHC	0	2	2	93	6651829	7.15e+04	0.00	93	5392277	5.80e+04	1.00
4742	OSLA	RMHC	0	3	3	75	5421753	7.23e+04	0.00	75	4379000	5.84e+04	1.00
4743	OSLA	RMHC	0	2	2	92	6636735	7.21e+04	0.00	92	5291537	5.75e+04	1.00
4744	OSLA	RMHC	0	1	1	93	6728633	7.24e+04	0.00	93	5406617	5.81e+04	1.00
4745	OSLA	RMHC	0	1	1	98	7095327	7.24e+04	0.00	98	5741416	5.86e+04	1.00
4746	OSLA	RMHC	2	0	2	97	6967464	7.18e+04	1.00	96	5534274	5.76e+04	0.00
4747	OSLA	RMHC	0	1	1	91	6530966	7.18e+04	0.00	91	5313833	5.84e+04	1.00
4748	OSLA	RMHC	0	4	4	87	6403543	7.36e+04	0.00	87	5154658	5.92e+04	1.00
4749	OSLA	RMHC	0	1	1	98	7201968	7.35e+04	0.00	98	5855698	5.98e+04	1.00
4750	OSLA	RMHC	2	0	2	90	6623743	7.36e+04	1.00	89	5305318	5.96e+04	0.00
4751	OSLA	RMHC	2	0	2	87	6393673	7.35e+04	1.00	86	5048850	5.87e+04	0.00
4752	OSLA	RMHC	4	0	4	89	6434563	7.23e+04	1.00	88	5189700	5.90e+04	0.00
4753	OSLA	RMHC	0	4	4	90	6595553	7.33e+04	0.00	90	5383037	5.98e+04	1.00
4754	OSLA	RMHC	0	3	3	86	6171400	7.18e+04	0.00	86	4964540	5.77e+04	1.00
4755	OSLA	RMHC	0	1	1	88	6377785	7.25e+04	0.00	88	5114920	5.81e+04	1.00
4756	OSLA	RMHC	0	2	2	94	7016998	7.46e+04	0.00	94	5647567	6.01e+04	1.00
4757	OSLA	RMHC	1	0	1	95	7134464	7.51e+04	1.00	94	5722847	6.09e+04	0.00
4758	OSLA	RMHC	0	1	1	98	7065270	7.21e+04	0.00	98	5744300	5.86e+04	1.00
4759	OSLA	RMHC	8	0	8	69	5117103	7.42e+04	1.00	68	4112899	6.05e+04	0.00
4760	OSLA	RMHC	5	0	5	89	6364011	7.15e+04	1.00	88	5064913	5.76e+04	0.00
4761	OSLA	RMHC	3	0	3	89	6364403	7.15e+04	1.00	88	5164428	5.87e+04	0.00
4762	OSLA	RMHC	1	0	1	98	7170857	7.32e+04	1.00	97	5706220	5.88e+04	0.00
4763	OSLA	RMHC	1	0	1	92	6692836	7.27e+04	1.00	91	5317634	5.84e+04	0.00
4764	OSLA	RMHC	0	2	2	85	6324987	7.44e+04	0.00	85	5083576	5.98e+04	1.00
4765	OSLA	RMHC	0	1	1	96	6889062	7.18e+04	0.00	96	5552078	5.78e+04	1.00
4766	OSLA	RMHC	0	1	1	96	6781912	7.06e+04	0.00	96	5521160	5.75e+04	1.00
4767	OSLA	RMHC	1	0	1	98	7090512	7.24e+04	1.00	97	5623255	5.80e+04	0.00
4768	OSLA	RMHC	1	0	1	99	7119316	7.19e+04	1.00	98	5644599	5.76e+04	0.00
4769	OSLA	RMHC	1	0	1	94	6712399	7.14e+04	1.00	93	5332135	5.73e+04	0.00
4770	OSLA	RMHC	0	1	1	91	6548255	7.20e+04	0.00	91	5332498	5.86e+04	1.00
4771	OSLA	RMHC	1	0	1	96	6906275	7.19e+04	1.00	95	5558338	5.85e+04	0.00
4772	OSLA	RMHC	0	4	4	83	6092173	7.34e+04	0.00	83	4856438	5.85e+04	1.00
4773	OSLA	RMHC	1	0	1	82	5935726	7.24e+04	1.00	81	4744949	5.86e+04	0.00
4774	OSLA	RMHC	1	0	1	88	6476569	7.36e+04	1.00	87	5096573	5.86e+04	0.00
4775	OSLA	RMHC	0	3	3	71	5148305	7.25e+04	0.00	71	4066413	5.73e+04	1.00
4776	OSLA	RMHC	1	0	1	96	6820228	7.10e+04	1.00	95	5441675	5.73e+04	0.00
4777	OSLA	RMHC	2	0	2	90	6507747	7.23e+04	1.00	89	5125203	5.76e+04	0.00
4778	OSLA	RMHC	0	1	1	96	6924983	7.21e+04	0.00	96	5671715	5.91e+04	1.00
4779	OSLA	RMHC	0	2	2	91	6633998	7.29e+04	0.00	91	5322881	5.85e+04	1.00
4780	OSLA	RMHC	0	1	1	91	6759461	7.43e+04	0.00	91	5426008	5.96e+04	1.00
4781	OSLA	RMHC	2	0	2	93	6943873	7.47e+04	1.00	92	5563839	6.05e+04	0.00
4782	OSLA	RMHC	1	0	1	96	6949566	7.24e+04	1.00	95	5531049	5.82e+04	0.00
4783	OSLA	RMHC	1	0	1	95	6868498	7.23e+04	1.00	94	5507669	5.86e+04	0.00
4784	OSLA	RMHC	0	2	2	92	6526597	7.09e+04	0.00	92	5284866	5.74e+04	1.00
4785	OSLA	RMHC	3	0	3	92	6615973	7.19e+04	1.00	91	5219435	5.74e+04	0.00
4786	OSLA	RMHC	0	1	1	98	7123130	7.27e+04	0.00	98	5747855	5.87e+04	1.00
4787	OSLA	RMHC	1	0	1	87	6388555	7.34e+04	1.00	86	4979135	5.79e+04	0.00
4788	OSLA	RMHC	1	0	1	97	7301553	7.53e+04	1.00	96	5850426	6.09e+04	0.00
4789	OSLA	RMHC	0	1	1	89	6677057	7.50e+04	0.00	89	5423846	6.09e+04	1.00
4790	OSLA	RMHC	2	0	2	97	6948790	7.16e+04	1.00	96	5507967	5.74e+04	0.00
4791	OSLA	RMHC	1	0	1	92	6580529	7.15e+04	1.00	91	5292468	5.82e+04	0.00
4792	OSLA	RMHC	1	0	1	99	7076741	7.15e+04	1.00	98	5646015	5.76e+04	0.00
4793	OSLA	RMHC	0	1	1	92	6611557	7.19e+04	0.00	92	5330047	5.79e+04	1.00
4794	OSLA	RMHC	3	0	3	87	6406595	7.36e+04	1.00	86	5047128	5.87e+04	0.00
4795	OSLA	RMHC	0	1	1	96	7070873	7.37e+04	0.00	96	5773310	6.01e+04	1.00
4796	OSLA	RMHC	3	0	3	90	6685917	7.43e+04	1.00	89	5393892	6.06e+04	0.00
4797	OSLA	RMHC	0	4	4	84	6034177	7.18e+04	0.00	84	4894705	5.83e+04	1.00
4798	OSLA	RMHC	1	0	1	96	7013512	7.31e+04	1.00	95	5646978	5.94e+04	0.00
4799	OSLA	RMHC	1	0	1	97	7003150	7.22e+04	1.00	96	5642693	5.88e+04	0.00
4800	OSLA	RMHC	3	0	3	86	6276185	7.30e+04	1.00	85	4962393	5.84e+04	0.00
4801	OSLA	RMHC	4	0	4	85	6084296	7.16e+04	1.00	84	4860042	5.79e+04	0.00
4802	OSLA	RMHC	0	2	2	93	6848606	7.36e+04	0.00	93	5514107	5.93e+04	1.00
4803	OSLA	RMHC	0	1	1	96	7204194	7.50e+04	0.00	96	5825350	6.07e+04	1.00
4804	OSLA	RMHC	1	0	1	97	7372015	7.60e+04	1.00	96	5794139	6.04e+04	0.00
4805	OSLA	RMHC	3	0	3	90	6742389	7.49e+04	1.00	89	5313898	5.97e+04	0.00
4806	OSLA	RMHC	1	0	1	95	6811198	7.17e+04	1.00	94	5399169	5.74e+04	0.00
4807	OSLA	RMHC	0	1	1	98	7041575	7.19e+04	0.00	98	5566869	5.68e+04	1.00
4808	OSLA	RMHC	0	1	1	93	6689892	7.19e+04	0.00	93	5289134	5.69e+04	1.00
4809	OSLA	RMHC	0	1	1	97	6969822	7.19e+04	0.00	97	5556918	5.73e+04	1.00
4810	OSLA	RMHC	0	1	1	89	6402833	7.19e+04	0.00	89	5198254	5.84e+04	1.00
4811	OSLA	RMHC	1	0	1	98	7123340	7.27e+04	1.00	97	5668513	5.84e+04	0.00
4812	OSLA	RMHC	0	1	1	93	6618258	7.12e+04	0.00	93	5408494	5.82e+04	1.00
4813	OSLA	RMHC	0	1	1	97	6932642	7.15e+04	0.00	97	5657699	5.83e+04	1.00
4814	OSLA	RMHC	0	2	2	80	5731187	7.16e+04	0.00	80	4660878	5.83e+04	1.00
4815	OSLA	RMHC	1	0	1	94	6663549	7.09e+04	1.00	93	5339441	5.74e+04	0.00
4816	OSLA	RMHC	1	0	1	90	6443262	7.16e+04	1.00	89	5118703	5.75e+04	0.00
4817	OSLA	RMHC	0	1	1	97	7046414	7.26e+04	0.00	97	5623130	5.80e+04	1.00
4818	OSLA	RMHC	2	0	2	89	6469756	7.27e+04	1.00	88	5112153	5.81e+04	0.00
4819	OSLA	RMHC	0	2	2	93	6934158	7.46e+04	0.00	93	5571190	5.99e+04	1.00
4820	OSLA	RMHC	1	0	1	93	6746743	7.25e+04	1.00	92	5319047	5.78e+04	0.00
4821	OSLA	RMHC	0	2	2	89	6340307	7.12e+04	0.00	89	5069254	5.70e+04	1.00
4822	OSLA	RMHC	2	0	2	90	6493606	7.22e+04	1.00	89	5161095	5.80e+04	0.00
4823	OSLA	RMHC	0	1	1	93	6777354	7.29e+04	0.00	93	5547407	5.96e+04	1.00
4824	OSLA	RMHC	0	3	3	93	6851362	7.37e+04	0.00	93	5574216	5.99e+04	1.00
4825	OSLA	RMHC	0	1	1	93	6714020	7.22e+04	0.00	93	5358700	5.76e+04	1.00
4826	OSLA	RMHC	0	1	1	89	6345448	7.13e+04	0.00	89	5143407	5.78e+04	1.00
4827	OSLA	RMHC	2	0	2	87	6304896	7.25e+04	1.00	86	5064091	5.89e+04	0.00
4828	OSLA	RMHC	0	3	3	78	5804773	7.44e+04	0.00	78	4706629	6.03e+04	1.00
4829	OSLA	RMHC	1	0	1	93	6711596	7.22e+04	1.00	92	5422025	5.89e+04	0.00
4830	OSLA	RMHC	1	0	1	92	6866127	7.46e+04	1.00	91	5520563	6.07e+04	0.00
4831	OSLA	RMHC	0	3	3	88	6480536	7.36e+04	0.00	88	5330580	6.06e+04	1.00
4832	OSLA	RMHC	0	5	5	74	5390745	7.28e+04	0.00	74	4291402	5.80e+04	1.00
4833	OSLA	RMHC	1	0	1	90	6540430	7.27e+04	1.00	89	5128734	5.76e+04	0.00
4834	OSLA	RMHC	0	1	1	98	7107991	7.25e+04	0.00	98	5586302	5.70e+04	1.00
4835	OSLA	RMHC	0	1	1	98	7129011	7.27e+04	0.00	98	5693971	5.81e+04	1.00
4836	OSLA	RMHC	2	0	2	86	6150565	7.15e+04	1.00	85	4874924	5.74e+04	0.00
4837	OSLA	RMHC	0	2	2	95	6993247	7.36e+04	0.00	95	5720144	6.02e+04	1.00
4838	OSLA	RMHC	1	0	1	99	7312768	7.39e+04	1.00	98	5844634	5.96e+04	0.00
4839	OSLA	RMHC	0	3	3	87	6364846	7.32e+04	0.00	87	5205594	5.98e+04	1.00
4840	OSLA	RMHC	3	0	3	93	6672490	7.17e+04	1.00	92	5308649	5.77e+04	0.00
4841	OSLA	RMHC	2	0	2	94	6726816	7.16e+04	1.00	93	5447277	5.86e+04	0.00
4842	OSLA	RMHC	0	5	5	86	6216639	7.23e+04	0.00	86	5015387	5.83e+04	1.00
4843	OSLA	RMHC	0	4	4	82	6179367	7.54e+04	0.00	82	4949377	6.04e+04	1.00
4844	OSLA	RMHC	0	1	1	97	6916536	7.13e+04	0.00	97	5600301	5.77e+04	1.00
4845	OSLA	RMHC	0	3	3	93	6701313	7.21e+04	0.00	93	5428582	5.84e+04	1.00
4846	OSLA	RMHC	3	0	3	83	6059721	7.30e+04	1.00	82	4769278	5.82e+04	0.00
4847	OSLA	RMHC	1	0	1	96	6939301	7.23e+04	1.00	95	5440095	5.73e+04	0.00
4848	OSLA	RMHC	0	6	6	80	5760330	7.20e+04	0.00	80	4622151	5.78e+04	1.00
4849	OSLA	RMHC	0	1	1	97	7171411	7.39e+04	0.00	97	5745108	5.92e+04	1.00
4850	OSLA	RMHC	1	0	1	93	6767335	7.28e+04	1.00	92	5349069	5.81e+04	0.00
4851	OSLA	RMHC	2	0	2	96	7322639	7.63e+04	1.00	95	5840279	6.15e+04	0.00
4852	OSLA	RMHC	1	0	1	92	6736074	7.32e+04	1.00	91	5438191	5.98e+04	0.00
4853	OSLA	RMHC	3	0	3	95	6868075	7.23e+04	1.00	94	5433468	5.78e+04	0.00
4854	OSLA	RMHC	0	1	1	92	6635922	7.21e+04	0.00	92	5244191	5.70e+04	1.00
4855	OSLA	RMHC	0	3	3	90	6435799	7.15e+04	0.00	90	5229337	5.81e+04	1.00
4856	OSLA	RMHC	4	0	4	87	6379007	7.33e+04	1.00	86	5157533	6.00e+04	0.00
4857	OSLA	RMHC	0	1	1	95	6927379	7.29e+04	0.00	95	5614109	5.91e+04	1.00
4858	OSLA	RMHC	0	1	1	98	7055635	7.20e+04	0.00	98	5716661	5.83e+04	1.00
4859	OSLA	RMHC	0	2	2	90	6431243	7.15e+04	0.00	90	5197862	5.78e+04	1.00
4860	OSLA	RMHC	0	3	3	93	6550996	7.04e+04	0.00	93	5330591	5.73e+04	1.00
4861	OSLA	RMHC	1	0	1	93	6658181	7.16e+04	1.00	92	5355328	5.82e+04	0.00
4862	OSLA	RMHC	1	0	1	97	6982179	7.20e+04	1.00	96	5618811	5.85e+04	0.00
4863	OSLA	RMHC	4	0	4	86	6282088	7.30e+04	1.00	85	5069360	5.96e+04	0.00
4864	OSLA	RMHC	2	0	2	92	6639446	7.22e+04	1.00	91	5242507	5.76e+04	0.00
4865	OSLA	RMHC	0	1	1	95	6814338	7.17e+04	0.00	95	5482104	5.77e+04	1.00
4866	OSLA	RMHC	0	1	1	98	7136281	7.28e+04	0.00	98	5677438	5.79e+04	1.00
4867	OSLA	RMHC	1	0	1	100	7317515	7.32e+04	1.00	99	5695563	5.75e+04	0.00
4868	OSLA	RMHC	1	0	1	92	6855989	7.45e+04	1.00	91	5473417	6.01e+04	0.00
4869	OSLA	RMHC	3	0	3	90	6449722	7.17e+04	1.00	89	5124794	5.76e+04	0.00
4870	OSLA	RMHC	3	0	3	90	6508638	7.23e+04	1.00	89	5168182	5.81e+04	0.00
4871	OSLA	RMHC	0	1	1	90	6700607	7.45e+04	0.00	90	5435139	6.04e+04	1.00
4872	OSLA	RMHC	2	0	2	92	6632390	7.21e+04	1.00	91	5292089	5.82e+04	0.00
4873	OSLA	RMHC	1	0	1	96	6902082	7.19e+04	1.00	95	5490941	5.78e+04	0.00
4874	OSLA	RMHC	1	0	1	90	6501964	7.22e+04	1.00	89	5174264	5.81e+04	0.00
4875	OSLA	RMHC	3	0	3	81	5902194	7.29e+04	1.00	80	4650601	5.81e+04	0.00
4876	OSLA	RMHC	2	0	2	92	6531959	7.10e+04	1.00	91	5252980	5.77e+04	0.00
4877	OSLA	RMHC	1	0	1	94	6803476	7.24e+04	1.00	93	5388565	5.79e+04	0.00
4878	OSLA	RMHC	5	0	5	86	6274109	7.30e+04	1.00	85	4982511	5.86e+04	0.00
4879	OSLA	RMHC	0	2	2	94	6692595	7.12e+04	0.00	94	5401028	5.75e+04	1.00
4880	OSLA	RMHC	1	0	1	98	7126746	7.27e+04	1.00	97	5564044	5.74e+04	0.00
4881	OSLA	RMHC	0	2	2	87	6167712	7.09e+04	0.00	87	4981132	5.73e+04	1.00
4882	OSLA	RMHC	1	0	1	94	6849831	7.29e+04	1.00	93	5406125	5.81e+04	0.00
4883	OSLA	RMHC	2	0	2	88	6499666	7.39e+04	1.00	87	5185338	5.96e+04	0.00
4884	OSLA	RMHC	0	2	2	94	6796626	7.23e+04	0.00	94	5539735	5.89e+04	1.00
4885	OSLA	RMHC	0	2	2	89	6408487	7.20e+04	0.00	89	5139845	5.78e+04	1.00
4886	OSLA	RMHC	1	0	1	95	6827731	7.19e+04	1.00	94	5473694	5.82e+04	0.00
4887	OSLA	RMHC	0	1	1	93	6829441	7.34e+04	0.00	93	5456666	5.87e+04	1.00
4888	OSLA	RMHC	5	0	5	79	5716386	7.24e+04	1.00	78	4542328	5.82e+04	0.00
4889	OSLA	RMHC	3	0	3	87	6286393	7.23e+04	1.00	86	5098585	5.93e+04	0.00
4890	OSLA	RMHC	1	0	1	95	7143879	7.52e+04	1.00	94	5607132	5.97e+04	0.00
4891	OSLA	RMHC	0	4	4	73	5601774	7.67e+04	0.00	73	4528539	6.20e+04	1.00
4892	OSLA	RMHC	1	0	1	92	6849957	7.45e+04	1.00	91	5545667	6.09e+04	0.00
4893	OSLA	RMHC	2	0	2	99	7196922	7.27e+04	1.00	98	5649572	5.76e+04	0.00
4894	OSLA	RMHC	2	0	2	95	6902798	7.27e+04	1.00	94	5474185	5.82e+04	0.00
4895	OSLA	RMHC	0	3	3	86	6122287	7.12e+04	0.00	86	4993596	5.81e+04	1.00
4896	OSLA	RMHC	6	0	6	69	4991677	7.23e+04	1.00	68	3964157	5.83e+04	0.00
4897	OSLA	RMHC	2	0	2	94	6974644	7.42e+04	1.00	93	5545951	5.96e+04	0.00
4898	OSLA	RMHC	1	0	1	94	7100016	7.55e+04	1.00	93	5639885	6.06e+04	0.00
4899	OSLA	RMHC	1	0	1	98	7450558	7.60e+04	1.00	97	5949335	6.13e+04	0.00
4900	OSLA	RMHC	1	0	1	98	7400655	7.55e+04	1.00	97	5835639	6.02e+04	0.00
4901	OSLA	RMHC	0	3	3	89	6549342	7.36e+04	0.00	89	5356763	6.02e+04	1.00
4902	OSLA	RMHC	0	2	2	93	6714217	7.22e+04	0.00	93	5385557	5.79e+04	1.00
4903	OSLA	RMHC	1	0	1	97	6975098	7.19e+04	1.00	96	5621610	5.86e+04	0.00
4904	OSLA	RMHC	1	0	1	97	6933316	7.15e+04	1.00	96	5588323	5.82e+04	0.00
4905	OSLA	RMHC	1	0	1	98	7055738	7.20e+04	1.00	97	5621411	5.80e+04	0.00
4906	OSLA	RMHC	0	2	2	85	6079804	7.15e+04	0.00	85	4967081	5.84e+04	1.00
4907	OSLA	RMHC	0	1	1	87	6428629	7.39e+04	0.00	87	5220579	6.00e+04	1.00
4908	OSLA	RMHC	0	1	1	87	6254872	7.19e+04	0.00	87	4999562	5.75e+04	1.00
4909	OSLA	RMHC	0	1	1	95	6896404	7.26e+04	0.00	95	5541373	5.83e+04	1.00
4910	OSLA	RMHC	2	0	2	93	6679061	7.18e+04	1.00	92	5384616	5.85e+04	0.00
4911	OSLA	RMHC	1	0	1	94	6900533	7.34e+04	1.00	93	5477096	5.89e+04	0.00
4912	OSLA	RMHC	0	1	1	93	6970263	7.49e+04	0.00	93	5567875	5.99e+04	1.00
4913	OSLA	RMHC	0	2	2	93	6828467	7.34e+04	0.00	93	5620232	6.04e+04	1.00
4914	OSLA	RMHC	0	1	1	79	5627762	7.12e+04	0.00	79	4516000	5.72e+04	1.00
4915	OSLA	RMHC	1	0	1	94	6994353	7.44e+04	1.00	93	5537447	5.95e+04	0.00
4916	OSLA	RMHC	0	1	1	91	6750835	7.42e+04	0.00	91	5470011	6.01e+04	1.00
4917	OSLA	RMHC	0	1	1	96	6988721	7.28e+04	0.00	96	5581026	5.81e+04	1.00
4918	OSLA	RMHC	1	0	1	96	6909077	7.20e+04	1.00	95	5528525	5.82e+04	0.00
4919	OSLA	RMHC	1	0	1	95	6871084	7.23e+04	1.00	94	5491697	5.84e+04	0.00
4920	OSLA	RMHC	1	0	1	100	7289215	7.29e+04	1.00	99	5945339	6.01e+04	0.00
4921	OSLA	RMHC	0	2	2	92	6643179	7.22e+04	0.00	92	5384346	5.85e+04	1.00
4922	OSLA	RMHC	0	1	1	92	6588160	7.16e+04	0.00	92	5328299	5.79e+04	1.00
4923	OSLA	RMHC	0	1	1	89	6368963	7.16e+04	0.00	89	5183113	5.82e+04	1.00
4924	OSLA	RMHC	0	1	1	91	6706885	7.37e+04	0.00	91	5402298	5.94e+04	1.00
4925	OSLA	RMHC	2	0	2	92	6854202	7.45e+04	1.00	91	5494253	6.04e+04	0.00
4926	OSLA	RMHC	1	0	1	97	6989767	7.21e+04	1.00	96	5515275	5.75e+04	0.00
4927	OSLA	RMHC	2	0	2	93	6702095	7.21e+04	1.00	92	5243728	5.70e+04	0.00
4928	OSLA	RMHC	0	1	1	98	7000679	7.14e+04	0.00	98	5594915	5.71e+04	1.00
4929	OSLA	RMHC	1	0	1	98	6995483	7.14e+04	1.00	97	5614791	5.79e+04	0.00
4930	OSLA	RMHC	0	1	1	96	7169026	7.47e+04	0.00	96	5501468	5.73e+04	1.00
4931	OSLA	RMHC	1	0	1	87	6204010	7.13e+04	1.00	86	4920517	5.72e+04	0.00
4932	OSLA	RMHC	1	0	1	90	6608188	7.34e+04	1.00	89	5233938	5.88e+04	0.00
4933	OSLA	RMHC	1	0	1	98	7228792	7.38e+04	1.00	97	5838916	6.02e+04	0.00
4934	OSLA	RMHC	0	1	1	98	7196263	7.34e+04	0.00	98	5798968	5.92e+04	1.00
4935	OSLA	RMHC	5	0	5	77	5638568	7.32e+04	1.00	76	4480657	5.90e+04	0.00
4936	OSLA	RMHC	1	0	1	98	7088145	7.23e+04	1.00	97	5675099	5.85e+04	0.00
4937	OSLA	RMHC	0	1	1	88	6360496	7.23e+04	0.00	88	5164891	5.87e+04	1.00
4938	OSLA	RMHC	1	0	1	91	6826415	7.50e+04	1.00	90	5429198	6.03e+04	0.00
4939	OSLA	RMHC	0	2	2	96	6876198	7.16e+04	0.00	96	5562171	5.79e+04	1.00
4940	OSLA	RMHC	2	0	2	90	6460989	7.18e+04	1.00	89	5114836	5.75e+04	0.00
4941	OSLA	RMHC	0	1	1	93	6476780	6.96e+04	0.00	93	5382880	5.79e+04	1.00
4942	OSLA	RMHC	1	0	1	92	5214058	5.67e+04	1.00	91	4513645	4.96e+04	0.00
4943	OSLA	RMHC	0	2	2	91	5197933	5.71e+04	0.00	91	4517202	4.96e+04	1.00
4944	OSLA	RMHC	0	1	1	97	5548391	5.72e+04	0.00	97	4899348	5.05e+04	1.00
4945	OSLA	RMHC	0	3	3	80	4654491	5.82e+04	0.00	80	4109650	5.14e+04	1.00
4946	OSLA	RMHC	0	3	3	86	4884465	5.68e+04	0.00	86	4220166	4.91e+04	1.00
4947	OSLA	RMHC	0	2	2	87	4868877	5.60e+04	0.00	87	4244397	4.88e+04	1.00
4948	OSLA	RMHC	1	0	1	92	5177932	5.63e+04	1.00	91	4473155	4.92e+04	0.00
4949	OSLA	RMHC	1	0	1	97	5538594	5.71e+04	1.00	96	4774310	4.97e+04	0.00
4950	OSLA	RMHC	0	1	1	92	5186701	5.64e+04	0.00	92	4529881	4.92e+04	1.00
4951	OSLA	RMHC	0	1	1	96	5371566	5.60e+04	0.00	96	4750325	4.95e+04	1.00
4952	OSLA	RMHC	1	0	1	96	11510824	1.20e+05	1.00	95	4957562	5.22e+04	0.00
4953	OSLA	RMHC	5	0	5	79	4465983	5.65e+04	1.00	78	3898758	5.00e+04	0.00
4954	OSLA	RMHC	2	0	2	88	4993385	5.67e+04	1.00	87	4233298	4.87e+04	0.00
4955	OSLA	RMHC	0	3	3	81	4561406	5.63e+04	0.00	81	3926154	4.85e+04	1.00
4956	OSLA	RMHC	2	0	2	93	5245843	5.64e+04	1.00	92	4589588	4.99e+04	0.00
4957	OSLA	RMHC	0	2	2	94	5363753	5.71e+04	0.00	94	4703514	5.00e+04	1.00
4958	OSLA	RMHC	0	3	3	93	5299486	5.70e+04	0.00	93	4626711	4.97e+04	1.00
4959	OSLA	RMHC	1	0	1	87	4883699	5.61e+04	1.00	86	4238298	4.93e+04	0.00
4960	OSLA	RMHC	1	0	1	91	5057572	5.56e+04	1.00	90	4349072	4.83e+04	0.00
4961	OSLA	RMHC	4	0	4	90	5045157	5.61e+04	1.00	89	4318943	4.85e+04	0.00
4962	OSLA	RMHC	0	1	1	90	5126003	5.70e+04	0.00	90	4513658	5.02e+04	1.00
4963	OSLA	RMHC	0	2	2	98	5448255	5.56e+04	0.00	98	4731302	4.83e+04	1.00
4964	OSLA	RMHC	2	0	2	88	4935859	5.61e+04	1.00	87	4243742	4.88e+04	0.00
4965	OSLA	RMHC	0	6	6	83	4794839	5.78e+04	0.00	83	4160524	5.01e+04	1.00
4966	OSLA	RMHC	0	1	1	95	5431526	5.72e+04	0.00	95	4726403	4.98e+04	1.00
4967	OSLA	RMHC	0	1	1	96	5437886	5.66e+04	0.00	96	4720209	4.92e+04	1.00
4968	OSLA	RMHC	7	0	7	78	4399263	5.64e+04	1.00	77	3767823	4.89e+04	0.00
4969	OSLA	RMHC	0	1	1	97	5586745	5.76e+04	0.00	97	4888369	5.04e+04	1.00
4970	OSLA	RMHC	0	1	1	93	5297757	5.70e+04	0.00	93	4693333	5.05e+04	1.00
4971	OSLA	RMHC	3	0	3	81	4543048	5.61e+04	1.00	80	3882663	4.85e+04	0.00
4972	OSLA	RMHC	1	0	1	98	5588957	5.70e+04	1.00	97	4896564	5.05e+04	0.00
4973	OSLA	RMHC	0	2	2	88	4956112	5.63e+04	0.00	88	4328559	4.92e+04	1.00
4974	OSLA	RMHC	0	1	1	91	5155166	5.67e+04	0.00	91	4494367	4.94e+04	1.00
4975	OSLA	RMHC	1	0	1	99	5606683	5.66e+04	1.00	98	4845350	4.94e+04	0.00
4976	OSLA	RMHC	0	1	1	86	4781760	5.56e+04	0.00	86	4175246	4.85e+04	1.00
4977	OSLA	RMHC	0	1	1	94	5385850	5.73e+04	0.00	94	4742597	5.05e+04	1.00
4978	OSLA	RMHC	2	0	2	93	5231301	5.63e+04	1.00	92	4504043	4.90e+04	0.00
4979	OSLA	RMHC	0	1	1	97	5484323	5.65e+04	0.00	97	4758030	4.91e+04	1.00
4980	OSLA	RMHC	0	2	2	92	5195015	5.65e+04	0.00	92	4541288	4.94e+04	1.00
4981	OSLA	RMHC	0	1	1	84	4894464	5.83e+04	0.00	84	4294187	5.11e+04	1.00
4982	OSLA	RMHC	0	1	1	84	4783156	5.69e+04	0.00	84	4093540	4.87e+04	1.00
4983	OSLA	RMHC	0	2	2	89	5222231	5.87e+04	0.00	89	4778460	5.37e+04	1.00
4984	OSLA	RMHC	0	1	1	97	5516045	5.69e+04	0.00	97	4798151	4.95e+04	1.00
4985	OSLA	RMHC	3	0	3	89	5065533	5.69e+04	1.00	88	4354281	4.95e+04	0.00
4986	OSLA	RMHC	4	0	4	87	4898530	5.63e+04	1.00	86	4204055	4.89e+04	0.00
4987	OSLA	RMHC	0	4	4	79	4488909	5.68e+04	0.00	79	3980404	5.04e+04	1.00
4988	OSLA	RMHC	0	1	1	99	5577470	5.63e+04	0.00	99	4839547	4.89e+04	1.00
4989	OSLA	RMHC	2	0	2	88	4944090	5.62e+04	1.00	87	4345142	4.99e+04	0.00
4990	OSLA	RMHC	1	0	1	98	5678910	5.79e+04	1.00	97	4931720	5.08e+04	0.00
4991	OSLA	RMHC	1	0	1	96	5622801	5.86e+04	1.00	95	4825684	5.08e+04	0.00
4992	OSLA	RMHC	0	3	3	87	4989928	5.74e+04	0.00	87	4359569	5.01e+04	1.00
4993	OSLA	RMHC	0	2	2	91	5082852	5.59e+04	0.00	91	4412016	4.85e+04	1.00
4994	OSLA	RMHC	3	0	3	79	4410032	5.58e+04	1.00	78	3821512	4.90e+04	0.00
4995	OSLA	RMHC	0	2	2	91	5090827	5.59e+04	0.00	91	4414773	4.85e+04	1.00
4996	OSLA	RMHC	0	1	1	94	5230526	5.56e+04	0.00	94	4506197	4.79e+04	1.00
4997	OSLA	RMHC	1	0	1	94	5255089	5.59e+04	1.00	93	4530961	4.87e+04	0.00
4998	OSLA	RMHC	2	0	2	96	5426363	5.65e+04	1.00	95	4713412	4.96e+04	0.00
4999	OSLA	RMHC	4	0	4	90	5209294	5.79e+04	1.00	89	4506152	5.06e+04	0.00
5000	OSLA	RMHC	0	1	1	95	5338840	5.62e+04	0.00	95	4624616	4.87e+04	1.00
5001	OSLA	RMHC	1	0	1	97	5517509	5.69e+04	1.00	96	4781387	4.98e+04	0.00
5002	OSLA	MAST	0	1	1	97	5312120	5.48e+04	0.00	14058	481582499	3.43e+04	1.00
5003	OSLA	MAST	2	0	2	92	5288579	5.75e+04	1.00	7191	262389185	3.65e+04	0.00
5004	OSLA	MAST	0	1	1	91	5021012	5.52e+04	0.00	10172	351337999	3.45e+04	1.00
5005	OSLA	MAST	2	0	2	91	5161517	5.67e+04	1.00	7804	283199771	3.63e+04	0.00
5006	OSLA	MAST	0	1	1	98	5442425	5.55e+04	0.00	11947	402619216	3.37e+04	1.00
5007	OSLA	MAST	0	3	3	92	5201293	5.65e+04	0.00	7485	273070896	3.65e+04	1.00
5008	OSLA	MAST	0	5	5	79	4546151	5.75e+04	0.00	7691	276244339	3.59e+04	1.00
5009	OSLA	MAST	2	0	2	93	5150054	5.54e+04	1.00	7451	267137249	3.59e+04	0.00
5010	OSLA	MAST	1	0	1	94	5308894	5.65e+04	1.00	10064	341404512	3.39e+04	0.00
5011	OSLA	MAST	1	0	1	97	5421214	5.59e+04	1.00	13611	460836799	3.39e+04	0.00
5012	OSLA	MAST	1	0	1	96	5538166	5.77e+04	1.00	14304	478990312	3.35e+04	0.00
5013	OSLA	MAST	0	1	1	99	5713385	5.77e+04	0.00	14776	480733552	3.25e+04	1.00
5014	OSLA	MAST	0	2	2	97	5219601	5.38e+04	0.00	10194	348308048	3.42e+04	1.00
5015	OSLA	MAST	1	0	1	96	5408431	5.63e+04	1.00	9895	343586483	3.47e+04	0.00
5016	OSLA	MAST	0	2	2	80	4245207	5.31e+04	0.00	8873	346041898	3.90e+04	1.00
5017	OSLA	MAST	2	0	2	97	5376453	5.54e+04	1.00	10954	376412787	3.44e+04	0.00
5018	OSLA	MAST	1	0	1	98	5602601	5.72e+04	1.00	10935	371430555	3.40e+04	0.00
5019	OSLA	MAST	0	1	1	96	5277877	5.50e+04	0.00	11237	421627785	3.75e+04	1.00
5020	OSLA	MAST	0	3	3	82	4605424	5.62e+04	0.00	6586	237435398	3.61e+04	1.00
5021	OSLA	MAST	1	0	1	95	5311266	5.59e+04	1.00	8993	318970633	3.55e+04	0.00
5022	OSLA	MAST	0	1	1	97	5293816	5.46e+04	0.00	9913	339814519	3.43e+04	1.00
5023	OSLA	MAST	2	0	2	89	4954390	5.57e+04	1.00	7079	259895292	3.67e+04	0.00
5024	OSLA	MAST	3	0	3	80	4194122	5.24e+04	1.00	4448	167888508	3.77e+04	0.00
5025	OSLA	MAST	3	0	3	84	4485512	5.34e+04	1.00	6198	225344006	3.64e+04	0.00
5026	OSLA	MAST	0	3	3	93	5108163	5.49e+04	0.00	7515	270241776	3.60e+04	1.00
5027	OSLA	MAST	5	0	5	82	4468087	5.45e+04	1.00	4300	162206342	3.77e+04	0.00
5028	OSLA	MAST	0	3	3	84	4744108	5.65e+04	0.00	5608	254018548	4.53e+04	1.00
5029	OSLA	MAST	3	0	3	92	5434527	5.91e+04	1.00	6939	254155038	3.66e+04	0.00
5030	OSLA	MAST	2	0	2	94	5203281	5.54e+04	1.00	8603	304930966	3.54e+04	0.00
5031	OSLA	MAST	0	3	3	82	4532775	5.53e+04	0.00	5269	198730608	3.77e+04	1.00
5032	OSLA	MAST	1	0	1	88	4859256	5.52e+04	1.00	7479	264476066	3.54e+04	0.00
5033	OSLA	MAST	0	1	1	87	4696346	5.40e+04	0.00	8823	312656459	3.54e+04	1.00
5034	OSLA	MAST	2	0	2	87	4733069	5.44e+04	1.00	5666	208159529	3.67e+04	0.00
5035	OSLA	MAST	0	1	1	93	5216764	5.61e+04	0.00	9484	329863485	3.48e+04	1.00
5036	OSLA	MAST	0	1	1	99	5455412	5.51e+04	0.00	17090	551964688	3.23e+04	1.00
5037	OSLA	MAST	3	0	3	90	5000552	5.56e+04	1.00	6420	235428826	3.67e+04	0.00
5038	OSLA	MAST	2	0	2	89	5012623	5.63e+04	1.00	6001	220486641	3.67e+04	0.00
5039	OSLA	MAST	0	2	2	94	5238052	5.57e+04	0.00	8190	292391708	3.57e+04	1.00
5040	OSLA	MAST	4	0	4	84	4612423	5.49e+04	1.00	4660	175640543	3.77e+04	0.00
5041	OSLA	MAST	3	0	3	87	4708348	5.41e+04	1.00	5446	203989084	3.75e+04	0.00
5042	OSLA	MAST	2	0	2	95	5198166	5.47e+04	1.00	9024	317495233	3.52e+04	0.00
5043	OSLA	MAST	0	3	3	91	5176181	5.69e+04	0.00	6423	235787519	3.67e+04	1.00
5044	OSLA	MAST	2	0	2	87	4935291	5.67e+04	1.00	6503	236333471	3.63e+04	0.00
5045	OSLA	MAST	1	0	1	96	5326955	5.55e+04	1.00	9534	334080785	3.50e+04	0.00
5046	OSLA	MAST	0	1	1	98	5523414	5.64e+04	0.00	14636	478037176	3.27e+04	1.00
5047	OSLA	MAST	1	0	1	97	5555084	5.73e+04	1.00	10651	366973941	3.45e+04	0.00
5048	OSLA	MAST	0	2	2	94	5291764	5.63e+04	0.00	8139	290289589	3.57e+04	1.00
5049	OSLA	MAST	0	1	1	96	5339993	5.56e+04	0.00	15402	512087276	3.32e+04	1.00
5050	OSLA	MAST	0	1	1	91	4998272	5.49e+04	0.00	14575	495579268	3.40e+04	1.00
5051	OSLA	MAST	1	0	1	98	5529769	5.64e+04	1.00	14941	490141250	3.28e+04	0.00
5052	OSLA	MAST	0	1	1	96	5205956	5.42e+04	0.00	11192	386048669	3.45e+04	1.00
5053	OSLA	MAST	0	1	1	95	5320125	5.60e+04	0.00	14395	486679725	3.38e+04	1.00
5054	OSLA	MAST	0	2	2	93	5470999	5.88e+04	0.00	14279	490893986	3.44e+04	1.00
5055	OSLA	MAST	4	0	4	75	4054965	5.41e+04	1.00	3648	143268301	3.93e+04	0.00
5056	OSLA	MAST	0	4	4	83	4606063	5.55e+04	0.00	5091	185767315	3.65e+04	1.00
5057	OSLA	MAST	0	1	1	96	5385175	5.61e+04	0.00	10689	368846815	3.45e+04	1.00
5058	OSLA	MAST	1	0	1	94	5386972	5.73e+04	1.00	13170	447876289	3.40e+04	0.00
5059	OSLA	MAST	0	2	2	97	5110759	5.27e+04	0.00	10338	356217463	3.45e+04	1.00
5060	OSLA	MAST	1	0	1	96	5343059	5.57e+04	1.00	15229	503222185	3.30e+04	0.00
5061	OSLA	MAST	0	1	1	96	5555550	5.79e+04	0.00	13392	452330073	3.38e+04	1.00
5062	OSLA	MAST	0	1	1	82	4696426	5.73e+04	0.00	5805	212036479	3.65e+04	1.00
5063	OSLA	MAST	0	2	2	92	5322585	5.79e+04	0.00	7159	262182801	3.66e+04	1.00
5064	OSLA	MAST	0	1	1	97	5266944	5.43e+04	0.00	11981	397661629	3.32e+04	1.00
5065	OSLA	MAST	0	2	2	89	4887710	5.49e+04	0.00	6291	228907461	3.64e+04	1.00
5066	OSLA	MAST	0	4	4	92	4881056	5.31e+04	0.00	7314	300989302	4.12e+04	1.00
5067	OSLA	MAST	0	2	2	90	5005196	5.56e+04	0.00	8016	281559591	3.51e+04	1.00
5068	OSLA	MAST	0	2	2	85	4743414	5.58e+04	0.00	6190	229663698	3.71e+04	1.00
5069	OSLA	MAST	2	0	2	90	5076691	5.64e+04	1.00	6530	237157632	3.63e+04	0.00
5070	OSLA	MAST	1	0	1	96	5468798	5.70e+04	1.00	9675	355644121	3.68e+04	0.00
5071	OSLA	MAST	0	1	1	89	5056236	5.68e+04	0.00	12449	434507140	3.49e+04	1.00
5072	OSLA	MAST	2	0	2	84	4645585	5.53e+04	1.00	5064	189846850	3.75e+04	0.00
5073	OSLA	MAST	2	0	2	89	5026212	5.65e+04	1.00	5485	202699418	3.70e+04	0.00
5074	OSLA	MAST	1	0	1	98	5373795	5.48e+04	1.00	16376	524564207	3.20e+04	0.00
5075	OSLA	MAST	2	0	2	93	5071153	5.45e+04	1.00	6632	240394368	3.62e+04	0.00
5076	OSLA	MAST	2	0	2	92	5005015	5.44e+04	1.00	6304	227726732	3.61e+04	0.00
5077	OSLA	MAST	0	1	1	94	5195852	5.53e+04	0.00	10687	367893779	3.44e+04	1.00
5078	OSLA	MAST	0	1	1	95	5153557	5.42e+04	0.00	9509	376222565	3.96e+04	1.00
5079	OSLA	MAST	1	0	1	98	5403789	5.51e+04	1.00	10396	353431081	3.40e+04	0.00
5080	OSLA	MAST	0	1	1	96	5350488	5.57e+04	0.00	10104	338679069	3.35e+04	1.00
5081	OSLA	MAST	2	0	2	95	5253477	5.53e+04	1.00	7871	285506308	3.63e+04	0.00
5082	OSLA	MAST	1	0	1	89	4750639	5.34e+04	1.00	7565	280238184	3.70e+04	0.00
5083	OSLA	MAST	4	0	4	87	4885065	5.62e+04	1.00	5199	193585721	3.72e+04	0.00
5084	OSLA	MAST	1	0	1	89	5034166	5.66e+04	1.00	6806	243689812	3.58e+04	0.00
5085	OSLA	MAST	2	0	2	94	5198242	5.53e+04	1.00	8107	291441923	3.59e+04	0.00
5086	OSLA	MAST	0	2	2	92	5033702	5.47e+04	0.00	8134	281706421	3.46e+04	1.00
5087	OSLA	MAST	0	5	5	80	4635180	5.79e+04	0.00	4990	187376639	3.76e+04	1.00
5088	OSLA	MAST	1	0	1	99	5681264	5.74e+04	1.00	15219	497088699	3.27e+04	0.00
5089	OSLA	MAST	3	0	3	79	4383075	5.55e+04	1.00	4414	167825228	3.80e+04	0.00
5090	OSLA	MAST	0	2	2	92	5172000	5.62e+04	0.00	6834	249018785	3.64e+04	1.00
5091	OSLA	MAST	1	0	1	96	5303896	5.52e+04	1.00	12075	421676646	3.49e+04	0.00
5092	OSLA	MAST	1	0	1	100	5535638	5.54e+04	1.00	13284	439745874	3.31e+04	0.00
5093	OSLA	MAST	0	1	1	93	5242780	5.64e+04	0.00	9824	342966058	3.49e+04	1.00
5094	OSLA	MAST	0	3	3	78	4295537	5.51e+04	0.00	8297	294525501	3.55e+04	1.00
5095	OSLA	MAST	2	0	2	98	5364244	5.47e+04	1.00	9271	326253764	3.52e+04	0.00
5096	OSLA	MAST	0	3	3	93	4988499	5.36e+04	0.00	9144	320195652	3.50e+04	1.00
5097	OSLA	MAST	2	0	2	98	5438471	5.55e+04	1.00	13087	447091187	3.42e+04	0.00
5098	OSLA	MAST	2	0	2	92	4993014	5.43e+04	1.00	6364	228870673	3.60e+04	0.00
5099	OSLA	MAST	3	0	3	83	4743605	5.72e+04	1.00	5052	188604976	3.73e+04	0.00
5100	OSLA	MAST	0	1	1	90	5000235	5.56e+04	0.00	8608	296905551	3.45e+04	1.00
5101	OSLA	MAST	0	1	1	96	5431019	5.66e+04	0.00	10317	357607384	3.47e+04	1.00
5102	OSLA	MAST	1	0	1	98	5519300	5.63e+04	1.00	12832	422158203	3.29e+04	0.00
5103	OSLA	MAST	1	0	1	96	5206236	5.42e+04	1.00	11859	401978172	3.39e+04	0.00
5104	OSLA	MAST	0	1	1	98	5798685	5.92e+04	0.00	13160	434999970	3.31e+04	1.00
5105	OSLA	MAST	1	0	1	100	5436677	5.44e+04	1.00	12453	436420420	3.50e+04	0.00
5106	OSLA	MAST	5	0	5	81	4519620	5.58e+04	1.00	4226	160195884	3.79e+04	0.00
5107	OSLA	MAST	0	2	2	79	4358121	5.52e+04	0.00	5483	203555123	3.71e+04	1.00
5108	OSLA	MAST	0	2	2	91	5241891	5.76e+04	0.00	9356	327496938	3.50e+04	1.00
5109	OSLA	MAST	1	0	1	91	5068066	5.57e+04	1.00	9020	335052017	3.71e+04	0.00
5110	OSLA	MAST	3	0	3	92	5245970	5.70e+04	1.00	7211	258319573	3.58e+04	0.00
5111	OSLA	MAST	0	1	1	96	5367577	5.59e+04	0.00	9593	335462792	3.50e+04	1.00
5112	OSLA	MAST	1	0	1	96	5326903	5.55e+04	1.00	10157	346155683	3.41e+04	0.00
5113	OSLA	MAST	0	2	2	89	4828128	5.42e+04	0.00	10338	374980937	3.63e+04	1.00
5114	OSLA	MAST	2	0	2	84	4690873	5.58e+04	1.00	5247	193243590	3.68e+04	0.00
5115	OSLA	MAST	3	0	3	90	5004275	5.56e+04	1.00	6324	231629411	3.66e+04	0.00
5116	OSLA	MAST	0	1	1	95	5281061	5.56e+04	0.00	9288	317720536	3.42e+04	1.00
5117	OSLA	MAST	5	0	5	86	4897000	5.69e+04	1.00	5139	192779926	3.75e+04	0.00
5118	OSLA	MAST	0	3	3	82	4455209	5.43e+04	0.00	5773	212599439	3.68e+04	1.00
5119	OSLA	MAST	0	1	1	94	5273404	5.61e+04	0.00	9069	318563127	3.51e+04	1.00
5120	OSLA	MAST	0	1	1	92	5270607	5.73e+04	0.00	10041	347533943	3.46e+04	1.00
5121	OSLA	MAST	0	2	2	95	5307270	5.59e+04	0.00	8961	315827836	3.52e+04	1.00
5122	OSLA	MAST	0	1	1	96	5154520	5.37e+04	0.00	9479	324377614	3.42e+04	1.00
5123	OSLA	MAST	3	0	3	96	5116429	5.33e+04	1.00	8515	299694162	3.52e+04	0.00
5124	OSLA	MAST	4	0	4	80	4367862	5.46e+04	1.00	4236	162357169	3.83e+04	0.00
5125	OSLA	MAST	1	0	1	91	5071651	5.57e+04	1.00	10556	367546714	3.48e+04	0.00
5126	OSLA	MAST	0	1	1	95	5388708	5.67e+04	0.00	14948	493674728	3.30e+04	1.00
5127	OSLA	MAST	0	3	3	86	4947753	5.75e+04	0.00	7335	267525910	3.65e+04	1.00
5128	OSLA	MAST	2	0	2	98	5380043	5.49e+04	1.00	10183	349193095	3.43e+04	0.00
5129	OSLA	MAST	2	0	2	96	5052710	5.26e+04	1.00	8451	301542929	3.57e+04	0.00
5130	OSLA	MAST	0	2	2	97	5448841	5.62e+04	0.00	9777	341845590	3.50e+04	1.00
5131	OSLA	MAST	1	0	1	100	5648764	5.65e+04	1.00	21907	711116947	3.25e+04	0.00
5132	OSLA	MAST	5	0	5	82	4317347	5.27e+04	1.00	4585	170514885	3.72e+04	0.00
5133	OSLA	MAST	0	1	1	98	5612943	5.73e+04	0.00	12786	433330152	3.39e+04	1.00
5134	OSLA	MAST	0	1	1	95	5051697	5.32e+04	0.00	9402	322413400	3.43e+04	1.00
5135	OSLA	MAST	2	0	2	93	5057330	5.44e+04	1.00	8232	294484099	3.58e+04	0.00
5136	OSLA	MAST	3	0	3	89	4823675	5.42e+04	1.00	7292	267562269	3.67e+04	0.00
5137	OSLA	MAST	0	2	2	84	4548240	5.41e+04	0.00	5792	215633160	3.72e+04	1.00
5138	OSLA	MAST	0	2	2	91	5108574	5.61e+04	0.00	9717	338532150	3.48e+04	1.00
5139	OSLA	MAST	5	0	5	83	4728706	5.70e+04	1.00	4621	175035482	3.79e+04	0.00
5140	OSLA	MAST	0	3	3	88	4843243	5.50e+04	0.00	6992	251671591	3.60e+04	1.00
5141	OSLA	MAST	2	0	2	90	5002815	5.56e+04	1.00	7303	264617373	3.62e+04	0.00
5142	OSLA	MAST	0	2	2	95	5221610	5.50e+04	0.00	10070	347061084	3.45e+04	1.00
5143	OSLA	MAST	0	1	1	93	5142437	5.53e+04	0.00	8685	305068742	3.51e+04	1.00
5144	OSLA	MAST	0	1	1	93	4962988	5.34e+04	0.00	7313	287014738	3.92e+04	1.00
5145	OSLA	MAST	2	0	2	96	5325639	5.55e+04	1.00	8005	283657110	3.54e+04	0.00
5146	OSLA	MAST	1	0	1	97	5448894	5.62e+04	1.00	11662	398265663	3.42e+04	0.00
5147	OSLA	MAST	2	0	2	94	5189008	5.52e+04	1.00	9661	341606199	3.54e+04	0.00
5148	OSLA	MAST	3	0	3	87	4798314	5.52e+04	1.00	5429	230622324	4.25e+04	0.00
5149	OSLA	MAST	3	0	3	85	4617655	5.43e+04	1.00	5239	193758499	3.70e+04	0.00
5150	OSLA	MAST	3	0	3	95	5303695	5.58e+04	1.00	8506	301923752	3.55e+04	0.00
5151	OSLA	MAST	0	1	1	99	5436864	5.49e+04	0.00	13564	444449843	3.28e+04	1.00
5152	OSLA	MAST	0	1	1	96	5143063	5.36e+04	0.00	14259	471804085	3.31e+04	1.00
5153	OSLA	MAST	0	2	2	98	5361899	5.47e+04	0.00	9846	337643159	3.43e+04	1.00
5154	OSLA	MAST	1	0	1	90	5230853	5.81e+04	1.00	14285	495290215	3.47e+04	0.00
5155	OSLA	MAST	0	1	1	99	5382660	5.44e+04	0.00	14504	468750356	3.23e+04	1.00
5156	OSLA	MAST	1	0	1	95	5533384	5.82e+04	1.00	13029	444526549	3.41e+04	0.00
5157	OSLA	MAST	1	0	1	86	4833081	5.62e+04	1.00	9952	353386403	3.55e+04	0.00
5158	OSLA	MAST	0	1	1	91	5047986	5.55e+04	0.00	8023	277591169	3.46e+04	1.00
5159	OSLA	MAST	1	0	1	100	5361329	5.36e+04	1.00	15306	500718311	3.27e+04	0.00
5160	OSLA	MAST	1	0	1	97	5471381	5.64e+04	1.00	11605	391810390	3.38e+04	0.00
5161	OSLA	MAST	1	0	1	98	5374903	5.48e+04	1.00	14417	481365423	3.34e+04	0.00
5162	OSLA	MAST	0	1	1	82	4356153	5.31e+04	0.00	8403	298193295	3.55e+04	1.00
5163	OSLA	MAST	0	1	1	95	5477827	5.77e+04	0.00	11551	395278231	3.42e+04	1.00
5164	OSLA	MAST	0	1	1	92	4973276	5.41e+04	0.00	8463	292687733	3.46e+04	1.00
5165	OSLA	MAST	5	0	5	72	3913308	5.44e+04	1.00	3885	148908264	3.83e+04	0.00
5166	OSLA	MAST	0	1	1	96	5155912	5.37e+04	0.00	11762	400080610	3.40e+04	1.00
5167	OSLA	MAST	2	0	2	94	5387442	5.73e+04	1.00	7434	267232623	3.59e+04	0.00
5168	OSLA	MAST	2	0	2	97	5354042	5.52e+04	1.00	9369	324951876	3.47e+04	0.00
5169	OSLA	MAST	1	0	1	87	4750659	5.46e+04	1.00	7453	266602503	3.58e+04	0.00
5170	OSLA	MAST	0	1	1	98	5295451	5.40e+04	0.00	14347	476729125	3.32e+04	1.00
5171	OSLA	MAST	0	1	1	97	5687194	5.86e+04	0.00	10541	361975808	3.43e+04	1.00
5172	OSLA	MAST	4	0	4	83	4506912	5.43e+04	1.00	4492	167968398	3.74e+04	0.00
5173	OSLA	MAST	2	0	2	89	4882729	5.49e+04	1.00	7093	257096180	3.62e+04	0.00
5174	OSLA	MAST	1	0	1	98	5157474	5.26e+04	1.00	10938	366477790	3.35e+04	0.00
5175	OSLA	MAST	1	0	1	96	5286039	5.51e+04	1.00	11504	397625056	3.46e+04	0.00
5176	OSLA	MAST	0	1	1	92	4973731	5.41e+04	0.00	9645	330238937	3.42e+04	1.00
5177	OSLA	MAST	1	0	1	96	5457104	5.68e+04	1.00	8579	304064386	3.54e+04	0.00
5178	OSLA	MAST	0	2	2	92	5091783	5.53e+04	0.00	10559	369556710	3.50e+04	1.00
5179	OSLA	MAST	1	0	1	92	5286966	5.75e+04	1.00	6527	237665043	3.64e+04	0.00
5180	OSLA	MAST	1	0	1	96	5338885	5.56e+04	1.00	9610	327577567	3.41e+04	0.00
5181	OSLA	MAST	2	0	2	91	4936702	5.42e+04	1.00	7074	264619065	3.74e+04	0.00
5182	OSLA	MAST	1	0	1	100	5461503	5.46e+04	1.00	12113	401666443	3.32e+04	0.00
5183	OSLA	MAST	1	0	1	99	5476132	5.53e+04	1.00	11997	400086503	3.33e+04	0.00
5184	OSLA	MAST	4	0	4	83	4717799	5.68e+04	1.00	4595	172660762	3.76e+04	0.00
5185	OSLA	MAST	1	0	1	99	5310508	5.36e+04	1.00	12545	417728548	3.33e+04	0.00
5186	OSLA	MAST	0	1	1	98	5452006	5.56e+04	0.00	12785	416865824	3.26e+04	1.00
5187	OSLA	MAST	4	0	4	83	4615403	5.56e+04	1.00	5217	197371239	3.78e+04	0.00
5188	OSLA	MAST	2	0	2	95	5248208	5.52e+04	1.00	9823	339762950	3.46e+04	0.00
5189	OSLA	MAST	1	0	1	93	4944917	5.32e+04	1.00	8119	289050266	3.56e+04	0.00
5190	OSLA	MAST	0	5	5	84	4547766	5.41e+04	0.00	5761	211975913	3.68e+04	1.00
5191	OSLA	MAST	1	0	1	93	5450707	5.86e+04	1.00	7963	287486498	3.61e+04	0.00
5192	OSLA	MAST	2	0	2	89	4971285	5.59e+04	1.00	9224	327554531	3.55e+04	0.00
5193	OSLA	MAST	0	2	2	96	5285996	5.51e+04	0.00	10266	352843553	3.44e+04	1.00
5194	OSLA	MAST	0	1	1	92	5204568	5.66e+04	0.00	9049	321980269	3.56e+04	1.00
5195	OSLA	MAST	1	0	1	97	5337721	5.50e+04	1.00	12588	422731036	3.36e+04	0.00
5196	OSLA	MAST	1	0	1	97	5244362	5.41e+04	1.00	14525	540960381	3.72e+04	0.00
5197	OSLA	MAST	1	0	1	92	5400524	5.87e+04	1.00	10531	365673879	3.47e+04	0.00
5198	OSLA	MAST	0	5	5	88	4734457	5.38e+04	0.00	8658	304546425	3.52e+04	1.00
5199	OSLA	MAST	0	1	1	98	5687156	5.80e+04	0.00	20552	686654569	3.34e+04	1.00
5200	OSLA	MAST	0	1	1	96	5307316	5.53e+04	0.00	11813	394921759	3.34e+04	1.00
5201	OSLA	MAST	0	1	1	92	5233201	5.69e+04	0.00	11861	402959912	3.40e+04	1.00
5202	OSLA	MAST	0	1	1	95	5517950	5.81e+04	0.00	13012	424451805	3.26e+04	1.00
5203	OSLA	MAST	2	0	2	86	4829872	5.62e+04	1.00	5718	211720105	3.70e+04	0.00
5204	OSLA	MAST	2	0	2	94	5368356	5.71e+04	1.00	7622	271945821	3.57e+04	0.00
5205	OSLA	MAST	3	0	3	92	5252683	5.71e+04	1.00	6759	245509621	3.63e+04	0.00
5206	OSLA	MAST	0	1	1	96	5327275	5.55e+04	0.00	11940	400615762	3.36e+04	1.00
5207	OSLA	MAST	1	0	1	95	5189774	5.46e+04	1.00	12673	430009337	3.39e+04	0.00
5208	OSLA	MAST	6	0	6	62	3405692	5.49e+04	1.00	2726	107156930	3.93e+04	0.00
5209	OSLA	MAST	2	0	2	92	5045055	5.48e+04	1.00	6537	237770146	3.64e+04	0.00
5210	OSLA	MAST	0	1	1	94	5158451	5.49e+04	0.00	10216	356141971	3.49e+04	1.00
5211	OSLA	MAST	2	0	2	77	4311615	5.60e+04	1.00	4277	164010134	3.83e+04	0.00
5212	OSLA	MAST	0	2	2	92	5132529	5.58e+04	0.00	9320	324088485	3.48e+04	1.00
5213	OSLA	MAST	4	0	4	75	4141467	5.52e+04	1.00	3773	145092220	3.85e+04	0.00
5214	OSLA	MAST	2	0	2	95	5231828	5.51e+04	1.00	8603	301767191	3.51e+04	0.00
5215	OSLA	MAST	1	0	1	76	4335957	5.71e+04	1.00	8767	332527665	3.79e+04	0.00
5216	OSLA	MAST	1	0	1	95	5203378	5.48e+04	1.00	9332	327633361	3.51e+04	0.00
5217	OSLA	MAST	1	0	1	97	5454614	5.62e+04	1.00	12200	421611199	3.46e+04	0.00
5218	OSLA	MAST	1	0	1	98	5490337	5.60e+04	1.00	17346	567205081	3.27e+04	0.00
5219	OSLA	MAST	1	0	1	91	5083050	5.59e+04	1.00	9385	328527806	3.50e+04	0.00
5220	OSLA	MAST	2	0	2	95	5246257	5.52e+04	1.00	7395	266075155	3.60e+04	0.00
5221	OSLA	MAST	0	1	1	97	5443686	5.61e+04	0.00	15492	513753311	3.32e+04	1.00
5222	OSLA	MAST	0	1	1	97	5445140	5.61e+04	0.00	9935	345045438	3.47e+04	1.00
5223	OSLA	MAST	0	1	1	93	5207469	5.60e+04	0.00	10105	351040706	3.47e+04	1.00
5224	OSLA	MAST	4	0	4	83	4674263	5.63e+04	1.00	5543	203580501	3.67e+04	0.00
5225	OSLA	MAST	2	0	2	95	5377825	5.66e+04	1.00	7872	282934641	3.59e+04	0.00
5226	OSLA	MAST	2	0	2	94	5025178	5.35e+04	1.00	7112	251973177	3.54e+04	0.00
5227	OSLA	MAST	0	1	1	88	5034808	5.72e+04	0.00	6944	253095380	3.64e+04	1.00
5228	OSLA	MAST	2	0	2	87	4893714	5.62e+04	1.00	6417	233354910	3.64e+04	0.00
5229	OSLA	MAST	0	1	1	99	5546005	5.60e+04	0.00	14327	480848034	3.36e+04	1.00
5230	OSLA	MAST	1	0	1	98	5083924	5.19e+04	1.00	11842	397697504	3.36e+04	0.00
5231	OSLA	MAST	0	2	2	94	5382166	5.73e+04	0.00	11020	385716566	3.50e+04	1.00
5232	OSLA	MAST	2	0	2	95	5303199	5.58e+04	1.00	8666	303904662	3.51e+04	0.00
5233	OSLA	MAST	1	0	1	98	5334193	5.44e+04	1.00	15217	500368737	3.29e+04	0.00
5234	OSLA	MAST	0	1	1	97	5346007	5.51e+04	0.00	15301	492575607	3.22e+04	1.00
5235	OSLA	MAST	1	0	1	99	5514795	5.57e+04	1.00	15226	497170913	3.27e+04	0.00
5236	OSLA	MAST	1	0	1	95	5309410	5.59e+04	1.00	11687	392621580	3.36e+04	0.00
5237	OSLA	MAST	4	0	4	86	4697810	5.46e+04	1.00	5551	208669398	3.76e+04	0.00
5238	OSLA	MAST	1	0	1	89	4735916	5.32e+04	1.00	6641	237235389	3.57e+04	0.00
5239	OSLA	MAST	0	1	1	98	5348264	5.46e+04	0.00	14823	488267923	3.29e+04	1.00
5240	OSLA	MAST	1	0	1	93	5168049	5.56e+04	1.00	8553	295796008	3.46e+04	0.00
5241	OSLA	MAST	2	0	2	92	5371713	5.84e+04	1.00	7903	286892801	3.63e+04	0.00
5242	OSLA	MAST	1	0	1	94	5313603	5.65e+04	1.00	12779	434217612	3.40e+04	0.00
5243	OSLA	MAST	1	0	1	100	5684568	5.68e+04	1.00	19358	622512586	3.22e+04	0.00
5244	OSLA	MAST	0	1	1	98	5450799	5.56e+04	0.00	13546	448644186	3.31e+04	1.00
5245	OSLA	MAST	0	1	1	94	5367474	5.71e+04	0.00	10831	372763530	3.44e+04	1.00
5246	OSLA	MAST	0	1	1	88	5014330	5.70e+04	0.00	8646	303785909	3.51e+04	1.00
5247	OSLA	MAST	0	2	2	83	5179367	6.24e+04	0.00	9919	382005148	3.85e+04	1.00
5248	OSLA	MAST	0	2	2	91	5158494	5.67e+04	0.00	7873	277751975	3.53e+04	1.00
5249	OSLA	MAST	0	1	1	98	5331705	5.44e+04	0.00	12718	426490530	3.35e+04	1.00
5250	OSLA	MAST	2	0	2	99	5494541	5.55e+04	1.00	11004	368557912	3.35e+04	0.00
5251	OSLA	MAST	1	0	1	88	4845191	5.51e+04	1.00	6884	251353881	3.65e+04	0.00
5252	OSLA	MAST	2	0	2	96	5454658	5.68e+04	1.00	8853	307810359	3.48e+04	0.00
5253	OSLA	MAST	0	2	2	94	5223357	5.56e+04	0.00	11200	390411622	3.49e+04	1.00
5254	OSLA	MAST	0	2	2	93	5300594	5.70e+04	0.00	9080	320542395	3.53e+04	1.00
5255	OSLA	MAST	3	0	3	84	4722158	5.62e+04	1.00	5416	204250570	3.77e+04	0.00
5256	OSLA	MAST	1	0	1	95	5182006	5.45e+04	1.00	10797	367080241	3.40e+04	0.00
5257	OSLA	MAST	2	0	2	97	5392368	5.56e+04	1.00	9428	330848522	3.51e+04	0.00
5258	OSLA	MAST	1	0	1	85	4803607	5.65e+04	1.00	7289	261926860	3.59e+04	0.00
5259	OSLA	MAST	1	0	1	99	5463725	5.52e+04	1.00	11959	408670679	3.42e+04	0.00
5260	OSLA	MAST	0	1	1	96	5178684	5.39e+04	0.00	12468	419428395	3.36e+04	1.00
5261	OSLA	MAST	0	1	1	98	5470274	5.58e+04	0.00	12771	432506760	3.39e+04	1.00
5262	OSLA	MAST	1	0	1	97	5356210	5.52e+04	1.00	13164	432796778	3.29e+04	0.00
5263	OSLA	MAST	1	0	1	92	5254806	5.71e+04	1.00	10860	379491077	3.49e+04	0.00
5264	OSLA	MAST	0	2	2	95	5260307	5.54e+04	0.00	7687	270019626	3.51e+04	1.00
5265	OSLA	MAST	1	0	1	90	5081025	5.65e+04	1.00	7509	268803615	3.58e+04	0.00
5266	OSLA	MAST	1	0	1	93	5221734	5.61e+04	1.00	7961	294006410	3.69e+04	0.00
5267	OSLA	MAST	0	2	2	91	4962887	5.45e+04	0.00	9337	328710665	3.52e+04	1.00
5268	OSLA	MAST	0	1	1	97	5509902	5.68e+04	0.00	11248	379505906	3.37e+04	1.00
5269	OSLA	MAST	1	0	1	97	5443372	5.61e+04	1.00	9943	449627794	4.52e+04	0.00
5270	OSLA	MAST	1	0	1	91	4953917	5.44e+04	1.00	7931	282342840	3.56e+04	0.00
5271	OSLA	MAST	2	0	2	90	5022579	5.58e+04	1.00	8650	311206224	3.60e+04	0.00
5272	OSLA	MAST	2	0	2	94	5097724	5.42e+04	1.00	8155	290164987	3.56e+04	0.00
5273	OSLA	MAST	1	0	1	99	5314139	5.37e+04	1.00	12917	432748769	3.35e+04	0.00
5274	OSLA	MAST	1	0	1	97	5540502	5.71e+04	1.00	9329	323553945	3.47e+04	0.00
5275	OSLA	MAST	4	0	4	87	4771122	5.48e+04	1.00	5383	201966440	3.75e+04	0.00
5276	OSLA	MAST	2	0	2	88	4782906	5.44e+04	1.00	5820	217348583	3.73e+04	0.00
5277	OSLA	MAST	2	0	2	90	5124891	5.69e+04	1.00	6596	255623842	3.88e+04	0.00
5278	OSLA	MAST	3	0	3	83	4510855	5.43e+04	1.00	4778	177876202	3.72e+04	0.00
5279	OSLA	MAST	0	1	1	94	5353144	5.69e+04	0.00	10292	360956784	3.51e+04	1.00
5280	OSLA	MAST	3	0	3	86	4932387	5.74e+04	1.00	5484	205655249	3.75e+04	0.00
5281	OSLA	MAST	2	0	2	94	5282038	5.62e+04	1.00	7606	273852293	3.60e+04	0.00
5282	OSLA	MAST	2	0	2	95	5035998	5.30e+04	1.00	8139	289415771	3.56e+04	0.00
5283	OSLA	MAST	2	0	2	98	5372600	5.48e+04	1.00	10173	352836179	3.47e+04	0.00
5284	OSLA	MAST	3	0	3	94	5149891	5.48e+04	1.00	8708	305490388	3.51e+04	0.00
5285	OSLA	MAST	1	0	1	88	4860515	5.52e+04	1.00	6402	232286960	3.63e+04	0.00
5286	OSLA	MAST	0	1	1	98	5473756	5.59e+04	0.00	13523	445497506	3.29e+04	1.00
5287	OSLA	MAST	2	0	2	89	4954176	5.57e+04	1.00	7418	267774340	3.61e+04	0.00
5288	OSLA	MAST	0	1	1	90	4986621	5.54e+04	0.00	7611	275790794	3.62e+04	1.00
5289	OSLA	MAST	3	0	3	91	5036996	5.54e+04	1.00	6801	245642463	3.61e+04	0.00
5290	OSLA	MAST	0	1	1	96	5435342	5.66e+04	0.00	14404	485858748	3.37e+04	1.00
5291	OSLA	MAST	1	0	1	95	5492768	5.78e+04	1.00	8659	306625529	3.54e+04	0.00
5292	OSLA	MAST	0	1	1	91	5042950	5.54e+04	0.00	8834	305409248	3.46e+04	1.00
5293	OSLA	MAST	0	3	3	78	4434860	5.69e+04	0.00	8505	304350696	3.58e+04	1.00
5294	OSLA	MAST	4	0	4	88	4800505	5.46e+04	1.00	5810	212053071	3.65e+04	0.00
5295	OSLA	MAST	0	3	3	79	4332536	5.48e+04	0.00	5034	189090659	3.76e+04	1.00
5296	OSLA	MAST	2	0	2	81	4373889	5.40e+04	1.00	4971	186616594	3.75e+04	0.00
5297	OSLA	MAST	0	2	2	85	4632208	5.45e+04	0.00	7135	257319339	3.61e+04	1.00
5298	OSLA	MAST	0	1	1	97	5240960	5.40e+04	0.00	12130	407646654	3.36e+04	1.00
5299	OSLA	MAST	1	0	1	95	5157370	5.43e+04	1.00	7999	283535087	3.54e+04	0.00
5300	OSLA	MAST	0	1	1	86	4927909	5.73e+04	0.00	9966	345963629	3.47e+04	1.00
5301	OSLA	MAST	0	1	1	99	5401275	5.46e+04	0.00	14678	500241420	3.41e+04	1.00
5302	OSLA	MAST	0	3	3	92	5090512	5.53e+04	0.00	10590	371059365	3.50e+04	1.00
5303	OSLA	MAST	1	0	1	99	5598093	5.65e+04	1.00	14008	468657863	3.35e+04	0.00
5304	OSLA	MAST	3	0	3	83	4611120	5.56e+04	1.00	4838	181529133	3.75e+04	0.00
5305	OSLA	MAST	2	0	2	86	4472630	5.20e+04	1.00	7568	273638352	3.62e+04	0.00
5306	OSLA	MAST	0	1	1	90	4873494	5.41e+04	0.00	9833	341363081	3.47e+04	1.00
5307	OSLA	MAST	0	1	1	91	5220464	5.74e+04	0.00	12614	430185974	3.41e+04	1.00
5308	OSLA	MAST	0	1	1	84	4909745	5.84e+04	0.00	8953	312925835	3.50e+04	1.00
5309	OSLA	MAST	1	0	1	75	4205296	5.61e+04	1.00	5497	204944505	3.73e+04	0.00
5310	OSLA	MAST	1	0	1	96	5283589	5.50e+04	1.00	11489	386771077	3.37e+04	0.00
5311	OSLA	MAST	1	0	1	98	5416041	5.53e+04	1.00	13630	458347337	3.36e+04	0.00
5312	OSLA	MAST	1	0	1	92	5018921	5.46e+04	1.00	12687	453151009	3.57e+04	0.00
5313	OSLA	MAST	0	2	2	86	4754257	5.53e+04	0.00	6959	252425391	3.63e+04	1.00
5314	OSLA	MAST	0	1	1	93	5053881	5.43e+04	0.00	10028	342882641	3.42e+04	1.00
5315	OSLA	MAST	2	0	2	98	5712489	5.83e+04	1.00	11674	397699708	3.41e+04	0.00
5316	OSLA	MAST	1	0	1	97	5166653	5.33e+04	1.00	16850	570550675	3.39e+04	0.00
5317	OSLA	MAST	0	2	2	91	5091668	5.60e+04	0.00	7977	285428665	3.58e+04	1.00
5318	OSLA	MAST	2	0	2	92	5280707	5.74e+04	1.00	8854	313933923	3.55e+04	0.00
5319	OSLA	MAST	0	1	1	92	4986417	5.42e+04	0.00	9985	349175831	3.50e+04	1.00
5320	OSLA	MAST	1	0	1	94	5260651	5.60e+04	1.00	8527	299400311	3.51e+04	0.00
5321	OSLA	MAST	2	0	2	93	5238919	5.63e+04	1.00	8405	301179838	3.58e+04	0.00
5322	OSLA	MAST	0	1	1	99	5742195	5.80e+04	0.00	15785	510647030	3.24e+04	1.00
5323	OSLA	MAST	1	0	1	91	4966994	5.46e+04	1.00	8732	311876223	3.57e+04	0.00
5324	OSLA	MAST	0	1	1	96	5285715	5.51e+04	0.00	14959	492366877	3.29e+04	1.00
5325	OSLA	MAST	1	0	1	96	5472196	5.70e+04	1.00	11406	389106013	3.41e+04	0.00
5326	OSLA	MAST	3	0	3	86	4683297	5.45e+04	1.00	5847	217026134	3.71e+04	0.00
5327	OSLA	MAST	1	0	1	97	5379686	5.55e+04	1.00	12251	410445258	3.35e+04	0.00
5328	OSLA	MAST	3	0	3	83	4607631	5.55e+04	1.00	5526	204213608	3.70e+04	0.00
5329	OSLA	MAST	0	1	1	96	5382612	5.61e+04	0.00	11361	387822461	3.41e+04	1.00
5330	OSLA	MAST	2	0	2	86	4696874	5.46e+04	1.00	5202	191149912	3.67e+04	0.00
5331	OSLA	MAST	2	0	2	96	5185331	5.40e+04	1.00	7890	281188649	3.56e+04	0.00
5332	OSLA	MAST	0	2	2	87	4775517	5.49e+04	0.00	6264	226285832	3.61e+04	1.00
5333	OSLA	MAST	2	0	2	85	4700485	5.53e+04	1.00	6718	245801392	3.66e+04	0.00
5334	OSLA	MAST	3	0	3	87	4945744	5.68e+04	1.00	5410	201593480	3.73e+04	0.00
5335	OSLA	MAST	0	3	3	95	5336724	5.62e+04	0.00	10377	366522691	3.53e+04	1.00
5336	OSLA	MAST	5	0	5	80	4562372	5.70e+04	1.00	3847	146923243	3.82e+04	0.00
5337	OSLA	MAST	2	0	2	92	5341531	5.81e+04	1.00	7917	287773710	3.63e+04	0.00
5338	OSLA	MAST	0	1	1	93	5177203	5.57e+04	0.00	8901	313123123	3.52e+04	1.00
5339	OSLA	MAST	1	0	1	94	5050446	5.37e+04	1.00	7620	270303567	3.55e+04	0.00
5340	OSLA	MAST	4	0	4	81	4522686	5.58e+04	1.00	4808	181410399	3.77e+04	0.00
5341	OSLA	MAST	2	0	2	88	4855880	5.52e+04	1.00	6080	222487790	3.66e+04	0.00
5342	OSLA	MAST	0	2	2	87	4897460	5.63e+04	0.00	5818	212666787	3.66e+04	1.00
5343	OSLA	MAST	1	0	1	88	4796619	5.45e+04	1.00	8483	342806763	4.04e+04	0.00
5344	OSLA	MAST	2	0	2	93	5290262	5.69e+04	1.00	7191	257761460	3.58e+04	0.00
5345	OSLA	MAST	0	4	4	88	4861353	5.52e+04	0.00	8516	304915207	3.58e+04	1.00
5346	OSLA	MAST	5	0	5	77	4414463	5.73e+04	1.00	3892	150231694	3.86e+04	0.00
5347	OSLA	MAST	0	1	1	85	4711619	5.54e+04	0.00	7939	281306008	3.54e+04	1.00
5348	OSLA	MAST	1	0	1	97	5271365	5.43e+04	1.00	13139	440986954	3.36e+04	0.00
5349	OSLA	MAST	1	0	1	85	4774515	5.62e+04	1.00	8332	298549520	3.58e+04	0.00
5350	OSLA	MAST	2	0	2	92	5081671	5.52e+04	1.00	7187	257521945	3.58e+04	0.00
5351	OSLA	MAST	2	0	2	99	5430257	5.49e+04	1.00	10556	362283592	3.43e+04	0.00
5352	OSLA	MAST	1	0	1	88	4844384	5.50e+04	1.00	6428	234147534	3.64e+04	0.00
5353	OSLA	MAST	0	1	1	92	4952416	5.38e+04	0.00	8512	294761436	3.46e+04	1.00
5354	OSLA	MAST	1	0	1	99	5579514	5.64e+04	1.00	15192	495492998	3.26e+04	0.00
5355	OSLA	MAST	0	2	2	96	5310156	5.53e+04	0.00	13746	465390280	3.39e+04	1.00
5356	OSLA	MAST	0	1	1	96	5223976	5.44e+04	0.00	14349	473298181	3.30e+04	1.00
5357	OSLA	MAST	3	0	3	92	5294752	5.76e+04	1.00	6890	247747553	3.60e+04	0.00
5358	OSLA	MAST	2	0	2	91	4990539	5.48e+04	1.00	9118	376087575	4.12e+04	0.00
5359	OSLA	MAST	0	3	3	90	5104870	5.67e+04	0.00	11446	404522384	3.53e+04	1.00
5360	OSLA	MAST	3	0	3	83	4614979	5.56e+04	1.00	4457	166772820	3.74e+04	0.00
5361	OSLA	MAST	0	2	2	96	5270989	5.49e+04	0.00	9443	333134556	3.53e+04	1.00
5362	OSLA	MAST	0	1	1	94	5538239	5.89e+04	0.00	9678	338252622	3.50e+04	1.00
5363	OSLA	MAST	1	0	1	97	5624676	5.80e+04	1.00	16362	539475230	3.30e+04	0.00
5364	OSLA	MAST	1	0	1	92	5187197	5.64e+04	1.00	7521	268528995	3.57e+04	0.00
5365	OSLA	MAST	1	0	1	79	4435983	5.62e+04	1.00	5943	217286400	3.66e+04	0.00
5366	OSLA	MAST	2	0	2	88	4845402	5.51e+04	1.00	6510	238060394	3.66e+04	0.00
5367	OSLA	MAST	2	0	2	97	5402530	5.57e+04	1.00	11310	390674808	3.45e+04	0.00
5368	OSLA	MAST	0	1	1	95	5260446	5.54e+04	0.00	13615	453452374	3.33e+04	1.00
5369	OSLA	MAST	1	0	1	98	5479415	5.59e+04	1.00	11043	377015754	3.41e+04	0.00
5370	OSLA	MAST	1	0	1	96	5457448	5.68e+04	1.00	12555	417891055	3.33e+04	0.00
5371	OSLA	MAST	1	0	1	95	5275057	5.55e+04	1.00	8068	286176073	3.55e+04	0.00
5372	OSLA	MAST	0	1	1	92	5100941	5.54e+04	0.00	10297	349250846	3.39e+04	1.00
5373	OSLA	MAST	4	0	4	91	4847328	5.33e+04	1.00	6238	228698907	3.67e+04	0.00
5374	OSLA	MAST	0	1	1	86	4844776	5.63e+04	0.00	6523	235422797	3.61e+04	1.00
5375	OSLA	MAST	0	3	3	82	4553731	5.55e+04	0.00	6679	243136820	3.64e+04	1.00
5376	OSLA	MAST	0	3	3	89	5011077	5.63e+04	0.00	7195	258235358	3.59e+04	1.00
5377	OSLA	MAST	1	0	1	91	5036372	5.53e+04	1.00	8788	314208129	3.58e+04	0.00
5378	OSLA	MAST	1	0	1	95	5284211	5.56e+04	1.00	14259	480928865	3.37e+04	0.00
5379	OSLA	MAST	2	0	2	88	4979329	5.66e+04	1.00	5554	207171800	3.73e+04	0.00
5380	OSLA	MAST	0	1	1	94	5295891	5.63e+04	0.00	10990	381879672	3.47e+04	1.00
5381	OSLA	MAST	0	1	1	94	5180595	5.51e+04	0.00	12127	407166920	3.36e+04	1.00
5382	OSLA	MAST	0	2	2	92	5331497	5.80e+04	0.00	8689	307809500	3.54e+04	1.00
5383	OSLA	MAST	2	0	2	94	5419541	5.77e+04	1.00	8394	300961491	3.59e+04	0.00
5384	OSLA	MAST	1	0	1	91	5032212	5.53e+04	1.00	9735	339041790	3.48e+04	0.00
5385	OSLA	MAST	0	1	1	93	5023433	5.40e+04	0.00	10823	373053073	3.45e+04	1.00
5386	OSLA	MAST	0	1	1	90	4924984	5.47e+04	0.00	7968	280888451	3.53e+04	1.00
5387	OSLA	MAST	1	0	1	89	4980772	5.60e+04	1.00	8307	294491118	3.55e+04	0.00
5388	OSLA	MAST	0	1	1	97	5354353	5.52e+04	0.00	15742	545556948	3.47e+04	1.00
5389	OSLA	MAST	4	0	4	80	4365080	5.46e+04	1.00	4161	155512572	3.74e+04	0.00
5390	OSLA	MAST	0	1	1	99	5557069	5.61e+04	0.00	13978	460721573	3.30e+04	1.00
5391	OSLA	MAST	1	0	1	97	5570019	5.74e+04	1.00	12766	433988129	3.40e+04	0.00
5392	OSLA	MAST	0	1	1	99	5400123	5.45e+04	0.00	13737	447649163	3.26e+04	1.00
5393	OSLA	MAST	0	3	3	84	4741205	5.64e+04	0.00	6966	252117456	3.62e+04	1.00
5394	OSLA	MAST	0	1	1	98	5456713	5.57e+04	0.00	14727	477514242	3.24e+04	1.00
5395	OSLA	MAST	5	0	5	87	4696942	5.40e+04	1.00	5144	191673846	3.73e+04	0.00
5396	OSLA	MAST	1	0	1	98	5311635	5.42e+04	1.00	13355	442692842	3.31e+04	0.00
5397	OSLA	MAST	0	3	3	91	5003309	5.50e+04	0.00	7662	274985751	3.59e+04	1.00
5398	OSLA	MAST	1	0	1	88	4805849	5.46e+04	1.00	6205	224849425	3.62e+04	0.00
5399	OSLA	MAST	1	0	1	88	4819765	5.48e+04	1.00	6162	226862903	3.68e+04	0.00
5400	OSLA	MAST	0	2	2	94	5141760	5.47e+04	0.00	8445	299687698	3.55e+04	1.00
5401	OSLA	MAST	0	1	1	95	5387946	5.67e+04	0.00	10305	357560350	3.47e+04	1.00
5402	OSLA	MAST	2	0	2	98	5394357	5.50e+04	1.00	10692	362641865	3.39e+04	0.00
5403	OSLA	MAST	0	1	1	89	5076324	5.70e+04	0.00	9259	323198669	3.49e+04	1.00
5404	OSLA	MAST	1	0	1	95	5488534	5.78e+04	1.00	13579	455473867	3.35e+04	0.00
5405	OSLA	MAST	4	0	4	89	4943019	5.55e+04	1.00	5781	212778425	3.68e+04	0.00
5406	OSLA	MAST	0	1	1	92	5226538	5.68e+04	0.00	10425	356873121	3.42e+04	1.00
5407	OSLA	MAST	0	1	1	94	5052208	5.37e+04	0.00	9733	366549226	3.77e+04	1.00
5408	OSLA	MAST	3	0	3	91	4981065	5.47e+04	1.00	7652	271875640	3.55e+04	0.00
5409	OSLA	MAST	2	0	2	96	5394381	5.62e+04	1.00	7929	281815621	3.55e+04	0.00
5410	OSLA	MAST	1	0	1	95	5261170	5.54e+04	1.00	11728	400164665	3.41e+04	0.00
5411	OSLA	MAST	1	0	1	100	5335521	5.34e+04	1.00	11516	389176446	3.38e+04	0.00
5412	OSLA	MAST	2	0	2	92	5126483	5.57e+04	1.00	7071	253033304	3.58e+04	0.00
5413	OSLA	MAST	3	0	3	95	5506535	5.80e+04	1.00	7665	274612999	3.58e+04	0.00
5414	OSLA	MAST	5	0	5	82	4466072	5.45e+04	1.00	4411	165409857	3.75e+04	0.00
5415	OSLA	MAST	0	2	2	93	4919610	5.29e+04	0.00	12447	425020317	3.41e+04	1.00
5416	OSLA	MAST	0	1	1	97	5638615	5.81e+04	0.00	12798	425974246	3.33e+04	1.00
5417	OSLA	MAST	0	2	2	91	5099925	5.60e+04	0.00	8602	304291391	3.54e+04	1.00
5418	OSLA	MAST	0	1	1	87	4874728	5.60e+04	0.00	7352	266757677	3.63e+04	1.00
5419	OSLA	MAST	1	0	1	100	5800723	5.80e+04	1.00	11795	401714578	3.41e+04	0.00
5420	OSLA	MAST	0	1	1	99	5622662	5.68e+04	0.00	18201	586291693	3.22e+04	1.00
5421	OSLA	MAST	1	0	1	98	5459038	5.57e+04	1.00	11384	390051663	3.43e+04	0.00
5422	OSLA	MAST	0	1	1	97	5389196	5.56e+04	0.00	15810	515485196	3.26e+04	1.00
5423	OSLA	MAST	3	0	3	91	4945073	5.43e+04	1.00	8186	293914349	3.59e+04	0.00
5424	OSLA	MAST	4	0	4	86	4665885	5.43e+04	1.00	5313	199502447	3.75e+04	0.00
5425	OSLA	MAST	0	1	1	92	5359477	5.83e+04	0.00	8983	347560189	3.87e+04	1.00
5426	OSLA	MAST	0	5	5	86	4948077	5.75e+04	0.00	7221	258886319	3.59e+04	1.00
5427	OSLA	MAST	3	0	3	98	5338468	5.45e+04	1.00	8959	312603419	3.49e+04	0.00
5428	OSLA	MAST	0	3	3	84	4602892	5.48e+04	0.00	9782	341442307	3.49e+04	1.00
5429	OSLA	MAST	0	1	1	96	5254649	5.47e+04	0.00	10730	360704255	3.36e+04	1.00
5430	OSLA	MAST	3	0	3	92	5348966	5.81e+04	1.00	6999	252962187	3.61e+04	0.00
5431	OSLA	MAST	4	0	4	83	4708579	5.67e+04	1.00	5126	193150233	3.77e+04	0.00
5432	OSLA	MAST	2	0	2	95	5323959	5.60e+04	1.00	8313	291809655	3.51e+04	0.00
5433	OSLA	MAST	4	0	4	82	4712974	5.75e+04	1.00	4634	175474360	3.79e+04	0.00
5434	OSLA	MAST	1	0	1	95	5166279	5.44e+04	1.00	12169	412206326	3.39e+04	0.00
5435	OSLA	MAST	3	0	3	94	5264431	5.60e+04	1.00	7523	274310225	3.65e+04	0.00
5436	OSLA	MAST	0	1	1	92	5096353	5.54e+04	0.00	9932	346612930	3.49e+04	1.00
5437	OSLA	MAST	0	1	1	94	5434826	5.78e+04	0.00	9392	330645149	3.52e+04	1.00
5438	OSLA	MAST	1	0	1	99	5674759	5.73e+04	1.00	20017	639801846	3.20e+04	0.00
5439	OSLA	MAST	0	1	1	95	5491822	5.78e+04	0.00	13849	466870061	3.37e+04	1.00
5440	OSLA	MAST	0	1	1	94	5306112	5.64e+04	0.00	12197	417209454	3.42e+04	1.00
5441	OSLA	MAST	2	0	2	93	5252473	5.65e+04	1.00	8818	314341217	3.56e+04	0.00
5442	OSLA	MAST	0	1	1	98	5395272	5.51e+04	0.00	14049	455956451	3.25e+04	1.00
5443	OSLA	MAST	0	4	4	74	4204268	5.68e+04	0.00	5611	206436589	3.68e+04	1.00
5444	OSLA	MAST	0	1	1	91	5001950	5.50e+04	0.00	11946	405537903	3.39e+04	1.00
5445	OSLA	MAST	0	2	2	91	5249419	5.77e+04	0.00	7420	265654194	3.58e+04	1.00
5446	OSLA	MAST	0	2	2	86	4691478	5.46e+04	0.00	8693	306965221	3.53e+04	1.00
5447	OSLA	MAST	1	0	1	96	5318422	5.54e+04	1.00	12629	432558936	3.43e+04	0.00
5448	OSLA	MAST	0	2	2	92	5020635	5.46e+04	0.00	11349	397546521	3.50e+04	1.00
5449	OSLA	MAST	2	0	2	87	4845853	5.57e+04	1.00	5683	211390152	3.72e+04	0.00
5450	OSLA	MAST	6	0	6	88	4855997	5.52e+04	1.00	5266	198102055	3.76e+04	0.00
5451	OSLA	MAST	2	0	2	87	4898353	5.63e+04	1.00	6603	239362607	3.63e+04	0.00
5452	OSLA	MAST	4	0	4	89	4738521	5.32e+04	1.00	5710	209787264	3.67e+04	0.00
5453	OSLA	MAST	0	1	1	95	5364305	5.65e+04	0.00	11137	378809966	3.40e+04	1.00
5454	OSLA	MAST	2	0	2	92	5102075	5.55e+04	1.00	7088	259516090	3.66e+04	0.00
5455	OSLA	MAST	0	1	1	94	5264954	5.60e+04	0.00	10273	353865735	3.44e+04	1.00
5456	OSLA	MAST	0	1	1	97	5306202	5.47e+04	0.00	14517	480820533	3.31e+04	1.00
5457	OSLA	MAST	0	2	2	89	4970584	5.58e+04	0.00	9040	316454114	3.50e+04	1.00
5458	OSLA	MAST	2	0	2	96	5256907	5.48e+04	1.00	10080	350745815	3.48e+04	0.00
5459	OSLA	MAST	2	0	2	93	5218644	5.61e+04	1.00	7193	259964293	3.61e+04	0.00
5460	OSLA	MAST	0	2	2	96	5313549	5.53e+04	0.00	8443	292811245	3.47e+04	1.00
5461	OSLA	MAST	2	0	2	74	3995138	5.40e+04	1.00	5863	212346048	3.62e+04	0.00
5462	OSLA	MAST	0	2	2	87	4930306	5.67e+04	0.00	9261	327163147	3.53e+04	1.00
5463	OSLA	MAST	0	1	1	98	5492346	5.60e+04	0.00	14772	487430714	3.30e+04	1.00
5464	OSLA	MAST	1	0	1	99	5525640	5.58e+04	1.00	11519	381477775	3.31e+04	0.00
5465	OSLA	MAST	2	0	2	96	5165069	5.38e+04	1.00	9091	320560264	3.53e+04	0.00
5466	OSLA	MAST	0	1	1	91	5020156	5.52e+04	0.00	7858	278270262	3.54e+04	1.00
5467	OSLA	MAST	3	0	3	85	4665957	5.49e+04	1.00	5077	190120944	3.74e+04	0.00
5468	OSLA	MAST	2	0	2	86	4665461	5.42e+04	1.00	6809	243909426	3.58e+04	0.00
5469	OSLA	MAST	0	1	1	97	5157647	5.32e+04	0.00	10920	376290585	3.45e+04	1.00
5470	OSLA	MAST	2	0	2	94	5316600	5.66e+04	1.00	8621	307490017	3.57e+04	0.00
5471	OSLA	MAST	0	2	2	92	5062961	5.50e+04	0.00	8035	299693908	3.73e+04	1.00
5472	OSLA	MAST	0	2	2	93	5197183	5.59e+04	0.00	9298	325421543	3.50e+04	1.00
5473	OSLA	MAST	0	2	2	90	5057720	5.62e+04	0.00	7537	273333468	3.63e+04	1.00
5474	OSLA	MAST	2	0	2	92	5053642	5.49e+04	1.00	7923	282125993	3.56e+04	0.00
5475	OSLA	MAST	0	4	4	89	4868849	5.47e+04	0.00	8613	305640160	3.55e+04	1.00
5476	OSLA	MAST	2	0	2	89	5157870	5.80e+04	1.00	6244	230099372	3.69e+04	0.00
5477	OSLA	MAST	0	1	1	95	5104168	5.37e+04	0.00	10166	350693295	3.45e+04	1.00
5478	OSLA	MAST	1	0	1	96	5366695	5.59e+04	1.00	9485	324228615	3.42e+04	0.00
5479	OSLA	MAST	0	1	1	98	5258417	5.37e+04	0.00	17283	570083853	3.30e+04	1.00
5480	OSLA	MAST	1	0	1	98	5449724	5.56e+04	1.00	14182	464335131	3.27e+04	0.00
5481	OSLA	MAST	1	0	1	99	5399338	5.45e+04	1.00	13236	432796927	3.27e+04	0.00
5482	OSLA	MAST	0	1	1	95	5132921	5.40e+04	0.00	11285	383751442	3.40e+04	1.00
5483	OSLA	MAST	2	0	2	95	5173279	5.45e+04	1.00	8936	312514410	3.50e+04	0.00
5484	OSLA	MAST	0	1	1	96	5454325	5.68e+04	0.00	12369	416036724	3.36e+04	1.00
5485	OSLA	MAST	0	1	1	99	5695764	5.75e+04	0.00	14555	487757734	3.35e+04	1.00
5486	OSLA	MAST	2	0	2	89	4974628	5.59e+04	1.00	6838	244122423	3.57e+04	0.00
5487	OSLA	MAST	0	1	1	86	4823454	5.61e+04	0.00	8401	295954120	3.52e+04	1.00
5488	OSLA	MAST	0	3	3	97	5228789	5.39e+04	0.00	10590	359331539	3.39e+04	1.00
5489	OSLA	MAST	3	0	3	88	4828233	5.49e+04	1.00	5295	198747622	3.75e+04	0.00
5490	OSLA	MAST	3	0	3	89	5066312	5.69e+04	1.00	6076	222050064	3.65e+04	0.00
5491	OSLA	MAST	2	0	2	91	4943560	5.43e+04	1.00	6226	224098698	3.60e+04	0.00
5492	OSLA	MAST	0	1	1	96	5478554	5.71e+04	0.00	13222	447696683	3.39e+04	1.00
5493	OSLA	MAST	2	0	2	90	4914508	5.46e+04	1.00	6845	309388796	4.52e+04	0.00
5494	OSLA	MAST	0	1	1	98	5563481	5.68e+04	0.00	12627	416140995	3.30e+04	1.00
5495	OSLA	MAST	0	5	5	91	5081782	5.58e+04	0.00	10082	348631642	3.46e+04	1.00
5496	OSLA	MAST	1	0	1	98	5604976	5.72e+04	1.00	10941	374263830	3.42e+04	0.00
5497	OSLA	MAST	0	1	1	90	5002474	5.56e+04	0.00	6895	266593301	3.87e+04	1.00
5498	OSLA	MAST	1	0	1	98	5516203	5.63e+04	1.00	9064	310612877	3.43e+04	0.00
5499	OSLA	MAST	0	1	1	87	4881371	5.61e+04	0.00	7194	262693964	3.65e+04	1.00
5500	OSLA	MAST	2	0	2	97	5378133	5.54e+04	1.00	8733	305433817	3.50e+04	0.00
5501	OSLA	MAST	0	2	2	94	5051286	5.37e+04	0.00	8217	291887434	3.55e+04	1.00
5502	OSLA	Random	0	2	2	92	2982219	3.24e+04	0.00	92	7881479	8.57e+04	1.00
5503	OSLA	Random	0	1	1	94	3089645	3.29e+04	0.00	94	7532518	8.01e+04	1.00
5504	OSLA	Random	1	0	1	97	3173163	3.27e+04	1.00	96	7512999	7.83e+04	0.00
5505	OSLA	Random	1	0	1	91	3012985	3.31e+04	1.00	90	7740442	8.60e+04	0.00
5506	OSLA	Random	0	1	1	96	3170893	3.30e+04	0.00	96	8468390	8.82e+04	1.00
5507	OSLA	Random	3	0	3	89	3025496	3.40e+04	1.00	88	7121236	8.09e+04	0.00
5508	OSLA	Random	2	0	2	97	3195865	3.29e+04	1.00	96	7910082	8.24e+04	0.00
5509	OSLA	Random	1	0	1	99	3276207	3.31e+04	1.00	98	8266526	8.44e+04	0.00
5510	OSLA	Random	1	0	1	99	3245139	3.28e+04	1.00	98	8056917	8.22e+04	0.00
5511	OSLA	Random	0	1	1	94	3059187	3.25e+04	0.00	94	7232003	7.69e+04	1.00
5512	OSLA	Random	1	0	1	92	3044003	3.31e+04	1.00	91	7116611	7.82e+04	0.00
5513	OSLA	Random	1	0	1	92	3032295	3.30e+04	1.00	91	7610441	8.36e+04	0.00
5514	OSLA	Random	1	0	1	94	3010369	3.20e+04	1.00	93	7580048	8.15e+04	0.00
5515	OSLA	Random	0	2	2	95	3138554	3.30e+04	0.00	95	8052963	8.48e+04	1.00
5516	OSLA	Random	2	0	2	95	3021173	3.18e+04	1.00	94	8071401	8.59e+04	0.00
5517	OSLA	Random	2	0	2	90	2966550	3.30e+04	1.00	89	7006160	7.87e+04	0.00
5518	OSLA	Random	2	0	2	95	3077357	3.24e+04	1.00	94	7957072	8.46e+04	0.00
5519	OSLA	Random	0	1	1	94	3107365	3.31e+04	0.00	94	8394508	8.93e+04	1.00
5520	OSLA	Random	1	0	1	90	2912460	3.24e+04	1.00	89	7630124	8.57e+04	0.00
5521	OSLA	Random	1	0	1	96	3079153	3.21e+04	1.00	95	7094630	7.47e+04	0.00
5522	OSLA	Random	0	2	2	96	3144627	3.28e+04	0.00	96	7833471	8.16e+04	1.00
5523	OSLA	Random	3	0	3	88	2866044	3.26e+04	1.00	87	7433087	8.54e+04	0.00
5524	OSLA	Random	4	0	4	84	2755155	3.28e+04	1.00	83	6723222	8.10e+04	0.00
5525	OSLA	Random	2	0	2	95	3108183	3.27e+04	1.00	94	8028346	8.54e+04	0.00
5526	OSLA	Random	0	2	2	85	2770137	3.26e+04	0.00	85	6883145	8.10e+04	1.00
5527	OSLA	Random	1	0	1	98	3243836	3.31e+04	1.00	97	8550293	8.81e+04	0.00
5528	OSLA	Random	1	0	1	94	3055275	3.25e+04	1.00	93	7476318	8.04e+04	0.00
5529	OSLA	Random	1	0	1	99	3257661	3.29e+04	1.00	98	8111924	8.28e+04	0.00
5530	OSLA	Random	0	1	1	94	3206485	3.41e+04	0.00	94	7702543	8.19e+04	1.00
5531	OSLA	Random	3	0	3	96	3142313	3.27e+04	1.00	95	7488761	7.88e+04	0.00
5532	OSLA	Random	2	0	2	85	2747036	3.23e+04	1.00	84	6964600	8.29e+04	0.00
5533	OSLA	Random	2	0	2	91	2979597	3.27e+04	1.00	90	7677687	8.53e+04	0.00
5534	OSLA	Random	0	1	1	96	3069620	3.20e+04	0.00	96	8249011	8.59e+04	1.00
5535	OSLA	Random	1	0	1	96	3180950	3.31e+04	1.00	95	7864282	8.28e+04	0.00
5536	OSLA	Random	1	0	1	100	3228463	3.23e+04	1.00	99	8647722	8.74e+04	0.00
5537	OSLA	Random	1	0	1	91	3032001	3.33e+04	1.00	90	7801821	8.67e+04	0.00
5538	OSLA	Random	0	1	1	97	3176138	3.27e+04	0.00	97	7899758	8.14e+04	1.00
5539	OSLA	Random	2	0	2	99	3282215	3.32e+04	1.00	98	8091263	8.26e+04	0.00
5540	OSLA	Random	0	1	1	94	3035921	3.23e+04	0.00	94	8015878	8.53e+04	1.00
5541	OSLA	Random	0	2	2	89	2896944	3.25e+04	0.00	89	7318091	8.22e+04	1.00
5542	OSLA	Random	3	0	3	80	2557516	3.20e+04	1.00	79	7006909	8.87e+04	0.00
5543	OSLA	Random	0	2	2	91	2907323	3.19e+04	0.00	91	6695401	7.36e+04	1.00
5544	OSLA	Random	0	1	1	96	3129129	3.26e+04	0.00	96	7641319	7.96e+04	1.00
5545	OSLA	Random	1	0	1	98	3190592	3.26e+04	1.00	97	8176395	8.43e+04	0.00
5546	OSLA	Random	1	0	1	96	3140492	3.27e+04	1.00	95	7915734	8.33e+04	0.00
5547	OSLA	Random	3	0	3	88	2885719	3.28e+04	1.00	87	6902290	7.93e+04	0.00
5548	OSLA	Random	0	1	1	83	2702413	3.26e+04	0.00	83	6818177	8.21e+04	1.00
5549	OSLA	Random	0	1	1	88	2877717	3.27e+04	0.00	88	7480534	8.50e+04	1.00
5550	OSLA	Random	0	1	1	92	3039242	3.30e+04	0.00	92	7392239	8.04e+04	1.00
5551	OSLA	Random	0	1	1	99	3247026	3.28e+04	0.00	99	8038779	8.12e+04	1.00
5552	OSLA	Random	0	1	1	98	3218075	3.28e+04	0.00	98	7713629	7.87e+04	1.00
5553	OSLA	Random	0	1	1	84	2744815	3.27e+04	0.00	84	7414010	8.83e+04	1.00
5554	OSLA	Random	2	0	2	89	2907064	3.27e+04	1.00	88	7044778	8.01e+04	0.00
5555	OSLA	Random	0	3	3	87	2908052	3.34e+04	0.00	87	7112093	8.17e+04	1.00
5556	OSLA	Random	0	1	1	92	3008181	3.27e+04	0.00	92	7621539	8.28e+04	1.00
5557	OSLA	Random	6	0	6	85	2753211	3.24e+04	1.00	84	6670929	7.94e+04	0.00
5558	OSLA	Random	1	0	1	95	3062942	3.22e+04	1.00	94	8174514	8.70e+04	0.00
5559	OSLA	Random	1	0	1	99	3312242	3.35e+04	1.00	98	8185739	8.35e+04	0.00
5560	OSLA	Random	0	2	2	93	3059632	3.29e+04	0.00	93	8060349	8.67e+04	1.00
5561	OSLA	Random	2	0	2	91	3011065	3.31e+04	1.00	90	8015108	8.91e+04	0.00
5562	OSLA	Random	1	0	1	94	2981008	3.17e+04	1.00	93	7300791	7.85e+04	0.00
5563	OSLA	Random	0	1	1	95	3114709	3.28e+04	0.00	95	7971513	8.39e+04	1.00
5564	OSLA	Random	0	1	1	99	3203714	3.24e+04	0.00	99	8461975	8.55e+04	1.00
5565	OSLA	Random	0	1	1	97	3210382	3.31e+04	0.00	97	7653236	7.89e+04	1.00
5566	OSLA	Random	0	1	1	99	3048435	3.08e+04	0.00	99	7152617	7.22e+04	1.00
5567	OSLA	Random	2	0	2	81	2641742	3.26e+04	1.00	80	6729688	8.41e+04	0.00
5568	OSLA	Random	0	1	1	94	3102416	3.30e+04	0.00	94	7759456	8.25e+04	1.00
5569	OSLA	Random	0	1	1	90	2968686	3.30e+04	0.00	90	7786923	8.65e+04	1.00
5570	OSLA	Random	1	0	1	99	3250190	3.28e+04	1.00	98	8089592	8.25e+04	0.00
5571	OSLA	Random	2	0	2	96	3154259	3.29e+04	1.00	95	8101563	8.53e+04	0.00
5572	OSLA	Random	1	0	1	87	2843192	3.27e+04	1.00	86	7289468	8.48e+04	0.00
5573	OSLA	Random	5	0	5	88	2886122	3.28e+04	1.00	87	6944055	7.98e+04	0.00
5574	OSLA	Random	0	3	3	94	3126386	3.33e+04	0.00	94	8371882	8.91e+04	1.00
5575	OSLA	Random	1	0	1	98	3231439	3.30e+04	1.00	97	8471867	8.73e+04	0.00
5576	OSLA	Random	0	1	1	95	3117826	3.28e+04	0.00	95	7559187	7.96e+04	1.00
5577	OSLA	Random	0	1	1	95	3130557	3.30e+04	0.00	95	8073909	8.50e+04	1.00
5578	OSLA	Random	0	1	1	92	3020145	3.28e+04	0.00	92	7540902	8.20e+04	1.00
5579	OSLA	Random	2	0	2	96	3074997	3.20e+04	1.00	95	8082758	8.51e+04	0.00
5580	OSLA	Random	2	0	2	97	3166243	3.26e+04	1.00	96	7902259	8.23e+04	0.00
5581	OSLA	Random	1	0	1	92	3006698	3.27e+04	1.00	91	7466015	8.20e+04	0.00
5582	OSLA	Random	0	2	2	92	2987362	3.25e+04	0.00	92	8024926	8.72e+04	1.00
5583	OSLA	Random	2	0	2	91	2977246	3.27e+04	1.00	90	7335869	8.15e+04	0.00
5584	OSLA	Random	0	1	1	91	2935850	3.23e+04	0.00	91	7414162	8.15e+04	1.00
5585	OSLA	Random	1	0	1	90	2920930	3.25e+04	1.00	89	7359486	8.27e+04	0.00
5586	OSLA	Random	2	0	2	95	3073067	3.23e+04	1.00	94	7836090	8.34e+04	0.00
5587	OSLA	Random	1	0	1	97	3210493	3.31e+04	1.00	96	8400584	8.75e+04	0.00
5588	OSLA	Random	2	0	2	95	3060453	3.22e+04	1.00	94	7401687	7.87e+04	0.00
5589	OSLA	Random	1	0	1	97	3214809	3.31e+04	1.00	96	8458728	8.81e+04	0.00
5590	OSLA	Random	1	0	1	96	3149715	3.28e+04	1.00	95	8325904	8.76e+04	0.00
5591	OSLA	Random	1	0	1	97	3157992	3.26e+04	1.00	96	7890343	8.22e+04	0.00
5592	OSLA	Random	3	0	3	98	3154564	3.22e+04	1.00	97	7089889	7.31e+04	0.00
5593	OSLA	Random	4	0	4	84	2728989	3.25e+04	1.00	83	7102812	8.56e+04	0.00
5594	OSLA	Random	2	0	2	97	3195485	3.29e+04	1.00	96	8431660	8.78e+04	0.00
5595	OSLA	Random	1	0	1	92	3014955	3.28e+04	1.00	91	7176658	7.89e+04	0.00
5596	OSLA	Random	0	3	3	85	2763784	3.25e+04	0.00	85	7130789	8.39e+04	1.00
5597	OSLA	Random	0	1	1	99	3257020	3.29e+04	0.00	99	8595634	8.68e+04	1.00
5598	OSLA	Random	0	1	1	94	3053823	3.25e+04	0.00	94	7503169	7.98e+04	1.00
5599	OSLA	Random	0	1	1	89	2883909	3.24e+04	0.00	89	7350844	8.26e+04	1.00
5600	OSLA	Random	0	2	2	96	3112899	3.24e+04	0.00	96	8206492	8.55e+04	1.00
5601	OSLA	Random	4	0	4	89	2902629	3.26e+04	1.00	88	7214353	8.20e+04	0.00
5602	OSLA	Random	0	1	1	96	3113437	3.24e+04	0.00	96	7957960	8.29e+04	1.00
5603	OSLA	Random	2	0	2	94	3073894	3.27e+04	1.00	93	7504705	8.07e+04	0.00
5604	OSLA	Random	0	2	2	93	2988820	3.21e+04	0.00	93	8128590	8.74e+04	1.00
5605	OSLA	Random	1	0	1	98	3212707	3.28e+04	1.00	97	8159023	8.41e+04	0.00
5606	OSLA	Random	1	0	1	94	3116741	3.32e+04	1.00	93	7930197	8.53e+04	0.00
5607	OSLA	Random	0	1	1	94	3082879	3.28e+04	0.00	94	7549870	8.03e+04	1.00
5608	OSLA	Random	0	2	2	95	3150202	3.32e+04	0.00	95	8251298	8.69e+04	1.00
5609	OSLA	Random	1	0	1	82	2692931	3.28e+04	1.00	81	6493627	8.02e+04	0.00
5610	OSLA	Random	0	4	4	91	2930807	3.22e+04	0.00	91	7395048	8.13e+04	1.00
5611	OSLA	Random	3	0	3	94	2980364	3.17e+04	1.00	93	6633206	7.13e+04	0.00
5612	OSLA	Random	0	1	1	93	3034128	3.26e+04	0.00	93	7546782	8.11e+04	1.00
5613	OSLA	Random	2	0	2	95	3107278	3.27e+04	1.00	94	7813427	8.31e+04	0.00
5614	OSLA	Random	0	1	1	94	3021274	3.21e+04	0.00	94	7732190	8.23e+04	1.00
5615	OSLA	Random	3	0	3	91	2967170	3.26e+04	1.00	90	7946039	8.83e+04	0.00
5616	OSLA	Random	2	0	2	95	3063479	3.22e+04	1.00	94	7717429	8.21e+04	0.00
5617	OSLA	Random	1	0	1	91	2990421	3.29e+04	1.00	90	7202130	8.00e+04	0.00
5618	OSLA	Random	1	0	1	98	3205677	3.27e+04	1.00	97	7960691	8.21e+04	0.00
5619	OSLA	Random	1	0	1	97	3182999	3.28e+04	1.00	96	7918489	8.25e+04	0.00
5620	OSLA	Random	0	1	1	95	3096397	3.26e+04	0.00	95	8018951	8.44e+04	1.00
5621	OSLA	Random	0	2	2	90	2970810	3.30e+04	0.00	90	7875646	8.75e+04	1.00
5622	OSLA	Random	0	2	2	93	3025814	3.25e+04	0.00	93	7666497	8.24e+04	1.00
5623	OSLA	Random	1	0	1	89	2917076	3.28e+04	1.00	88	7256201	8.25e+04	0.00
5624	OSLA	Random	0	1	1	97	3231366	3.33e+04	0.00	97	8372151	8.63e+04	1.00
5625	OSLA	Random	1	0	1	96	3151738	3.28e+04	1.00	95	7967429	8.39e+04	0.00
5626	OSLA	Random	0	1	1	90	2946492	3.27e+04	0.00	90	7622855	8.47e+04	1.00
5627	OSLA	Random	7	0	7	88	2819780	3.20e+04	1.00	87	6887400	7.92e+04	0.00
5628	OSLA	Random	2	0	2	89	2886527	3.24e+04	1.00	88	7359499	8.36e+04	0.00
5629	OSLA	Random	0	1	1	99	3251754	3.28e+04	0.00	99	7365891	7.44e+04	1.00
5630	OSLA	Random	2	0	2	86	2762976	3.21e+04	1.00	85	7302110	8.59e+04	0.00
5631	OSLA	Random	1	0	1	97	3171871	3.27e+04	1.00	96	7776618	8.10e+04	0.00
5632	OSLA	Random	0	1	1	89	2802122	3.15e+04	0.00	89	6773457	7.61e+04	1.00
5633	OSLA	Random	1	0	1	99	3145673	3.18e+04	1.00	98	7274533	7.42e+04	0.00
5634	OSLA	Random	4	0	4	90	3009496	3.34e+04	1.00	89	7876687	8.85e+04	0.00
5635	OSLA	Random	0	1	1	96	3113542	3.24e+04	0.00	96	7906165	8.24e+04	1.00
5636	OSLA	Random	1	0	1	96	3093474	3.22e+04	1.00	95	7958275	8.38e+04	0.00
5637	OSLA	Random	0	1	1	95	3145127	3.31e+04	0.00	95	8047425	8.47e+04	1.00
5638	OSLA	Random	1	0	1	92	3019800	3.28e+04	1.00	91	7766786	8.53e+04	0.00
5639	OSLA	Random	1	0	1	93	3017287	3.24e+04	1.00	92	7904616	8.59e+04	0.00
5640	OSLA	Random	0	2	2	95	3168397	3.34e+04	0.00	95	8560824	9.01e+04	1.00
5641	OSLA	Random	3	0	3	89	2890871	3.25e+04	1.00	88	7557051	8.59e+04	0.00
5642	OSLA	Random	3	0	3	84	2749532	3.27e+04	1.00	83	6901994	8.32e+04	0.00
5643	OSLA	Random	4	0	4	90	2939083	3.27e+04	1.00	89	7649066	8.59e+04	0.00
5644	OSLA	Random	2	0	2	95	3118493	3.28e+04	1.00	94	7843267	8.34e+04	0.00
5645	OSLA	Random	1	0	1	99	3234828	3.27e+04	1.00	98	8363236	8.53e+04	0.00
5646	OSLA	Random	0	2	2	94	3056761	3.25e+04	0.00	94	7556501	8.04e+04	1.00
5647	OSLA	Random	0	5	5	86	2873304	3.34e+04	0.00	86	7660311	8.91e+04	1.00
5648	OSLA	Random	1	0	1	95	3119361	3.28e+04	1.00	94	7340248	7.81e+04	0.00
5649	OSLA	Random	1	0	1	87	2886557	3.32e+04	1.00	86	7452773	8.67e+04	0.00
5650	OSLA	Random	1	0	1	99	3274318	3.31e+04	1.00	98	7899875	8.06e+04	0.00
5651	OSLA	Random	0	2	2	90	2995357	3.33e+04	0.00	90	7772802	8.64e+04	1.00
5652	OSLA	Random	0	2	2	93	3015918	3.24e+04	0.00	93	7215622	7.76e+04	1.00
5653	OSLA	Random	0	1	1	91	2969030	3.26e+04	0.00	91	7876919	8.66e+04	1.00
5654	OSLA	Random	0	4	4	79	2523009	3.19e+04	0.00	79	6644115	8.41e+04	1.00
5655	OSLA	Random	1	0	1	98	3270324	3.34e+04	1.00	97	8528466	8.79e+04	0.00
5656	OSLA	Random	2	0	2	98	3043248	3.11e+04	1.00	97	6888004	7.10e+04	0.00
5657	OSLA	Random	1	0	1	97	3162765	3.26e+04	1.00	96	8105830	8.44e+04	0.00
5658	OSLA	Random	5	0	5	84	2739560	3.26e+04	1.00	83	6811825	8.21e+04	0.00
5659	OSLA	Random	0	4	4	87	2880779	3.31e+04	0.00	87	7740187	8.90e+04	1.00
5660	OSLA	Random	1	0	1	99	3240815	3.27e+04	1.00	98	8246146	8.41e+04	0.00
5661	OSLA	Random	1	0	1	97	3207768	3.31e+04	1.00	96	8173267	8.51e+04	0.00
5662	OSLA	Random	1	0	1	89	2882606	3.24e+04	1.00	88	7294189	8.29e+04	0.00
5663	OSLA	Random	3	0	3	87	2861600	3.29e+04	1.00	86	7499115	8.72e+04	0.00
5664	OSLA	Random	0	1	1	92	2971871	3.23e+04	0.00	92	7794403	8.47e+04	1.00
5665	OSLA	Random	3	0	3	86	2804479	3.26e+04	1.00	85	7285006	8.57e+04	0.00
5666	OSLA	Random	2	0	2	93	3083628	3.32e+04	1.00	92	7373927	8.02e+04	0.00
5667	OSLA	Random	2	0	2	94	3097873	3.30e+04	1.00	93	7377915	7.93e+04	0.00
5668	OSLA	Random	0	3	3	91	3031263	3.33e+04	0.00	91	7945279	8.73e+04	1.00
5669	OSLA	Random	3	0	3	74	2551635	3.45e+04	1.00	73	5991757	8.21e+04	0.00
5670	OSLA	Random	1	0	1	97	3091562	3.19e+04	1.00	96	7608282	7.93e+04	0.00
5671	OSLA	Random	1	0	1	99	3392119	3.43e+04	1.00	98	8244100	8.41e+04	0.00
5672	OSLA	Random	4	0	4	94	3067709	3.26e+04	1.00	93	8075344	8.68e+04	0.00
5673	OSLA	Random	0	1	1	94	3069097	3.26e+04	0.00	94	7886807	8.39e+04	1.00
5674	OSLA	Random	3	0	3	76	2448235	3.22e+04	1.00	75	5965255	7.95e+04	0.00
5675	OSLA	Random	1	0	1	100	3292449	3.29e+04	1.00	99	8697842	8.79e+04	0.00
5676	OSLA	Random	0	1	1	77	2501732	3.25e+04	0.00	77	6471560	8.40e+04	1.00
5677	OSLA	Random	0	1	1	98	3280174	3.35e+04	0.00	98	8541120	8.72e+04	1.00
5678	OSLA	Random	3	0	3	89	2867322	3.22e+04	1.00	88	7529754	8.56e+04	0.00
5679	OSLA	Random	3	0	3	89	2901846	3.26e+04	1.00	88	6395618	7.27e+04	0.00
5680	OSLA	Random	0	1	1	97	3131864	3.23e+04	0.00	97	7697359	7.94e+04	1.00
5681	OSLA	Random	3	0	3	94	3064087	3.26e+04	1.00	93	7695229	8.27e+04	0.00
5682	OSLA	Random	0	5	5	73	2314108	3.17e+04	0.00	73	5683021	7.78e+04	1.00
5683	OSLA	Random	0	1	1	90	2964436	3.29e+04	0.00	90	7954451	8.84e+04	1.00
5684	OSLA	Random	3	0	3	79	2526747	3.20e+04	1.00	78	6232543	7.99e+04	0.00
5685	OSLA	Random	3	0	3	87	2836418	3.26e+04	1.00	86	6829630	7.94e+04	0.00
5686	OSLA	Random	1	0	1	91	2966198	3.26e+04	1.00	90	7939919	8.82e+04	0.00
5687	OSLA	Random	2	0	2	86	2798310	3.25e+04	1.00	85	7046107	8.29e+04	0.00
5688	OSLA	Random	3	0	3	75	2404445	3.21e+04	1.00	74	6177134	8.35e+04	0.00
5689	OSLA	Random	0	1	1	94	3137796	3.34e+04	0.00	94	7897752	8.40e+04	1.00
5690	OSLA	Random	0	1	1	96	3121770	3.25e+04	0.00	96	8255556	8.60e+04	1.00
5691	OSLA	Random	0	2	2	86	2817522	3.28e+04	0.00	86	7065092	8.22e+04	1.00
5692	OSLA	Random	1	0	1	95	3135530	3.30e+04	1.00	94	7709733	8.20e+04	0.00
5693	OSLA	Random	1	0	1	95	3159362	3.33e+04	1.00	94	8084648	8.60e+04	0.00
5694	OSLA	Random	0	1	1	99	3244748	3.28e+04	0.00	99	8120444	8.20e+04	1.00
5695	OSLA	Random	0	2	2	91	3004709	3.30e+04	0.00	91	7834691	8.61e+04	1.00
5696	OSLA	Random	4	0	4	94	3080843	3.28e+04	1.00	93	7173578	7.71e+04	0.00
5697	OSLA	Random	3	0	3	89	2928974	3.29e+04	1.00	88	6967770	7.92e+04	0.00
5698	OSLA	Random	0	1	1	97	3235402	3.34e+04	0.00	97	8076525	8.33e+04	1.00
5699	OSLA	Random	1	0	1	98	3179453	3.24e+04	1.00	97	7556144	7.79e+04	0.00
5700	OSLA	Random	2	0	2	83	2700488	3.25e+04	1.00	82	7077684	8.63e+04	0.00
5701	OSLA	Random	2	0	2	86	2761301	3.21e+04	1.00	85	6438559	7.57e+04	0.00
5702	OSLA	Random	2	0	2	94	3033349	3.23e+04	1.00	93	7717813	8.30e+04	0.00
5703	OSLA	Random	0	1	1	99	3207586	3.24e+04	0.00	99	7803636	7.88e+04	1.00
5704	OSLA	Random	1	0	1	88	2797599	3.18e+04	1.00	87	6893588	7.92e+04	0.00
5705	OSLA	Random	1	0	1	94	3115913	3.31e+04	1.00	93	7696694	8.28e+04	0.00
5706	OSLA	Random	1	0	1	98	3205321	3.27e+04	1.00	97	8355564	8.61e+04	0.00
5707	OSLA	Random	2	0	2	95	3181305	3.35e+04	1.00	94	7713561	8.21e+04	0.00
5708	OSLA	Random	0	1	1	90	2946026	3.27e+04	0.00	90	7694579	8.55e+04	1.00
5709	OSLA	Random	3	0	3	77	2492306	3.24e+04	1.00	76	6193076	8.15e+04	0.00
5710	OSLA	Random	1	0	1	100	3239249	3.24e+04	1.00	99	8529297	8.62e+04	0.00
5711	OSLA	Random	0	1	1	91	3010300	3.31e+04	0.00	91	7908681	8.69e+04	1.00
5712	OSLA	Random	2	0	2	83	2639519	3.18e+04	1.00	82	7009797	8.55e+04	0.00
5713	OSLA	Random	1	0	1	98	3142027	3.21e+04	1.00	97	7525303	7.76e+04	0.00
5714	OSLA	Random	4	0	4	90	2960371	3.29e+04	1.00	89	7300182	8.20e+04	0.00
5715	OSLA	Random	0	1	1	93	3033675	3.26e+04	0.00	93	7539182	8.11e+04	1.00
5716	OSLA	Random	0	3	3	90	2916219	3.24e+04	0.00	90	7252333	8.06e+04	1.00
5717	OSLA	Random	0	1	1	94	3087892	3.28e+04	0.00	94	7902045	8.41e+04	1.00
5718	OSLA	Random	5	0	5	85	2777331	3.27e+04	1.00	84	6624472	7.89e+04	0.00
5719	OSLA	Random	0	4	4	88	2823256	3.21e+04	0.00	88	7321585	8.32e+04	1.00
5720	OSLA	Random	1	0	1	91	3036329	3.34e+04	1.00	90	7872210	8.75e+04	0.00
5721	OSLA	Random	0	1	1	94	3088580	3.29e+04	0.00	94	8165325	8.69e+04	1.00
5722	OSLA	Random	2	0	2	93	3013198	3.24e+04	1.00	92	8027308	8.73e+04	0.00
5723	OSLA	Random	2	0	2	93	3047422	3.28e+04	1.00	92	8170927	8.88e+04	0.00
5724	OSLA	Random	2	0	2	82	2565748	3.13e+04	1.00	81	5657302	6.98e+04	0.00
5725	OSLA	Random	3	0	3	88	2881416	3.27e+04	1.00	87	7658709	8.80e+04	0.00
5726	OSLA	Random	2	0	2	92	2974024	3.23e+04	1.00	91	7474588	8.21e+04	0.00
5727	OSLA	Random	1	0	1	98	3236917	3.30e+04	1.00	97	8366339	8.63e+04	0.00
5728	OSLA	Random	2	0	2	96	3090379	3.22e+04	1.00	95	8222017	8.65e+04	0.00
5729	OSLA	Random	0	1	1	94	3102615	3.30e+04	0.00	94	8411558	8.95e+04	1.00
5730	OSLA	Random	0	5	5	85	2757486	3.24e+04	0.00	85	7003674	8.24e+04	1.00
5731	OSLA	Random	1	0	1	91	2966586	3.26e+04	1.00	90	7689020	8.54e+04	0.00
5732	OSLA	Random	1	0	1	95	3064323	3.23e+04	1.00	94	7799464	8.30e+04	0.00
5733	OSLA	Random	2	0	2	94	3067282	3.26e+04	1.00	93	7987499	8.59e+04	0.00
5734	OSLA	Random	2	0	2	93	3043523	3.27e+04	1.00	92	7998438	8.69e+04	0.00
5735	OSLA	Random	0	1	1	96	3150339	3.28e+04	0.00	96	8794548	9.16e+04	1.00
5736	OSLA	Random	1	0	1	97	3185641	3.28e+04	1.00	96	8111008	8.45e+04	0.00
5737	OSLA	Random	1	0	1	95	3119401	3.28e+04	1.00	94	7251140	7.71e+04	0.00
5738	OSLA	Random	1	0	1	97	3157021	3.25e+04	1.00	96	7406383	7.71e+04	0.00
5739	OSLA	Random	0	3	3	94	3077061	3.27e+04	0.00	94	7849026	8.35e+04	1.00
5740	OSLA	Random	1	0	1	100	3279958	3.28e+04	1.00	99	8110002	8.19e+04	0.00
5741	OSLA	Random	1	0	1	98	3254839	3.32e+04	1.00	97	8067502	8.32e+04	0.00
5742	OSLA	Random	5	0	5	75	2431408	3.24e+04	1.00	74	6008457	8.12e+04	0.00
5743	OSLA	Random	0	3	3	91	2963272	3.26e+04	0.00	91	8176930	8.99e+04	1.00
5744	OSLA	Random	0	3	3	90	2933499	3.26e+04	0.00	90	7189625	7.99e+04	1.00
5745	OSLA	Random	0	1	1	99	3273420	3.31e+04	0.00	99	8530829	8.62e+04	1.00
5746	OSLA	Random	2	0	2	93	2943502	3.17e+04	1.00	92	6715571	7.30e+04	0.00
5747	OSLA	Random	1	0	1	99	3290281	3.32e+04	1.00	98	8326593	8.50e+04	0.00
5748	OSLA	Random	1	0	1	98	3212973	3.28e+04	1.00	97	7651551	7.89e+04	0.00
5749	OSLA	Random	0	1	1	99	3262952	3.30e+04	0.00	99	8255149	8.34e+04	1.00
5750	OSLA	Random	1	0	1	99	3202813	3.24e+04	1.00	98	8443650	8.62e+04	0.00
5751	OSLA	Random	1	0	1	99	3270563	3.30e+04	1.00	98	8094751	8.26e+04	0.00
5752	OSLA	Random	3	0	3	94	3106275	3.30e+04	1.00	93	7849117	8.44e+04	0.00
5753	OSLA	Random	0	2	2	98	3231793	3.30e+04	0.00	98	7981284	8.14e+04	1.00
5754	OSLA	Random	0	1	1	97	3151124	3.25e+04	0.00	97	8425237	8.69e+04	1.00
5755	OSLA	Random	2	0	2	91	2978002	3.27e+04	1.00	90	7829331	8.70e+04	0.00
5756	OSLA	Random	1	0	1	100	3262053	3.26e+04	1.00	99	7972545	8.05e+04	0.00
5757	OSLA	Random	2	0	2	96	3177664	3.31e+04	1.00	95	7742963	8.15e+04	0.00
5758	OSLA	Random	0	1	1	97	3166456	3.26e+04	0.00	97	7913271	8.16e+04	1.00
5759	OSLA	Random	0	2	2	95	3099244	3.26e+04	0.00	95	8216588	8.65e+04	1.00
5760	OSLA	Random	3	0	3	78	2482723	3.18e+04	1.00	77	6391839	8.30e+04	0.00
5761	OSLA	Random	2	0	2	88	2862676	3.25e+04	1.00	87	7413417	8.52e+04	0.00
5762	OSLA	Random	1	0	1	98	3208920	3.27e+04	1.00	97	7838263	8.08e+04	0.00
5763	OSLA	Random	2	0	2	94	3084761	3.28e+04	1.00	93	8052454	8.66e+04	0.00
5764	OSLA	Random	1	0	1	98	3204277	3.27e+04	1.00	97	8185926	8.44e+04	0.00
5765	OSLA	Random	1	0	1	94	3106116	3.30e+04	1.00	93	8344502	8.97e+04	0.00
5766	OSLA	Random	1	0	1	98	3216031	3.28e+04	1.00	97	8245147	8.50e+04	0.00
5767	OSLA	Random	0	2	2	97	3205372	3.30e+04	0.00	97	8093287	8.34e+04	1.00
5768	OSLA	Random	0	2	2	92	3076904	3.34e+04	0.00	92	7910540	8.60e+04	1.00
5769	OSLA	Random	0	1	1	93	2983525	3.21e+04	0.00	93	6795522	7.31e+04	1.00
5770	OSLA	Random	0	3	3	83	2723362	3.28e+04	0.00	83	7355632	8.86e+04	1.00
5771	OSLA	Random	3	0	3	91	3014128	3.31e+04	1.00	90	7564787	8.41e+04	0.00
5772	OSLA	Random	3	0	3	88	2861505	3.25e+04	1.00	87	7438199	8.55e+04	0.00
5773	OSLA	Random	2	0	2	97	3220284	3.32e+04	1.00	96	7915021	8.24e+04	0.00
5774	OSLA	Random	0	3	3	90	2920362	3.24e+04	0.00	90	7539117	8.38e+04	1.00
5775	OSLA	Random	0	2	2	97	3253930	3.35e+04	0.00	97	8522654	8.79e+04	1.00
5776	OSLA	Random	0	2	2	96	3150381	3.28e+04	0.00	96	8133889	8.47e+04	1.00
5777	OSLA	Random	1	0	1	90	2945063	3.27e+04	1.00	89	7048865	7.92e+04	0.00
5778	OSLA	Random	2	0	2	94	3086628	3.28e+04	1.00	93	7816277	8.40e+04	0.00
5779	OSLA	Random	0	1	1	82	2715089	3.31e+04	0.00	82	6594402	8.04e+04	1.00
5780	OSLA	Random	2	0	2	87	2821756	3.24e+04	1.00	86	7296395	8.48e+04	0.00
5781	OSLA	Random	1	0	1	94	3052386	3.25e+04	1.00	93	7410573	7.97e+04	0.00
5782	OSLA	Random	1	0	1	100	3276056	3.28e+04	1.00	99	7852737	7.93e+04	0.00
5783	OSLA	Random	3	0	3	95	3118896	3.28e+04	1.00	94	7616719	8.10e+04	0.00
5784	OSLA	Random	0	2	2	91	2933721	3.22e+04	0.00	91	7609188	8.36e+04	1.00
5785	OSLA	Random	0	1	1	98	3241628	3.31e+04	0.00	98	8049446	8.21e+04	1.00
5786	OSLA	Random	1	0	1	95	3149301	3.32e+04	1.00	94	7640856	8.13e+04	0.00
5787	OSLA	Random	1	0	1	88	2901784	3.30e+04	1.00	87	7153692	8.22e+04	0.00
5788	OSLA	Random	0	1	1	97	3214213	3.31e+04	0.00	97	7866854	8.11e+04	1.00
5789	OSLA	Random	2	0	2	93	3033724	3.26e+04	1.00	92	7882888	8.57e+04	0.00
5790	OSLA	Random	1	0	1	98	3202497	3.27e+04	1.00	97	7721535	7.96e+04	0.00
5791	OSLA	Random	2	0	2	97	3053474	3.15e+04	1.00	96	7038681	7.33e+04	0.00
5792	OSLA	Random	4	0	4	88	2882572	3.28e+04	1.00	87	7397034	8.50e+04	0.00
5793	OSLA	Random	0	1	1	96	3154149	3.29e+04	0.00	96	8283708	8.63e+04	1.00
5794	OSLA	Random	2	0	2	98	3217175	3.28e+04	1.00	97	8131809	8.38e+04	0.00
5795	OSLA	Random	0	1	1	89	2931655	3.29e+04	0.00	89	7570917	8.51e+04	1.00
5796	OSLA	Random	3	0	3	90	2972607	3.30e+04	1.00	89	7427102	8.35e+04	0.00
5797	OSLA	Random	2	0	2	98	3202178	3.27e+04	1.00	97	7733858	7.97e+04	0.00
5798	OSLA	Random	0	2	2	90	2980456	3.31e+04	0.00	90	6905534	7.67e+04	1.00
5799	OSLA	Random	6	0	6	89	2887344	3.24e+04	1.00	88	7455052	8.47e+04	0.00
5800	OSLA	Random	1	0	1	88	2825201	3.21e+04	1.00	87	7329384	8.42e+04	0.00
5801	OSLA	Random	2	0	2	92	3016441	3.28e+04	1.00	91	7957576	8.74e+04	0.00
5802	OSLA	Random	2	0	2	95	3107683	3.27e+04	1.00	94	7875026	8.38e+04	0.00
5803	OSLA	Random	0	1	1	99	3282472	3.32e+04	0.00	99	8175309	8.26e+04	1.00
5804	OSLA	Random	6	0	6	78	2567534	3.29e+04	1.00	77	6848082	8.89e+04	0.00
5805	OSLA	Random	4	0	4	79	2568483	3.25e+04	1.00	78	6817468	8.74e+04	0.00
5806	OSLA	Random	2	0	2	85	2720531	3.20e+04	1.00	84	6565411	7.82e+04	0.00
5807	OSLA	Random	0	1	1	98	3182016	3.25e+04	0.00	98	8120649	8.29e+04	1.00
5808	OSLA	Random	1	0	1	96	3085869	3.21e+04	1.00	95	7233991	7.61e+04	0.00
5809	OSLA	Random	0	5	5	83	2684890	3.23e+04	0.00	83	6953885	8.38e+04	1.00
5810	OSLA	Random	0	1	1	98	3179249	3.24e+04	0.00	98	7543847	7.70e+04	1.00
5811	OSLA	Random	0	1	1	94	3097473	3.30e+04	0.00	94	7807393	8.31e+04	1.00
5812	OSLA	Random	3	0	3	91	2961455	3.25e+04	1.00	90	7115740	7.91e+04	0.00
5813	OSLA	Random	0	2	2	81	2621327	3.24e+04	0.00	81	6698717	8.27e+04	1.00
5814	OSLA	Random	0	2	2	85	2674655	3.15e+04	0.00	85	6026339	7.09e+04	1.00
5815	OSLA	Random	0	3	3	89	2944753	3.31e+04	0.00	89	7880508	8.85e+04	1.00
5816	OSLA	Random	1	0	1	98	3250148	3.32e+04	1.00	97	8418552	8.68e+04	0.00
5817	OSLA	Random	0	1	1	90	2913277	3.24e+04	0.00	90	7428731	8.25e+04	1.00
5818	OSLA	Random	0	1	1	95	3105953	3.27e+04	0.00	95	8320841	8.76e+04	1.00
5819	OSLA	Random	0	1	1	97	3229762	3.33e+04	0.00	97	7515088	7.75e+04	1.00
5820	OSLA	Random	0	1	1	96	3127180	3.26e+04	0.00	96	8124377	8.46e+04	1.00
5821	OSLA	Random	0	1	1	90	2944297	3.27e+04	0.00	90	6971439	7.75e+04	1.00
5822	OSLA	Random	0	3	3	86	2846502	3.31e+04	0.00	86	7741161	9.00e+04	1.00
5823	OSLA	Random	0	3	3	85	2778919	3.27e+04	0.00	85	6994977	8.23e+04	1.00
5824	OSLA	Random	0	1	1	94	3064709	3.26e+04	0.00	94	8260549	8.79e+04	1.00
5825	OSLA	Random	2	0	2	83	2701373	3.25e+04	1.00	82	7029663	8.57e+04	0.00
5826	OSLA	Random	0	1	1	97	3146825	3.24e+04	0.00	97	7767592	8.01e+04	1.00
5827	OSLA	Random	1	0	1	99	3214197	3.25e+04	1.00	98	8239539	8.41e+04	0.00
5828	OSLA	Random	1	0	1	96	3063267	3.19e+04	1.00	95	7521793	7.92e+04	0.00
5829	OSLA	Random	1	0	1	96	3188156	3.32e+04	1.00	95	8377164	8.82e+04	0.00
5830	OSLA	Random	2	0	2	93	3098741	3.33e+04	1.00	92	7882121	8.57e+04	0.00
5831	OSLA	Random	1	0	1	96	3176074	3.31e+04	1.00	95	8214425	8.65e+04	0.00
5832	OSLA	Random	2	0	2	90	2875902	3.20e+04	1.00	89	7190920	8.08e+04	0.00
5833	OSLA	Random	2	0	2	96	3134001	3.26e+04	1.00	95	7493453	7.89e+04	0.00
5834	OSLA	Random	0	3	3	90	2867496	3.19e+04	0.00	90	7238678	8.04e+04	1.00
5835	OSLA	Random	0	1	1	97	3174434	3.27e+04	0.00	97	8128151	8.38e+04	1.00
5836	OSLA	Random	3	0	3	90	2885077	3.21e+04	1.00	89	6589070	7.40e+04	0.00
5837	OSLA	Random	0	1	1	94	3042524	3.24e+04	0.00	94	7436411	7.91e+04	1.00
5838	OSLA	Random	1	0	1	97	3190413	3.29e+04	1.00	96	8129116	8.47e+04	0.00
5839	OSLA	Random	3	0	3	85	2751751	3.24e+04	1.00	84	6849148	8.15e+04	0.00
5840	OSLA	Random	0	1	1	90	2916005	3.24e+04	0.00	90	7957905	8.84e+04	1.00
5841	OSLA	Random	3	0	3	89	2955829	3.32e+04	1.00	88	7442443	8.46e+04	0.00
5842	OSLA	Random	2	0	2	82	2666441	3.25e+04	1.00	81	6884164	8.50e+04	0.00
5843	OSLA	Random	4	0	4	91	2966214	3.26e+04	1.00	90	7280083	8.09e+04	0.00
5844	OSLA	Random	1	0	1	93	3060193	3.29e+04	1.00	92	7727712	8.40e+04	0.00
5845	OSLA	Random	0	2	2	97	3170882	3.27e+04	0.00	97	8385590	8.64e+04	1.00
5846	OSLA	Random	5	0	5	78	2543632	3.26e+04	1.00	77	6580362	8.55e+04	0.00
5847	OSLA	Random	1	0	1	96	3181900	3.31e+04	1.00	95	7720521	8.13e+04	0.00
5848	OSLA	Random	0	1	1	96	3152750	3.28e+04	0.00	96	8129578	8.47e+04	1.00
5849	OSLA	Random	3	0	3	96	3154984	3.29e+04	1.00	95	7969102	8.39e+04	0.00
5850	OSLA	Random	0	2	2	96	3171556	3.30e+04	0.00	96	8274763	8.62e+04	1.00
5851	OSLA	Random	1	0	1	98	3207399	3.27e+04	1.00	97	8219990	8.47e+04	0.00
5852	OSLA	Random	0	1	1	97	3043780	3.14e+04	0.00	97	7856977	8.10e+04	1.00
5853	OSLA	Random	2	0	2	82	2751720	3.36e+04	1.00	81	6690739	8.26e+04	0.00
5854	OSLA	Random	1	0	1	96	3184502	3.32e+04	1.00	95	7758715	8.17e+04	0.00
5855	OSLA	Random	1	0	1	97	3182965	3.28e+04	1.00	96	8055416	8.39e+04	0.00
5856	OSLA	Random	2	0	2	97	3132266	3.23e+04	1.00	96	7943369	8.27e+04	0.00
5857	OSLA	Random	1	0	1	93	3004338	3.23e+04	1.00	92	7217283	7.84e+04	0.00
5858	OSLA	Random	0	1	1	92	2999854	3.26e+04	0.00	92	7648328	8.31e+04	1.00
5859	OSLA	Random	2	0	2	91	2928100	3.22e+04	1.00	90	6627856	7.36e+04	0.00
5860	OSLA	Random	0	1	1	92	3005035	3.27e+04	0.00	92	7969475	8.66e+04	1.00
5861	OSLA	Random	2	0	2	93	3088457	3.32e+04	1.00	92	8170905	8.88e+04	0.00
5862	OSLA	Random	0	1	1	94	3057777	3.25e+04	0.00	94	7936609	8.44e+04	1.00
5863	OSLA	Random	2	0	2	92	3036048	3.30e+04	1.00	91	8047364	8.84e+04	0.00
5864	OSLA	Random	0	3	3	84	2768873	3.30e+04	0.00	84	6953030	8.28e+04	1.00
5865	OSLA	Random	0	4	4	77	2547404	3.31e+04	0.00	77	6308126	8.19e+04	1.00
5866	OSLA	Random	4	0	4	87	2807113	3.23e+04	1.00	86	7299584	8.49e+04	0.00
5867	OSLA	Random	0	1	1	98	3204018	3.27e+04	0.00	98	8277680	8.45e+04	1.00
5868	OSLA	Random	1	0	1	93	2999196	3.22e+04	1.00	92	7619594	8.28e+04	0.00
5869	OSLA	Random	5	0	5	91	2973736	3.27e+04	1.00	90	7218209	8.02e+04	0.00
5870	OSLA	Random	5	0	5	77	2517544	3.27e+04	1.00	76	6558783	8.63e+04	0.00
5871	OSLA	Random	1	0	1	86	2764667	3.21e+04	1.00	85	7086693	8.34e+04	0.00
5872	OSLA	Random	2	0	2	95	3083985	3.25e+04	1.00	94	7801628	8.30e+04	0.00
5873	OSLA	Random	4	0	4	91	2996488	3.29e+04	1.00	90	7811688	8.68e+04	0.00
5874	OSLA	Random	0	3	3	82	2670852	3.26e+04	0.00	82	6904102	8.42e+04	1.00
5875	OSLA	Random	1	0	1	96	3167406	3.30e+04	1.00	95	8050984	8.47e+04	0.00
5876	OSLA	Random	0	1	1	94	3058017	3.25e+04	0.00	94	8047503	8.56e+04	1.00
5877	OSLA	Random	3	0	3	62	2005362	3.23e+04	1.00	61	5145142	8.43e+04	0.00
5878	OSLA	Random	2	0	2	91	2957754	3.25e+04	1.00	90	7304207	8.12e+04	0.00
5879	OSLA	Random	1	0	1	99	3304997	3.34e+04	1.00	98	8473721	8.65e+04	0.00
5880	OSLA	Random	1	0	1	90	2959745	3.29e+04	1.00	89	7502267	8.43e+04	0.00
5881	OSLA	Random	1	0	1	98	3232500	3.30e+04	1.00	97	8069535	8.32e+04	0.00
5882	OSLA	Random	4	0	4	82	2578150	3.14e+04	1.00	81	5789121	7.15e+04	0.00
5883	OSLA	Random	0	1	1	92	3000351	3.26e+04	0.00	92	7531023	8.19e+04	1.00
5884	OSLA	Random	1	0	1	100	3298063	3.30e+04	1.00	99	8391170	8.48e+04	0.00
5885	OSLA	Random	1	0	1	98	3229843	3.30e+04	1.00	97	8042573	8.29e+04	0.00
5886	OSLA	Random	2	0	2	95	3124382	3.29e+04	1.00	94	8001022	8.51e+04	0.00
5887	OSLA	Random	0	1	1	99	3261682	3.29e+04	0.00	99	7851276	7.93e+04	1.00
5888	OSLA	Random	0	1	1	96	3162164	3.29e+04	0.00	96	8617690	8.98e+04	1.00
5889	OSLA	Random	0	1	1	89	2954555	3.32e+04	0.00	89	7698357	8.65e+04	1.00
5890	OSLA	Random	3	0	3	92	3046595	3.31e+04	1.00	91	7811603	8.58e+04	0.00
5891	OSLA	Random	1	0	1	99	3317549	3.35e+04	1.00	98	7895937	8.06e+04	0.00
5892	OSLA	Random	2	0	2	91	2971985	3.27e+04	1.00	90	7863741	8.74e+04	0.00
5893	OSLA	Random	0	1	1	94	3029155	3.22e+04	0.00	94	7756881	8.25e+04	1.00
5894	OSLA	Random	1	0	1	95	3123877	3.29e+04	1.00	94	7782293	8.28e+04	0.00
5895	OSLA	Random	0	1	1	87	2861442	3.29e+04	0.00	87	7556210	8.69e+04	1.00
5896	OSLA	Random	1	0	1	97	3250442	3.35e+04	1.00	96	8062116	8.40e+04	0.00
5897	OSLA	Random	0	1	1	96	3206288	3.34e+04	0.00	96	8585524	8.94e+04	1.00
5898	OSLA	Random	2	0	2	88	2884372	3.28e+04	1.00	87	7184804	8.26e+04	0.00
5899	OSLA	Random	0	1	1	97	3246194	3.35e+04	0.00	97	8346630	8.60e+04	1.00
5900	OSLA	Random	1	0	1	96	3084079	3.21e+04	1.00	95	7940450	8.36e+04	0.00
5901	OSLA	Random	1	0	1	96	3177025	3.31e+04	1.00	95	7932770	8.35e+04	0.00
5902	OSLA	Random	1	0	1	94	3110188	3.31e+04	1.00	93	7392121	7.95e+04	0.00
5903	OSLA	Random	2	0	2	92	3057118	3.32e+04	1.00	91	7894450	8.68e+04	0.00
5904	OSLA	Random	3	0	3	87	2703280	3.11e+04	1.00	86	6198017	7.21e+04	0.00
5905	OSLA	Random	2	0	2	89	2920745	3.28e+04	1.00	88	7684532	8.73e+04	0.00
5906	OSLA	Random	2	0	2	97	3144135	3.24e+04	1.00	96	7618175	7.94e+04	0.00
5907	OSLA	Random	0	5	5	79	2585447	3.27e+04	0.00	79	6749550	8.54e+04	1.00
5908	OSLA	Random	9	0	9	66	2155189	3.27e+04	1.00	65	5293284	8.14e+04	0.00
5909	OSLA	Random	1	0	1	99	3232110	3.26e+04	1.00	98	8106316	8.27e+04	0.00
5910	OSLA	Random	1	0	1	96	3106681	3.24e+04	1.00	95	8016420	8.44e+04	0.00
5911	OSLA	Random	1	0	1	96	3163169	3.29e+04	1.00	95	7856220	8.27e+04	0.00
5912	OSLA	Random	4	0	4	87	2928293	3.37e+04	1.00	86	7076522	8.23e+04	0.00
5913	OSLA	Random	0	1	1	83	2710239	3.27e+04	0.00	83	7303642	8.80e+04	1.00
5914	OSLA	Random	2	0	2	82	2651397	3.23e+04	1.00	81	6548463	8.08e+04	0.00
5915	OSLA	Random	5	0	5	84	2797983	3.33e+04	1.00	83	6821010	8.22e+04	0.00
5916	OSLA	Random	2	0	2	96	3158824	3.29e+04	1.00	95	8076193	8.50e+04	0.00
5917	OSLA	Random	3	0	3	89	2915137	3.28e+04	1.00	88	7266136	8.26e+04	0.00
5918	OSLA	Random	1	0	1	99	3242049	3.27e+04	1.00	98	8529308	8.70e+04	0.00
5919	OSLA	Random	0	2	2	94	3075500	3.27e+04	0.00	94	8194184	8.72e+04	1.00
5920	OSLA	Random	0	2	2	90	2930933	3.26e+04	0.00	90	7795753	8.66e+04	1.00
5921	OSLA	Random	0	1	1	76	2475444	3.26e+04	0.00	76	6720799	8.84e+04	1.00
5922	OSLA	Random	4	0	4	82	2611314	3.18e+04	1.00	81	6351973	7.84e+04	0.00
5923	OSLA	Random	2	0	2	94	3134700	3.33e+04	1.00	93	7514351	8.08e+04	0.00
5924	OSLA	Random	0	2	2	86	2781529	3.23e+04	0.00	86	6770664	7.87e+04	1.00
5925	OSLA	Random	1	0	1	94	3059188	3.25e+04	1.00	93	7575082	8.15e+04	0.00
5926	OSLA	Random	1	0	1	92	2959804	3.22e+04	1.00	91	7318474	8.04e+04	0.00
5927	OSLA	Random	1	0	1	92	2918004	3.17e+04	1.00	91	6836867	7.51e+04	0.00
5928	OSLA	Random	0	1	1	97	3170697	3.27e+04	0.00	97	8232765	8.49e+04	1.00
5929	OSLA	Random	2	0	2	89	2938940	3.30e+04	1.00	88	7524227	8.55e+04	0.00
5930	OSLA	Random	1	0	1	100	3201833	3.20e+04	1.00	99	8246133	8.33e+04	0.00
5931	OSLA	Random	3	0	3	77	2544884	3.31e+04	1.00	76	6325299	8.32e+04	0.00
5932	OSLA	Random	1	0	1	95	3094830	3.26e+04	1.00	94	7662640	8.15e+04	0.00
5933	OSLA	Random	0	1	1	96	3142826	3.27e+04	0.00	96	8299250	8.65e+04	1.00
5934	OSLA	Random	0	2	2	86	2823649	3.28e+04	0.00	86	7281757	8.47e+04	1.00
5935	OSLA	Random	0	3	3	93	3060818	3.29e+04	0.00	93	7836146	8.43e+04	1.00
5936	OSLA	Random	0	2	2	85	2788221	3.28e+04	0.00	85	7112138	8.37e+04	1.00
5937	OSLA	Random	2	0	2	94	3106895	3.31e+04	1.00	93	7669771	8.25e+04	0.00
5938	OSLA	Random	3	0	3	93	3028925	3.26e+04	1.00	92	7969276	8.66e+04	0.00
5939	OSLA	Random	0	1	1	91	3041108	3.34e+04	0.00	91	7684374	8.44e+04	1.00
5940	OSLA	Random	5	0	5	83	2703909	3.26e+04	1.00	82	6287678	7.67e+04	0.00
5941	OSLA	Random	0	1	1	89	2941806	3.31e+04	0.00	89	7532736	8.46e+04	1.00
5942	OSLA	Random	0	1	1	90	2949310	3.28e+04	0.00	90	7863756	8.74e+04	1.00
5943	OSLA	Random	1	0	1	95	3171962	3.34e+04	1.00	94	8372923	8.91e+04	0.00
5944	OSLA	Random	2	0	2	96	3147888	3.28e+04	1.00	95	7690558	8.10e+04	0.00
5945	OSLA	Random	3	0	3	90	2924694	3.25e+04	1.00	89	7081567	7.96e+04	0.00
5946	OSLA	Random	0	1	1	99	3207957	3.24e+04	0.00	99	7788865	7.87e+04	1.00
5947	OSLA	Random	3	0	3	79	2555535	3.23e+04	1.00	78	6712529	8.61e+04	0.00
5948	OSLA	Random	0	4	4	88	2784667	3.16e+04	0.00	88	7223485	8.21e+04	1.00
5949	OSLA	Random	0	3	3	90	2964225	3.29e+04	0.00	90	7483884	8.32e+04	1.00
5950	OSLA	Random	0	2	2	84	2600654	3.10e+04	0.00	84	6084963	7.24e+04	1.00
5951	OSLA	Random	0	1	1	95	3187147	3.35e+04	0.00	95	8207652	8.64e+04	1.00
5952	OSLA	Random	0	1	1	96	3102877	3.23e+04	0.00	96	8462333	8.81e+04	1.00
5953	OSLA	Random	0	3	3	80	2611880	3.26e+04	0.00	80	6556578	8.20e+04	1.00
5954	OSLA	Random	0	1	1	96	3152047	3.28e+04	0.00	96	8157397	8.50e+04	1.00
5955	OSLA	Random	1	0	1	96	3153587	3.28e+04	1.00	95	8094330	8.52e+04	0.00
5956	OSLA	Random	3	0	3	91	2971719	3.27e+04	1.00	90	7495852	8.33e+04	0.00
5957	OSLA	Random	1	0	1	94	3097141	3.29e+04	1.00	93	7608759	8.18e+04	0.00
5958	OSLA	Random	0	4	4	94	3052013	3.25e+04	0.00	94	7931957	8.44e+04	1.00
5959	OSLA	Random	0	1	1	92	3027139	3.29e+04	0.00	92	7982044	8.68e+04	1.00
5960	OSLA	Random	0	2	2	89	2889298	3.25e+04	0.00	89	7704263	8.66e+04	1.00
5961	OSLA	Random	1	0	1	97	3168439	3.27e+04	1.00	96	8095725	8.43e+04	0.00
5962	OSLA	Random	0	2	2	92	3009409	3.27e+04	0.00	92	7737612	8.41e+04	1.00
5963	OSLA	Random	0	1	1	94	3103816	3.30e+04	0.00	94	7837662	8.34e+04	1.00
5964	OSLA	Random	0	1	1	97	3144177	3.24e+04	0.00	97	7687019	7.92e+04	1.00
5965	OSLA	Random	0	1	1	92	3046662	3.31e+04	0.00	92	7575115	8.23e+04	1.00
5966	OSLA	Random	0	1	1	92	3068529	3.34e+04	0.00	92	7420190	8.07e+04	1.00
5967	OSLA	Random	1	0	1	90	2969601	3.30e+04	1.00	89	7171415	8.06e+04	0.00
5968	OSLA	Random	0	1	1	95	3116773	3.28e+04	0.00	95	8189465	8.62e+04	1.00
5969	OSLA	Random	0	1	1	97	3182046	3.28e+04	0.00	97	7981202	8.23e+04	1.00
5970	OSLA	Random	0	1	1	99	3196401	3.23e+04	0.00	99	8120183	8.20e+04	1.00
5971	OSLA	Random	2	0	2	95	3118549	3.28e+04	1.00	94	7994553	8.50e+04	0.00
5972	OSLA	Random	0	2	2	96	3078346	3.21e+04	0.00	96	8286355	8.63e+04	1.00
5973	OSLA	Random	1	0	1	96	3089809	3.22e+04	1.00	95	7211448	7.59e+04	0.00
5974	OSLA	Random	2	0	2	92	2940425	3.20e+04	1.00	91	7163521	7.87e+04	0.00
5975	OSLA	Random	0	1	1	93	3110521	3.34e+04	0.00	93	8307032	8.93e+04	1.00
5976	OSLA	Random	0	1	1	99	3166797	3.20e+04	0.00	99	8139672	8.22e+04	1.00
5977	OSLA	Random	0	2	2	92	3067898	3.33e+04	0.00	92	7976095	8.67e+04	1.00
5978	OSLA	Random	2	0	2	93	2979461	3.20e+04	1.00	92	7173490	7.80e+04	0.00
5979	OSLA	Random	0	1	1	93	3062150	3.29e+04	0.00	93	7664108	8.24e+04	1.00
5980	OSLA	Random	0	1	1	81	2561255	3.16e+04	0.00	81	6592815	8.14e+04	1.00
5981	OSLA	Random	0	1	1	92	2993163	3.25e+04	0.00	92	7867366	8.55e+04	1.00
5982	OSLA	Random	1	0	1	98	3208641	3.27e+04	1.00	97	7960980	8.21e+04	0.00
5983	OSLA	Random	0	4	4	78	2546986	3.27e+04	0.00	78	6714291	8.61e+04	1.00
5984	OSLA	Random	0	1	1	99	3250070	3.28e+04	0.00	99	8455145	8.54e+04	1.00
5985	OSLA	Random	0	1	1	99	3278958	3.31e+04	0.00	99	8488726	8.57e+04	1.00
5986	OSLA	Random	0	1	1	92	3042854	3.31e+04	0.00	92	7479229	8.13e+04	1.00
5987	OSLA	Random	2	0	2	95	3104814	3.27e+04	1.00	94	7901107	8.41e+04	0.00
5988	OSLA	Random	0	3	3	96	3159611	3.29e+04	0.00	96	8356957	8.71e+04	1.00
5989	OSLA	Random	2	0	2	91	2970330	3.26e+04	1.00	90	7718329	8.58e+04	0.00
5990	OSLA	Random	2	0	2	95	3042895	3.20e+04	1.00	94	7705958	8.20e+04	0.00
5991	OSLA	Random	0	3	3	90	2919856	3.24e+04	0.00	90	7519761	8.36e+04	1.00
5992	OSLA	Random	0	2	2	96	3214131	3.35e+04	0.00	96	8215023	8.56e+04	1.00
5993	OSLA	Random	1	0	1	99	3211005	3.24e+04	1.00	98	8556094	8.73e+04	0.00
5994	OSLA	Random	0	2	2	86	2785957	3.24e+04	0.00	86	7322008	8.51e+04	1.00
5995	OSLA	Random	3	0	3	93	2915888	3.14e+04	1.00	92	6569433	7.14e+04	0.00
5996	OSLA	Random	1	0	1	95	3033341	3.19e+04	1.00	94	7493304	7.97e+04	0.00
5997	OSLA	Random	2	0	2	92	3052148	3.32e+04	1.00	91	7657842	8.42e+04	0.00
5998	OSLA	Random	5	0	5	93	2975801	3.20e+04	1.00	92	7840741	8.52e+04	0.00
5999	OSLA	Random	1	0	1	95	3077714	3.24e+04	1.00	94	8375737	8.91e+04	0.00
6000	OSLA	Random	0	1	1	97	3126229	3.22e+04	0.00	97	7800107	8.04e+04	1.00
6001	OSLA	Random	0	1	1	95	3095605	3.26e+04	0.00	95	7735275	8.14e+04	1.00
6002	MAST	IS-MCTS	1	0	1	8005	285988475	3.57e+04	1.00	6519	237347852	3.64e+04	0.00
6003	MAST	IS-MCTS	1	0	1	11278	388849376	3.45e+04	1.00	9852	341622486	3.47e+04	0.00
6004	MAST	IS-MCTS	1	0	1	12849	421966963	3.28e+04	1.00	11553	388042666	3.36e+04	0.00
6005	MAST	IS-MCTS	0	2	2	7498	270693038	3.61e+04	0.00	9100	322121065	3.54e+04	1.00
6006	MAST	IS-MCTS	0	2	2	7422	266332028	3.59e+04	0.00	9854	341312093	3.46e+04	1.00
6007	MAST	IS-MCTS	0	1	1	9368	328302238	3.50e+04	0.00	10006	345677832	3.45e+04	1.00
6008	MAST	IS-MCTS	1	0	1	9953	346730840	3.48e+04	1.00	11242	388595221	3.46e+04	0.00
6009	MAST	IS-MCTS	1	0	1	8275	299021395	3.61e+04	1.00	7607	275457824	3.62e+04	0.00
6010	MAST	IS-MCTS	3	0	3	10752	404279915	3.76e+04	1.00	6323	229578191	3.63e+04	0.00
6011	MAST	IS-MCTS	2	0	2	5634	209309265	3.72e+04	1.00	5257	196312447	3.73e+04	0.00
6012	MAST	IS-MCTS	1	0	1	13801	458055279	3.32e+04	1.00	12994	432787755	3.33e+04	0.00
6013	MAST	IS-MCTS	5	0	5	8296	299665664	3.61e+04	1.00	5159	194231264	3.76e+04	0.00
6014	MAST	IS-MCTS	0	2	2	5913	217710071	3.68e+04	0.00	7162	258835728	3.61e+04	1.00
6015	MAST	IS-MCTS	0	1	1	8960	318564071	3.56e+04	0.00	10898	377692291	3.47e+04	1.00
6016	MAST	IS-MCTS	2	0	2	8398	301530526	3.59e+04	1.00	6273	231729088	3.69e+04	0.00
6017	MAST	IS-MCTS	0	1	1	11040	378148616	3.43e+04	0.00	14498	485278637	3.35e+04	1.00
6018	MAST	IS-MCTS	1	0	1	11707	384478014	3.28e+04	1.00	13689	442745605	3.23e+04	0.00
6019	MAST	IS-MCTS	0	1	1	13929	466870595	3.35e+04	0.00	14385	483270227	3.36e+04	1.00
6020	MAST	IS-MCTS	4	0	4	6132	225405692	3.68e+04	1.00	5464	204865839	3.75e+04	0.00
6021	MAST	IS-MCTS	2	0	2	9260	328009131	3.54e+04	1.00	9378	332852649	3.55e+04	0.00
6022	MAST	IS-MCTS	1	0	1	7931	280496769	3.54e+04	1.00	7123	260074926	3.65e+04	0.00
6023	MAST	IS-MCTS	2	0	2	8009	290131294	3.62e+04	1.00	7760	282954603	3.65e+04	0.00
6024	MAST	IS-MCTS	0	2	2	6736	244498861	3.63e+04	0.00	8139	315999244	3.88e+04	1.00
6025	MAST	IS-MCTS	4	0	4	6371	238783920	3.75e+04	1.00	4450	170619243	3.83e+04	0.00
6026	MAST	IS-MCTS	0	1	1	10063	354338672	3.52e+04	0.00	9998	349321925	3.49e+04	1.00
6027	MAST	IS-MCTS	0	1	1	13893	477797276	3.44e+04	0.00	12417	421515220	3.39e+04	1.00
6028	MAST	IS-MCTS	0	1	1	11259	382496094	3.40e+04	0.00	11611	389811579	3.36e+04	1.00
6029	MAST	IS-MCTS	0	1	1	10531	367329936	3.49e+04	0.00	10990	380142712	3.46e+04	1.00
6030	MAST	IS-MCTS	0	1	1	7465	267373488	3.58e+04	0.00	8190	414422305	5.06e+04	1.00
6031	MAST	IS-MCTS	1	0	1	9658	341397213	3.53e+04	1.00	9081	320751268	3.53e+04	0.00
6032	MAST	IS-MCTS	2	0	2	9042	323102326	3.57e+04	1.00	6167	231295823	3.75e+04	0.00
6033	MAST	IS-MCTS	0	1	1	8282	298662365	3.61e+04	0.00	6927	254414282	3.67e+04	1.00
6034	MAST	IS-MCTS	2	0	2	7820	283383563	3.62e+04	1.00	7434	271467460	3.65e+04	0.00
6035	MAST	IS-MCTS	0	1	1	13528	538920952	3.98e+04	0.00	13709	458711525	3.35e+04	1.00
6036	MAST	IS-MCTS	0	2	2	6866	250296082	3.65e+04	0.00	8363	298074288	3.56e+04	1.00
6037	MAST	IS-MCTS	0	1	1	9990	469577142	4.70e+04	0.00	10796	374549445	3.47e+04	1.00
6038	MAST	IS-MCTS	1	0	1	11483	392628213	3.42e+04	1.00	11283	391882405	3.47e+04	0.00
6039	MAST	IS-MCTS	0	1	1	13682	454647836	3.32e+04	0.00	16770	554265555	3.31e+04	1.00
6040	MAST	IS-MCTS	0	1	1	9963	338062318	3.39e+04	0.00	11431	383204142	3.35e+04	1.00
6041	MAST	IS-MCTS	5	0	5	5501	206278625	3.75e+04	1.00	5046	193525568	3.84e+04	0.00
6042	MAST	IS-MCTS	1	0	1	9421	328470134	3.49e+04	1.00	9264	325184678	3.51e+04	0.00
6043	MAST	IS-MCTS	1	0	1	11530	387347033	3.36e+04	1.00	11565	395011139	3.42e+04	0.00
6044	MAST	IS-MCTS	2	0	2	6954	248391746	3.57e+04	1.00	6461	238437823	3.69e+04	0.00
6045	MAST	IS-MCTS	0	1	1	8930	310081272	3.47e+04	0.00	9250	324686248	3.51e+04	1.00
6046	MAST	IS-MCTS	0	2	2	11012	369812522	3.36e+04	0.00	12532	419175353	3.34e+04	1.00
6047	MAST	IS-MCTS	3	0	3	9882	352129512	3.56e+04	1.00	5456	204657569	3.75e+04	0.00
6048	MAST	IS-MCTS	0	2	2	8344	292310941	3.50e+04	0.00	8823	307758007	3.49e+04	1.00
6049	MAST	IS-MCTS	1	0	1	15564	511946427	3.29e+04	1.00	15754	528887624	3.36e+04	0.00
6050	MAST	IS-MCTS	1	0	1	13540	456619206	3.37e+04	1.00	9891	344017862	3.48e+04	0.00
6051	MAST	IS-MCTS	1	0	1	13812	462948999	3.35e+04	1.00	12625	427105297	3.38e+04	0.00
6052	MAST	IS-MCTS	0	4	4	5251	196752724	3.75e+04	0.00	8563	390577950	4.56e+04	1.00
6053	MAST	IS-MCTS	0	4	4	5319	197592539	3.71e+04	0.00	8250	295763409	3.59e+04	1.00
6054	MAST	IS-MCTS	4	0	4	7864	282616139	3.59e+04	1.00	4606	174710212	3.79e+04	0.00
6055	MAST	IS-MCTS	0	1	1	11655	396121005	3.40e+04	0.00	13007	437318084	3.36e+04	1.00
6056	MAST	IS-MCTS	0	6	6	4780	180244301	3.77e+04	0.00	6633	240434828	3.62e+04	1.00
6057	MAST	IS-MCTS	1	0	1	11291	387358832	3.43e+04	1.00	10211	358463340	3.51e+04	0.00
6058	MAST	IS-MCTS	1	0	1	12692	428701543	3.38e+04	1.00	10917	371798814	3.41e+04	0.00
6059	MAST	IS-MCTS	1	0	1	12240	421880686	3.45e+04	1.00	13299	566661230	4.26e+04	0.00
6060	MAST	IS-MCTS	1	0	1	8162	289921488	3.55e+04	1.00	9854	342420799	3.47e+04	0.00
6061	MAST	IS-MCTS	1	0	1	11206	381603272	3.41e+04	1.00	12631	423742524	3.35e+04	0.00
6062	MAST	IS-MCTS	4	0	4	10610	369395799	3.48e+04	1.00	8790	311061016	3.54e+04	0.00
6063	MAST	IS-MCTS	0	1	1	12070	407826432	3.38e+04	0.00	13049	431727573	3.31e+04	1.00
6064	MAST	IS-MCTS	0	1	1	13993	460398493	3.29e+04	0.00	14934	488792832	3.27e+04	1.00
6065	MAST	IS-MCTS	3	0	3	8489	300954224	3.55e+04	1.00	8015	289327086	3.61e+04	0.00
6066	MAST	IS-MCTS	0	2	2	5407	203470448	3.76e+04	0.00	9358	334480692	3.57e+04	1.00
6067	MAST	IS-MCTS	3	0	3	7255	263487892	3.63e+04	1.00	6989	257160915	3.68e+04	0.00
6068	MAST	IS-MCTS	1	0	1	10800	367808479	3.41e+04	1.00	9920	345459595	3.48e+04	0.00
6069	MAST	IS-MCTS	0	1	1	9236	329288900	3.57e+04	0.00	8942	321831972	3.60e+04	1.00
6070	MAST	IS-MCTS	0	1	1	10946	416915673	3.81e+04	0.00	10022	350952820	3.50e+04	1.00
6071	MAST	IS-MCTS	2	0	2	7478	268286954	3.59e+04	1.00	7257	262248168	3.61e+04	0.00
6072	MAST	IS-MCTS	2	0	2	11631	398611833	3.43e+04	1.00	9311	327141449	3.51e+04	0.00
6073	MAST	IS-MCTS	1	0	1	12019	413527736	3.44e+04	1.00	9714	342614499	3.53e+04	0.00
6074	MAST	IS-MCTS	1	0	1	10631	368276247	3.46e+04	1.00	9809	342813428	3.49e+04	0.00
6075	MAST	IS-MCTS	2	0	2	7529	276405379	3.67e+04	1.00	6557	243466557	3.71e+04	0.00
6076	MAST	IS-MCTS	2	0	2	15665	514764423	3.29e+04	1.00	11946	404192491	3.38e+04	0.00
6077	MAST	IS-MCTS	0	1	1	12347	422714228	3.42e+04	0.00	12169	418090071	3.44e+04	1.00
6078	MAST	IS-MCTS	5	0	5	11809	404419735	3.42e+04	1.00	7178	258387388	3.60e+04	0.00
6079	MAST	IS-MCTS	3	0	3	6497	236303734	3.64e+04	1.00	4021	153407147	3.82e+04	0.00
6080	MAST	IS-MCTS	0	4	4	4027	156211730	3.88e+04	0.00	5765	214287849	3.72e+04	1.00
6081	MAST	IS-MCTS	1	0	1	8863	396333196	4.47e+04	1.00	7935	287520532	3.62e+04	0.00
6082	MAST	IS-MCTS	1	0	1	15380	499103972	3.25e+04	1.00	15627	510775986	3.27e+04	0.00
6083	MAST	IS-MCTS	1	0	1	13927	559938381	4.02e+04	1.00	12819	433967281	3.39e+04	0.00
6084	MAST	IS-MCTS	0	2	2	8861	312957278	3.53e+04	0.00	9299	325597919	3.50e+04	1.00
6085	MAST	IS-MCTS	0	3	3	6967	252209076	3.62e+04	0.00	7857	279268860	3.55e+04	1.00
6086	MAST	IS-MCTS	3	0	3	6734	245878054	3.65e+04	1.00	5922	221367084	3.74e+04	0.00
6087	MAST	IS-MCTS	0	1	1	9620	335952812	3.49e+04	0.00	10184	353886407	3.47e+04	1.00
6088	MAST	IS-MCTS	0	3	3	5368	199597900	3.72e+04	0.00	5975	220463035	3.69e+04	1.00
6089	MAST	IS-MCTS	0	4	4	5682	211725949	3.73e+04	0.00	7277	264685885	3.64e+04	1.00
6090	MAST	IS-MCTS	0	1	1	14597	473404820	3.24e+04	0.00	14579	568529080	3.90e+04	1.00
6091	MAST	IS-MCTS	0	1	1	16813	540836187	3.22e+04	0.00	17831	570239656	3.20e+04	1.00
6092	MAST	IS-MCTS	2	0	2	11000	382654357	3.48e+04	1.00	10023	419445344	4.18e+04	0.00
6093	MAST	IS-MCTS	0	1	1	11679	394717460	3.38e+04	0.00	14079	466570829	3.31e+04	1.00
6094	MAST	IS-MCTS	1	0	1	12611	423170308	3.36e+04	1.00	12128	410492078	3.38e+04	0.00
6095	MAST	IS-MCTS	1	0	1	12832	431867109	3.37e+04	1.00	11822	399506402	3.38e+04	0.00
6096	MAST	IS-MCTS	0	1	1	10530	360064414	3.42e+04	0.00	9070	313555823	3.46e+04	1.00
6097	MAST	IS-MCTS	1	0	1	11705	400349643	3.42e+04	1.00	14004	468453077	3.35e+04	0.00
6098	MAST	IS-MCTS	0	1	1	9003	317772364	3.53e+04	0.00	12348	425500264	3.45e+04	1.00
6099	MAST	IS-MCTS	2	0	2	8017	287766408	3.59e+04	1.00	7589	275664895	3.63e+04	0.00
6100	MAST	IS-MCTS	1	0	1	13967	465459976	3.33e+04	1.00	18023	597210165	3.31e+04	0.00
6101	MAST	IS-MCTS	4	0	4	4020	154236453	3.84e+04	1.00	3072	122911077	4.00e+04	0.00
6102	MAST	IS-MCTS	0	2	2	5758	216479822	3.76e+04	0.00	6739	248876794	3.69e+04	1.00
6103	MAST	IS-MCTS	0	3	3	8996	318604978	3.54e+04	0.00	11270	393176652	3.49e+04	1.00
6104	MAST	IS-MCTS	0	3	3	6577	240051798	3.65e+04	0.00	9661	341482797	3.53e+04	1.00
6105	MAST	IS-MCTS	0	1	1	14828	488179379	3.29e+04	0.00	15482	510299173	3.30e+04	1.00
6106	MAST	IS-MCTS	1	0	1	16772	560112562	3.34e+04	1.00	14017	470428527	3.36e+04	0.00
6107	MAST	IS-MCTS	0	1	1	10127	350851662	3.46e+04	0.00	10197	352039893	3.45e+04	1.00
6108	MAST	IS-MCTS	1	0	1	9840	338704582	3.44e+04	1.00	10178	354147141	3.48e+04	0.00
6109	MAST	IS-MCTS	3	0	3	7429	268945366	3.62e+04	1.00	5795	216631051	3.74e+04	0.00
6110	MAST	IS-MCTS	0	3	3	5458	205547844	3.77e+04	0.00	7251	267230373	3.69e+04	1.00
6111	MAST	IS-MCTS	0	1	1	8465	299198095	3.53e+04	0.00	10040	351830704	3.50e+04	1.00
6112	MAST	IS-MCTS	0	1	1	7742	276265140	3.57e+04	0.00	8622	304063718	3.53e+04	1.00
6113	MAST	IS-MCTS	0	3	3	5639	209512349	3.72e+04	0.00	7187	259887992	3.62e+04	1.00
6114	MAST	IS-MCTS	0	1	1	11328	388505422	3.43e+04	0.00	11058	378464785	3.42e+04	1.00
6115	MAST	IS-MCTS	0	2	2	9345	327076443	3.50e+04	0.00	10115	353682072	3.50e+04	1.00
6116	MAST	IS-MCTS	1	0	1	8735	305348973	3.50e+04	1.00	8514	299282250	3.52e+04	0.00
6117	MAST	IS-MCTS	3	0	3	9645	341370882	3.54e+04	1.00	7709	279119132	3.62e+04	0.00
6118	MAST	IS-MCTS	0	1	1	17205	573179447	3.33e+04	0.00	12081	537268988	4.45e+04	1.00
6119	MAST	IS-MCTS	0	3	3	6319	234669034	3.71e+04	0.00	9735	348723300	3.58e+04	1.00
6120	MAST	IS-MCTS	0	3	3	7941	285052896	3.59e+04	0.00	11472	397617865	3.47e+04	1.00
6121	MAST	IS-MCTS	1	0	1	10618	366021995	3.45e+04	1.00	9800	342916193	3.50e+04	0.00
6122	MAST	IS-MCTS	2	0	2	8775	307585723	3.51e+04	1.00	8085	287551141	3.56e+04	0.00
6123	MAST	IS-MCTS	0	3	3	5269	196686272	3.73e+04	0.00	6341	234354709	3.70e+04	1.00
6124	MAST	IS-MCTS	2	0	2	6844	250377651	3.66e+04	1.00	6585	242852286	3.69e+04	0.00
6125	MAST	IS-MCTS	1	0	1	17144	571794104	3.34e+04	1.00	14519	489560636	3.37e+04	0.00
6126	MAST	IS-MCTS	1	0	1	9510	334256828	3.51e+04	1.00	8562	307448264	3.59e+04	0.00
6127	MAST	IS-MCTS	0	2	2	8413	325467251	3.87e+04	0.00	7708	281718829	3.65e+04	1.00
6128	MAST	IS-MCTS	1	0	1	12331	408348739	3.31e+04	1.00	11084	376684109	3.40e+04	0.00
6129	MAST	IS-MCTS	2	0	2	7713	277011463	3.59e+04	1.00	6958	254767485	3.66e+04	0.00
6130	MAST	IS-MCTS	3	0	3	8360	299716991	3.59e+04	1.00	5745	213313556	3.71e+04	0.00
6131	MAST	IS-MCTS	1	0	1	14480	472651831	3.26e+04	1.00	16091	593465125	3.69e+04	0.00
6132	MAST	IS-MCTS	0	1	1	10948	378596951	3.46e+04	0.00	10354	355669277	3.44e+04	1.00
6133	MAST	IS-MCTS	1	0	1	10086	350332615	3.47e+04	1.00	9973	350300453	3.51e+04	0.00
6134	MAST	IS-MCTS	1	0	1	9376	332613390	3.55e+04	1.00	10418	371706945	3.57e+04	0.00
6135	MAST	IS-MCTS	1	0	1	14008	465570361	3.32e+04	1.00	13763	465645737	3.38e+04	0.00
6136	MAST	IS-MCTS	1	0	1	12125	409600050	3.38e+04	1.00	10611	365979772	3.45e+04	0.00
6137	MAST	IS-MCTS	1	0	1	9972	344583349	3.46e+04	1.00	9115	319597445	3.51e+04	0.00
6138	MAST	IS-MCTS	2	0	2	8788	311412867	3.54e+04	1.00	6620	241209597	3.64e+04	0.00
6139	MAST	IS-MCTS	1	0	1	10823	372137337	3.44e+04	1.00	10457	364018956	3.48e+04	0.00
6140	MAST	IS-MCTS	2	0	2	7980	283652260	3.55e+04	1.00	7554	271106465	3.59e+04	0.00
6141	MAST	IS-MCTS	0	1	1	8690	306526145	3.53e+04	0.00	10477	367656917	3.51e+04	1.00
6142	MAST	IS-MCTS	5	0	5	5344	198517181	3.71e+04	1.00	4295	163900139	3.82e+04	0.00
6143	MAST	IS-MCTS	0	1	1	17580	580015514	3.30e+04	0.00	16099	543356519	3.38e+04	1.00
6144	MAST	IS-MCTS	1	0	1	9201	316793294	3.44e+04	1.00	7885	282838877	3.59e+04	0.00
6145	MAST	IS-MCTS	1	0	1	17201	560320352	3.26e+04	1.00	16331	532875137	3.26e+04	0.00
6146	MAST	IS-MCTS	2	0	2	7918	283462563	3.58e+04	1.00	7748	281101854	3.63e+04	0.00
6147	MAST	IS-MCTS	0	1	1	11531	397530663	3.45e+04	0.00	10711	372784387	3.48e+04	1.00
6148	MAST	IS-MCTS	0	6	6	2528	102226535	4.04e+04	0.00	4130	157846600	3.82e+04	1.00
6149	MAST	IS-MCTS	2	0	2	9407	333159761	3.54e+04	1.00	8191	295121304	3.60e+04	0.00
6150	MAST	IS-MCTS	1	0	1	12071	403928084	3.35e+04	1.00	11298	387596039	3.43e+04	0.00
6151	MAST	IS-MCTS	1	0	1	8532	302472869	3.55e+04	1.00	9454	333822887	3.53e+04	0.00
6152	MAST	IS-MCTS	0	5	5	3602	142128438	3.95e+04	0.00	4655	178189091	3.83e+04	1.00
6153	MAST	IS-MCTS	0	1	1	10127	347983580	3.44e+04	0.00	11490	391307852	3.41e+04	1.00
6154	MAST	IS-MCTS	2	0	2	6562	239179425	3.64e+04	1.00	6014	222637164	3.70e+04	0.00
6155	MAST	IS-MCTS	0	3	3	7407	270396749	3.65e+04	0.00	11007	391993314	3.56e+04	1.00
6156	MAST	IS-MCTS	0	2	2	6073	226962478	3.74e+04	0.00	6330	232484329	3.67e+04	1.00
6157	MAST	IS-MCTS	0	2	2	7383	266488918	3.61e+04	0.00	9335	328715151	3.52e+04	1.00
6158	MAST	IS-MCTS	0	1	1	10583	467264328	4.42e+04	0.00	11067	373944489	3.38e+04	1.00
6159	MAST	IS-MCTS	2	0	2	8923	315153270	3.53e+04	1.00	8167	295563278	3.62e+04	0.00
6160	MAST	IS-MCTS	0	3	3	5844	215063068	3.68e+04	0.00	6919	251521592	3.64e+04	1.00
6161	MAST	IS-MCTS	1	0	1	9076	321362343	3.54e+04	1.00	8791	337096945	3.83e+04	0.00
6162	MAST	IS-MCTS	1	0	1	7376	263792233	3.58e+04	1.00	8185	291024503	3.56e+04	0.00
6163	MAST	IS-MCTS	0	1	1	8844	309290891	3.50e+04	0.00	13703	466785327	3.41e+04	1.00
6164	MAST	IS-MCTS	1	0	1	12129	407764082	3.36e+04	1.00	10272	356544814	3.47e+04	0.00
6165	MAST	IS-MCTS	0	1	1	9772	336020023	3.44e+04	0.00	10481	362848806	3.46e+04	1.00
6166	MAST	IS-MCTS	0	2	2	9464	331011890	3.50e+04	0.00	9842	340221068	3.46e+04	1.00
6167	MAST	IS-MCTS	0	1	1	15922	540008601	3.39e+04	0.00	12743	563977143	4.43e+04	1.00
6168	MAST	IS-MCTS	0	4	4	6163	224114805	3.64e+04	0.00	6536	239912250	3.67e+04	1.00
6169	MAST	IS-MCTS	2	0	2	9658	346635265	3.59e+04	1.00	9576	348623643	3.64e+04	0.00
6170	MAST	IS-MCTS	0	2	2	6572	240190171	3.65e+04	0.00	8663	309120102	3.57e+04	1.00
6171	MAST	IS-MCTS	1	0	1	11210	386383141	3.45e+04	1.00	9935	350803348	3.53e+04	0.00
6172	MAST	IS-MCTS	0	1	1	12775	421586952	3.30e+04	0.00	14934	485162992	3.25e+04	1.00
6173	MAST	IS-MCTS	1	0	1	12159	416579664	3.43e+04	1.00	9483	335728765	3.54e+04	0.00
6174	MAST	IS-MCTS	1	0	1	14137	466721206	3.30e+04	1.00	12583	419890115	3.34e+04	0.00
6175	MAST	IS-MCTS	0	1	1	12128	418579944	3.45e+04	0.00	12216	423656088	3.47e+04	1.00
6176	MAST	IS-MCTS	0	3	3	7193	259753714	3.61e+04	0.00	8567	306148786	3.57e+04	1.00
6177	MAST	IS-MCTS	0	1	1	8551	304006665	3.56e+04	0.00	9113	324054646	3.56e+04	1.00
6178	MAST	IS-MCTS	0	1	1	11589	390474571	3.37e+04	0.00	13122	442035981	3.37e+04	1.00
6179	MAST	IS-MCTS	0	2	2	5635	209183271	3.71e+04	0.00	7641	277689101	3.63e+04	1.00
6180	MAST	IS-MCTS	0	1	1	9004	317161999	3.52e+04	0.00	10414	359127376	3.45e+04	1.00
6181	MAST	IS-MCTS	1	0	1	19287	628777677	3.26e+04	1.00	16500	543895056	3.30e+04	0.00
6182	MAST	IS-MCTS	2	0	2	9767	363148974	3.72e+04	1.00	9127	318164939	3.49e+04	0.00
6183	MAST	IS-MCTS	2	0	2	9588	339130790	3.54e+04	1.00	9195	327603683	3.56e+04	0.00
6184	MAST	IS-MCTS	0	2	2	8082	317132751	3.92e+04	0.00	9911	351291671	3.54e+04	1.00
6185	MAST	IS-MCTS	0	2	2	6418	236278500	3.68e+04	0.00	7991	288848946	3.61e+04	1.00
6186	MAST	IS-MCTS	0	1	1	15089	503943747	3.34e+04	0.00	14723	493574773	3.35e+04	1.00
6187	MAST	IS-MCTS	3	0	3	9798	343247702	3.50e+04	1.00	6425	235975309	3.67e+04	0.00
6188	MAST	IS-MCTS	0	1	1	9486	326816734	3.45e+04	0.00	10057	345676720	3.44e+04	1.00
6189	MAST	IS-MCTS	0	1	1	11108	373826183	3.37e+04	0.00	13467	443426494	3.29e+04	1.00
6190	MAST	IS-MCTS	0	3	3	7517	271916746	3.62e+04	0.00	8232	298432769	3.63e+04	1.00
6191	MAST	IS-MCTS	1	0	1	8913	310385640	3.48e+04	1.00	8001	284432431	3.55e+04	0.00
6192	MAST	IS-MCTS	0	1	1	8201	290609552	3.54e+04	0.00	9826	343133680	3.49e+04	1.00
6193	MAST	IS-MCTS	1	0	1	9403	325241519	3.46e+04	1.00	9396	329606748	3.51e+04	0.00
6194	MAST	IS-MCTS	3	0	3	7960	285135556	3.58e+04	1.00	7856	283899160	3.61e+04	0.00
6195	MAST	IS-MCTS	1	0	1	14646	488986264	3.34e+04	1.00	14129	476708616	3.37e+04	0.00
6196	MAST	IS-MCTS	0	4	4	5028	189636111	3.77e+04	0.00	8598	310410355	3.61e+04	1.00
6197	MAST	IS-MCTS	1	0	1	10242	352062452	3.44e+04	1.00	9889	345611282	3.49e+04	0.00
6198	MAST	IS-MCTS	1	0	1	18254	585241875	3.21e+04	1.00	14288	467149351	3.27e+04	0.00
6199	MAST	IS-MCTS	0	1	1	11275	386806552	3.43e+04	0.00	15157	544200081	3.59e+04	1.00
6200	MAST	IS-MCTS	1	0	1	13130	436101270	3.32e+04	1.00	15375	512569998	3.33e+04	0.00
6201	MAST	IS-MCTS	2	0	2	6556	240401729	3.67e+04	1.00	6297	235257330	3.74e+04	0.00
6202	MAST	IS-MCTS	1	0	1	10087	345525085	3.43e+04	1.00	9093	315181315	3.47e+04	0.00
6203	MAST	IS-MCTS	0	3	3	6923	309779886	4.47e+04	0.00	10501	373674476	3.56e+04	1.00
6204	MAST	IS-MCTS	2	0	2	8859	312462892	3.53e+04	1.00	7133	258757994	3.63e+04	0.00
6205	MAST	IS-MCTS	3	0	3	9062	321717486	3.55e+04	1.00	6322	236313556	3.74e+04	0.00
6206	MAST	IS-MCTS	1	0	1	12175	410045933	3.37e+04	1.00	11321	383521905	3.39e+04	0.00
6207	MAST	IS-MCTS	1	0	1	8455	298146154	3.53e+04	1.00	11171	390937599	3.50e+04	0.00
6208	MAST	IS-MCTS	0	1	1	8635	306845957	3.55e+04	0.00	8372	297124145	3.55e+04	1.00
6209	MAST	IS-MCTS	1	0	1	7885	282387058	3.58e+04	1.00	10217	360456752	3.53e+04	0.00
6210	MAST	IS-MCTS	1	0	1	10353	386622985	3.73e+04	1.00	10684	367817839	3.44e+04	0.00
6211	MAST	IS-MCTS	1	0	1	10046	354494647	3.53e+04	1.00	8979	323604969	3.60e+04	0.00
6212	MAST	IS-MCTS	0	1	1	12740	427331829	3.35e+04	0.00	12896	425076681	3.30e+04	1.00
6213	MAST	IS-MCTS	0	1	1	10198	356332006	3.49e+04	0.00	11250	386998218	3.44e+04	1.00
6214	MAST	IS-MCTS	0	1	1	9740	330839247	3.40e+04	0.00	10578	356962911	3.37e+04	1.00
6215	MAST	IS-MCTS	1	0	1	9406	327561477	3.48e+04	1.00	9259	327214282	3.53e+04	0.00
6216	MAST	IS-MCTS	3	0	3	5704	216056657	3.79e+04	1.00	4679	181252696	3.87e+04	0.00
6217	MAST	IS-MCTS	2	0	2	12715	441305588	3.47e+04	1.00	8450	305461313	3.61e+04	0.00
6218	MAST	IS-MCTS	2	0	2	11074	392869193	3.55e+04	1.00	7431	272374883	3.67e+04	0.00
6219	MAST	IS-MCTS	2	0	2	12529	426883689	3.41e+04	1.00	11692	403643220	3.45e+04	0.00
6220	MAST	IS-MCTS	0	1	1	7688	276467510	3.60e+04	0.00	8392	300822306	3.58e+04	1.00
6221	MAST	IS-MCTS	0	1	1	12865	427670218	3.32e+04	0.00	13709	450973007	3.29e+04	1.00
6222	MAST	IS-MCTS	1	0	1	9975	335871623	3.37e+04	1.00	8680	299161968	3.45e+04	0.00
6223	MAST	IS-MCTS	0	1	1	7591	273928276	3.61e+04	0.00	9181	326739402	3.56e+04	1.00
6224	MAST	IS-MCTS	1	0	1	7375	266710246	3.62e+04	1.00	8830	317934539	3.60e+04	0.00
6225	MAST	IS-MCTS	0	3	3	9600	337832939	3.52e+04	0.00	13746	475127427	3.46e+04	1.00
6226	MAST	IS-MCTS	3	0	3	9412	330935652	3.52e+04	1.00	5043	191968460	3.81e+04	0.00
6227	MAST	IS-MCTS	0	1	1	13639	455582574	3.34e+04	0.00	17853	589117913	3.30e+04	1.00
6228	MAST	IS-MCTS	0	2	2	5237	196702159	3.76e+04	0.00	5705	213269960	3.74e+04	1.00
6229	MAST	IS-MCTS	1	0	1	13236	443469795	3.35e+04	1.00	14870	494879296	3.33e+04	0.00
6230	MAST	IS-MCTS	0	1	1	10219	342247488	3.35e+04	0.00	12136	401313035	3.31e+04	1.00
6231	MAST	IS-MCTS	0	2	2	6034	221756747	3.68e+04	0.00	6692	245275831	3.67e+04	1.00
6232	MAST	IS-MCTS	0	2	2	9771	343829106	3.52e+04	0.00	9641	339716204	3.52e+04	1.00
6233	MAST	IS-MCTS	1	0	1	10416	356083200	3.42e+04	1.00	10722	371743305	3.47e+04	0.00
6234	MAST	IS-MCTS	0	2	2	8641	310328685	3.59e+04	0.00	9319	358675599	3.85e+04	1.00
6235	MAST	IS-MCTS	2	0	2	10397	355434941	3.42e+04	1.00	10130	349541863	3.45e+04	0.00
6236	MAST	IS-MCTS	4	0	4	10834	405227343	3.74e+04	1.00	8748	310321159	3.55e+04	0.00
6237	MAST	IS-MCTS	2	0	2	10730	367136435	3.42e+04	1.00	11236	381206618	3.39e+04	0.00
6238	MAST	IS-MCTS	0	2	2	8622	305230089	3.54e+04	0.00	9975	349250683	3.50e+04	1.00
6239	MAST	IS-MCTS	3	0	3	10364	366801060	3.54e+04	1.00	9231	331163814	3.59e+04	0.00
6240	MAST	IS-MCTS	0	1	1	8033	283080185	3.52e+04	0.00	9680	336925069	3.48e+04	1.00
6241	MAST	IS-MCTS	1	0	1	16602	538674499	3.24e+04	1.00	13333	440698652	3.31e+04	0.00
6242	MAST	IS-MCTS	1	0	1	9774	407493669	4.17e+04	1.00	7798	281634130	3.61e+04	0.00
6243	MAST	IS-MCTS	1	0	1	12432	419000420	3.37e+04	1.00	11675	396018533	3.39e+04	0.00
6244	MAST	IS-MCTS	0	1	1	8878	309569630	3.49e+04	0.00	9638	437497640	4.54e+04	1.00
6245	MAST	IS-MCTS	2	0	2	9954	351194296	3.53e+04	1.00	8016	291272666	3.63e+04	0.00
6246	MAST	IS-MCTS	0	1	1	12039	395892922	3.29e+04	0.00	14002	455994814	3.26e+04	1.00
6247	MAST	IS-MCTS	1	0	1	9066	319049367	3.52e+04	1.00	8388	302925334	3.61e+04	0.00
6248	MAST	IS-MCTS	1	0	1	13140	432047048	3.29e+04	1.00	12144	403185658	3.32e+04	0.00
6249	MAST	IS-MCTS	0	3	3	6824	249431966	3.66e+04	0.00	7970	286601145	3.60e+04	1.00
6250	MAST	IS-MCTS	1	0	1	14215	466765028	3.28e+04	1.00	13181	435905510	3.31e+04	0.00
6251	MAST	IS-MCTS	0	1	1	13739	459711139	3.35e+04	0.00	14597	481709255	3.30e+04	1.00
6252	MAST	IS-MCTS	0	3	3	5721	212964848	3.72e+04	0.00	7658	277265208	3.62e+04	1.00
6253	MAST	IS-MCTS	1	0	1	10466	365632752	3.49e+04	1.00	8691	312424715	3.59e+04	0.00
6254	MAST	IS-MCTS	5	0	5	9183	323399281	3.52e+04	1.00	5609	209786719	3.74e+04	0.00
6255	MAST	IS-MCTS	0	1	1	9721	339241589	3.49e+04	0.00	9333	441189431	4.73e+04	1.00
6256	MAST	IS-MCTS	0	2	2	5196	195706368	3.77e+04	0.00	7171	258927429	3.61e+04	1.00
6257	MAST	IS-MCTS	2	0	2	8992	316164647	3.52e+04	1.00	9175	323895651	3.53e+04	0.00
6258	MAST	IS-MCTS	0	1	1	7274	257825833	3.54e+04	0.00	8315	289217132	3.48e+04	1.00
6259	MAST	IS-MCTS	0	1	1	14520	485163150	3.34e+04	0.00	16495	543207828	3.29e+04	1.00
6260	MAST	IS-MCTS	1	0	1	11887	397874640	3.35e+04	1.00	11296	385959757	3.42e+04	0.00
6261	MAST	IS-MCTS	1	0	1	17081	555835935	3.25e+04	1.00	18074	590883457	3.27e+04	0.00
6262	MAST	IS-MCTS	2	0	2	8828	312304597	3.54e+04	1.00	9114	324681478	3.56e+04	0.00
6263	MAST	IS-MCTS	3	0	3	8260	295169886	3.57e+04	1.00	5969	222667480	3.73e+04	0.00
6264	MAST	IS-MCTS	0	3	3	6892	253212430	3.67e+04	0.00	6857	253297163	3.69e+04	1.00
6265	MAST	IS-MCTS	0	1	1	6511	240441742	3.69e+04	0.00	7406	270923035	3.66e+04	1.00
6266	MAST	IS-MCTS	2	0	2	7725	275403247	3.57e+04	1.00	7792	279744092	3.59e+04	0.00
6267	MAST	IS-MCTS	2	0	2	6061	224746788	3.71e+04	1.00	6481	239387300	3.69e+04	0.00
6268	MAST	IS-MCTS	1	0	1	15661	496920947	3.17e+04	1.00	16124	520033936	3.23e+04	0.00
6269	MAST	IS-MCTS	0	2	2	4819	182943772	3.80e+04	0.00	5426	205318022	3.78e+04	1.00
6270	MAST	IS-MCTS	1	0	1	10266	349820473	3.41e+04	1.00	10175	354145423	3.48e+04	0.00
6271	MAST	IS-MCTS	0	2	2	8499	345006066	4.06e+04	0.00	10701	379598636	3.55e+04	1.00
6272	MAST	IS-MCTS	0	1	1	8942	316533467	3.54e+04	0.00	10296	358981573	3.49e+04	1.00
6273	MAST	IS-MCTS	4	0	4	5300	199197654	3.76e+04	1.00	5256	199002905	3.79e+04	0.00
6274	MAST	IS-MCTS	1	0	1	6487	232797807	3.59e+04	1.00	7065	253734408	3.59e+04	0.00
6275	MAST	IS-MCTS	3	0	3	10693	372692141	3.49e+04	1.00	6912	252800948	3.66e+04	0.00
6276	MAST	IS-MCTS	0	4	4	4601	175223960	3.81e+04	0.00	7679	316111149	4.12e+04	1.00
6277	MAST	IS-MCTS	0	2	2	5633	211675878	3.76e+04	0.00	6538	244998507	3.75e+04	1.00
6278	MAST	IS-MCTS	2	0	2	10720	372605480	3.48e+04	1.00	10008	352641750	3.52e+04	0.00
6279	MAST	IS-MCTS	0	1	1	7490	267713697	3.57e+04	0.00	9046	317740005	3.51e+04	1.00
6280	MAST	IS-MCTS	2	0	2	8336	296627971	3.56e+04	1.00	8032	286378395	3.57e+04	0.00
6281	MAST	IS-MCTS	2	0	2	10388	356866244	3.44e+04	1.00	10568	363562175	3.44e+04	0.00
6282	MAST	IS-MCTS	1	0	1	7435	267122262	3.59e+04	1.00	7643	278633067	3.65e+04	0.00
6283	MAST	IS-MCTS	0	1	1	12507	423634384	3.39e+04	0.00	14048	467028806	3.32e+04	1.00
6284	MAST	IS-MCTS	0	2	2	6825	245411068	3.60e+04	0.00	7670	273129342	3.56e+04	1.00
6285	MAST	IS-MCTS	2	0	2	8270	293642024	3.55e+04	1.00	7410	270075086	3.64e+04	0.00
6286	MAST	IS-MCTS	1	0	1	13826	467187240	3.38e+04	1.00	8984	315824339	3.52e+04	0.00
6287	MAST	IS-MCTS	0	1	1	15467	521253634	3.37e+04	0.00	15357	513179401	3.34e+04	1.00
6288	MAST	IS-MCTS	0	2	2	7115	260991175	3.67e+04	0.00	8121	294594136	3.63e+04	1.00
6289	MAST	IS-MCTS	3	0	3	6165	230798229	3.74e+04	1.00	5731	216284401	3.77e+04	0.00
6290	MAST	IS-MCTS	0	1	1	9014	318048837	3.53e+04	0.00	9275	327991783	3.54e+04	1.00
6291	MAST	IS-MCTS	5	0	5	6193	228089601	3.68e+04	1.00	5820	219153901	3.77e+04	0.00
6292	MAST	IS-MCTS	0	3	3	5629	208902965	3.71e+04	0.00	6484	305660309	4.71e+04	1.00
6293	MAST	IS-MCTS	1	0	1	12670	437061764	3.45e+04	1.00	9262	326251304	3.52e+04	0.00
6294	MAST	IS-MCTS	4	0	4	5631	208284690	3.70e+04	1.00	4690	179355591	3.82e+04	0.00
6295	MAST	IS-MCTS	0	3	3	5339	202305091	3.79e+04	0.00	7930	287528687	3.63e+04	1.00
6296	MAST	IS-MCTS	1	0	1	13708	445367162	3.25e+04	1.00	11552	388086127	3.36e+04	0.00
6297	MAST	IS-MCTS	0	1	1	12952	443032127	3.42e+04	0.00	13245	449461002	3.39e+04	1.00
6298	MAST	IS-MCTS	0	2	2	7071	256118142	3.62e+04	0.00	8404	298707854	3.55e+04	1.00
6299	MAST	IS-MCTS	1	0	1	13044	511520185	3.92e+04	1.00	11038	379424511	3.44e+04	0.00
6300	MAST	IS-MCTS	1	0	1	10413	351011238	3.37e+04	1.00	11200	373893800	3.34e+04	0.00
6301	MAST	IS-MCTS	0	1	1	11451	498499340	4.35e+04	0.00	11189	384078408	3.43e+04	1.00
6302	MAST	IS-MCTS	0	1	1	11380	378910219	3.33e+04	0.00	11381	378068349	3.32e+04	1.00
6303	MAST	IS-MCTS	1	0	1	12697	424979370	3.35e+04	1.00	12609	424224702	3.36e+04	0.00
6304	MAST	IS-MCTS	0	3	3	4689	175616740	3.75e+04	0.00	6239	228504647	3.66e+04	1.00
6305	MAST	IS-MCTS	0	2	2	7309	262997211	3.60e+04	0.00	7812	279389006	3.58e+04	1.00
6306	MAST	IS-MCTS	0	2	2	7377	264642489	3.59e+04	0.00	7539	270381665	3.59e+04	1.00
6307	MAST	IS-MCTS	0	1	1	7982	284393273	3.56e+04	0.00	8748	309827973	3.54e+04	1.00
6308	MAST	IS-MCTS	3	0	3	5491	203629015	3.71e+04	1.00	4547	175072770	3.85e+04	0.00
6309	MAST	IS-MCTS	0	2	2	7148	258657773	3.62e+04	0.00	8779	312736817	3.56e+04	1.00
6310	MAST	IS-MCTS	1	0	1	9372	327254972	3.49e+04	1.00	8673	304827675	3.51e+04	0.00
6311	MAST	IS-MCTS	2	0	2	7868	287384062	3.65e+04	1.00	6244	234755576	3.76e+04	0.00
6312	MAST	IS-MCTS	4	0	4	7564	271494783	3.59e+04	1.00	5657	210344044	3.72e+04	0.00
6313	MAST	IS-MCTS	1	0	1	10444	461178749	4.42e+04	1.00	10135	352990578	3.48e+04	0.00
6314	MAST	IS-MCTS	2	0	2	9626	339538221	3.53e+04	1.00	8140	294630243	3.62e+04	0.00
6315	MAST	IS-MCTS	0	1	1	8163	291817866	3.57e+04	0.00	8484	306432908	3.61e+04	1.00
6316	MAST	IS-MCTS	0	1	1	6402	234157856	3.66e+04	0.00	7077	257615986	3.64e+04	1.00
6317	MAST	IS-MCTS	0	3	3	4551	175526304	3.86e+04	0.00	5593	208759597	3.73e+04	1.00
6318	MAST	IS-MCTS	0	1	1	13418	450169868	3.35e+04	0.00	14358	481088719	3.35e+04	1.00
6319	MAST	IS-MCTS	1	0	1	14795	486554707	3.29e+04	1.00	19279	626762941	3.25e+04	0.00
6320	MAST	IS-MCTS	1	0	1	16620	550076687	3.31e+04	1.00	12800	429766103	3.36e+04	0.00
6321	MAST	IS-MCTS	2	0	2	9406	333005905	3.54e+04	1.00	9371	335143513	3.58e+04	0.00
6322	MAST	IS-MCTS	0	1	1	11182	375610326	3.36e+04	0.00	11332	376765884	3.32e+04	1.00
6323	MAST	IS-MCTS	1	0	1	16715	555394957	3.32e+04	1.00	14205	480794998	3.38e+04	0.00
6324	MAST	IS-MCTS	1	0	1	11067	380266190	3.44e+04	1.00	10890	372505973	3.42e+04	0.00
6325	MAST	IS-MCTS	1	0	1	12806	432927293	3.38e+04	1.00	11784	400877640	3.40e+04	0.00
6326	MAST	IS-MCTS	0	1	1	8959	312209377	3.48e+04	0.00	9532	329704490	3.46e+04	1.00
6327	MAST	IS-MCTS	1	0	1	11543	394694248	3.42e+04	1.00	13198	453046766	3.43e+04	0.00
6328	MAST	IS-MCTS	0	2	2	8709	307161857	3.53e+04	0.00	10129	348917558	3.44e+04	1.00
6329	MAST	IS-MCTS	0	3	3	5369	203195764	3.78e+04	0.00	6731	249335295	3.70e+04	1.00
6330	MAST	IS-MCTS	0	1	1	7968	286035365	3.59e+04	0.00	8743	361241603	4.13e+04	1.00
6331	MAST	IS-MCTS	0	3	3	5833	219746138	3.77e+04	0.00	6371	236719706	3.72e+04	1.00
6332	MAST	IS-MCTS	1	0	1	9452	332099723	3.51e+04	1.00	7955	284168729	3.57e+04	0.00
6333	MAST	IS-MCTS	1	0	1	7975	282163201	3.54e+04	1.00	7725	273992031	3.55e+04	0.00
6334	MAST	IS-MCTS	1	0	1	12362	412838031	3.34e+04	1.00	12722	429030159	3.37e+04	0.00
6335	MAST	IS-MCTS	0	1	1	8077	287163228	3.56e+04	0.00	9086	322930717	3.55e+04	1.00
6336	MAST	IS-MCTS	1	0	1	7085	257201200	3.63e+04	1.00	7211	262136135	3.64e+04	0.00
6337	MAST	IS-MCTS	0	2	2	10491	460656959	4.39e+04	0.00	11592	401521756	3.46e+04	1.00
6338	MAST	IS-MCTS	2	0	2	7971	285432787	3.58e+04	1.00	6077	226419230	3.73e+04	0.00
6339	MAST	IS-MCTS	1	0	1	10595	372562258	3.52e+04	1.00	7915	287677994	3.63e+04	0.00
6340	MAST	IS-MCTS	0	1	1	11832	404797879	3.42e+04	0.00	11453	395212345	3.45e+04	1.00
6341	MAST	IS-MCTS	2	0	2	8763	313624804	3.58e+04	1.00	5800	216540985	3.73e+04	0.00
6342	MAST	IS-MCTS	0	2	2	7898	287004264	3.63e+04	0.00	8562	309294031	3.61e+04	1.00
6343	MAST	IS-MCTS	2	0	2	14760	502039456	3.40e+04	1.00	10697	374213707	3.50e+04	0.00
6344	MAST	IS-MCTS	1	0	1	7743	273554901	3.53e+04	1.00	6803	246133210	3.62e+04	0.00
6345	MAST	IS-MCTS	0	4	4	5401	202061180	3.74e+04	0.00	5500	206907006	3.76e+04	1.00
6346	MAST	IS-MCTS	0	2	2	6325	233310262	3.69e+04	0.00	6397	238391066	3.73e+04	1.00
6347	MAST	IS-MCTS	2	0	2	7905	287521974	3.64e+04	1.00	7409	273699504	3.69e+04	0.00
6348	MAST	IS-MCTS	1	0	1	11477	391169846	3.41e+04	1.00	13954	468617134	3.36e+04	0.00
6349	MAST	IS-MCTS	2	0	2	10419	362256675	3.48e+04	1.00	10201	357155639	3.50e+04	0.00
6350	MAST	IS-MCTS	1	0	1	7687	270399885	3.52e+04	1.00	6095	223630209	3.67e+04	0.00
6351	MAST	IS-MCTS	1	0	1	10989	377871305	3.44e+04	1.00	12065	418790543	3.47e+04	0.00
6352	MAST	IS-MCTS	2	0	2	6073	227906864	3.75e+04	1.00	5922	223377373	3.77e+04	0.00
6353	MAST	IS-MCTS	2	0	2	8911	321257135	3.61e+04	1.00	9361	340785613	3.64e+04	0.00
6354	MAST	IS-MCTS	1	0	1	8933	313005676	3.50e+04	1.00	8828	310219153	3.51e+04	0.00
6355	MAST	IS-MCTS	0	1	1	11532	387640860	3.36e+04	0.00	12572	418321989	3.33e+04	1.00
6356	MAST	IS-MCTS	1	0	1	9775	331780596	3.39e+04	1.00	8845	306558722	3.47e+04	0.00
6357	MAST	IS-MCTS	0	1	1	8465	296972982	3.51e+04	0.00	7913	280495440	3.54e+04	1.00
6358	MAST	IS-MCTS	0	2	2	8170	289339525	3.54e+04	0.00	8154	290155982	3.56e+04	1.00
6359	MAST	IS-MCTS	2	0	2	5748	215508194	3.75e+04	1.00	5805	217387034	3.74e+04	0.00
6360	MAST	IS-MCTS	2	0	2	9577	333168942	3.48e+04	1.00	8713	310617543	3.56e+04	0.00
6361	MAST	IS-MCTS	0	1	1	12066	408608142	3.39e+04	0.00	13337	444597517	3.33e+04	1.00
6362	MAST	IS-MCTS	0	2	2	5765	216514691	3.76e+04	0.00	7159	261444806	3.65e+04	1.00
6363	MAST	IS-MCTS	3	0	3	10279	371510631	3.61e+04	1.00	5566	212669988	3.82e+04	0.00
6364	MAST	IS-MCTS	2	0	2	7927	283780027	3.58e+04	1.00	5928	220482557	3.72e+04	0.00
6365	MAST	IS-MCTS	1	0	1	12274	418650063	3.41e+04	1.00	12978	439573896	3.39e+04	0.00
6366	MAST	IS-MCTS	1	0	1	8374	295027582	3.52e+04	1.00	9408	333573633	3.55e+04	0.00
6367	MAST	IS-MCTS	0	3	3	8739	311188228	3.56e+04	0.00	9056	322538736	3.56e+04	1.00
6368	MAST	IS-MCTS	0	1	1	6727	243516381	3.62e+04	0.00	10380	361118975	3.48e+04	1.00
6369	MAST	IS-MCTS	0	2	2	7334	266496464	3.63e+04	0.00	7883	287086335	3.64e+04	1.00
6370	MAST	IS-MCTS	4	0	4	7394	260939722	3.53e+04	1.00	6924	274776575	3.97e+04	0.00
6371	MAST	IS-MCTS	2	0	2	6479	238758622	3.69e+04	1.00	6578	243732308	3.71e+04	0.00
6372	MAST	IS-MCTS	1	0	1	14503	474251584	3.27e+04	1.00	13595	451376830	3.32e+04	0.00
6373	MAST	IS-MCTS	1	0	1	11167	384432281	3.44e+04	1.00	12865	445862757	3.47e+04	0.00
6374	MAST	IS-MCTS	1	0	1	12786	428690764	3.35e+04	1.00	11999	455600026	3.80e+04	0.00
6375	MAST	IS-MCTS	1	0	1	18725	635249268	3.39e+04	1.00	11672	408189988	3.50e+04	0.00
6376	MAST	IS-MCTS	0	1	1	10182	355823504	3.49e+04	0.00	9673	341450742	3.53e+04	1.00
6377	MAST	IS-MCTS	1	0	1	9229	322494609	3.49e+04	1.00	10742	374740186	3.49e+04	0.00
6378	MAST	IS-MCTS	1	0	1	13065	469887394	3.60e+04	1.00	11644	395732625	3.40e+04	0.00
6379	MAST	IS-MCTS	0	1	1	12914	425510351	3.29e+04	0.00	14823	486262746	3.28e+04	1.00
6380	MAST	IS-MCTS	1	0	1	9252	321852444	3.48e+04	1.00	9618	335815750	3.49e+04	0.00
6381	MAST	IS-MCTS	0	1	1	10026	344689306	3.44e+04	0.00	11500	392341204	3.41e+04	1.00
6382	MAST	IS-MCTS	2	0	2	8566	331087729	3.87e+04	1.00	7728	273600534	3.54e+04	0.00
6383	MAST	IS-MCTS	1	0	1	7507	269526568	3.59e+04	1.00	8037	287139447	3.57e+04	0.00
6384	MAST	IS-MCTS	0	1	1	15763	525112176	3.33e+04	0.00	14267	478024584	3.35e+04	1.00
6385	MAST	IS-MCTS	0	4	4	5651	209927598	3.71e+04	0.00	6218	230299834	3.70e+04	1.00
6386	MAST	IS-MCTS	1	0	1	9671	338533640	3.50e+04	1.00	9181	326668976	3.56e+04	0.00
6387	MAST	IS-MCTS	0	4	4	4598	176344725	3.84e+04	0.00	5781	215381444	3.73e+04	1.00
6388	MAST	IS-MCTS	3	0	3	6798	248476957	3.66e+04	1.00	6531	241043429	3.69e+04	0.00
6389	MAST	IS-MCTS	2	0	2	7759	283040628	3.65e+04	1.00	7211	264777519	3.67e+04	0.00
6390	MAST	IS-MCTS	2	0	2	8151	288554501	3.54e+04	1.00	7113	256407699	3.60e+04	0.00
6391	MAST	IS-MCTS	0	1	1	8300	294887875	3.55e+04	0.00	8572	305018129	3.56e+04	1.00
6392	MAST	IS-MCTS	2	0	2	9540	334948477	3.51e+04	1.00	8981	316719422	3.53e+04	0.00
6393	MAST	IS-MCTS	0	1	1	10537	367283342	3.49e+04	0.00	12585	431388998	3.43e+04	1.00
6394	MAST	IS-MCTS	1	0	1	11232	378711258	3.37e+04	1.00	9352	324415406	3.47e+04	0.00
6395	MAST	IS-MCTS	1	0	1	10511	359309999	3.42e+04	1.00	9802	338050693	3.45e+04	0.00
6396	MAST	IS-MCTS	1	0	1	13967	470661466	3.37e+04	1.00	9652	361943494	3.75e+04	0.00
6397	MAST	IS-MCTS	0	1	1	8284	299719315	3.62e+04	0.00	8840	316063653	3.58e+04	1.00
6398	MAST	IS-MCTS	1	0	1	19489	629877992	3.23e+04	1.00	15696	515018762	3.28e+04	0.00
6399	MAST	IS-MCTS	1	0	1	16638	558689082	3.36e+04	1.00	12618	432216852	3.43e+04	0.00
6400	MAST	IS-MCTS	3	0	3	8462	304135012	3.59e+04	1.00	6330	235284039	3.72e+04	0.00
6401	MAST	IS-MCTS	0	1	1	10862	380478501	3.50e+04	0.00	10256	429253906	4.19e+04	1.00
6402	MAST	IS-MCTS	0	2	2	7371	267570484	3.63e+04	0.00	9563	339401807	3.55e+04	1.00
6403	MAST	IS-MCTS	0	1	1	11857	400065790	3.37e+04	0.00	13816	461622770	3.34e+04	1.00
6404	MAST	IS-MCTS	0	4	4	5501	204357867	3.71e+04	0.00	6906	280983942	4.07e+04	1.00
6405	MAST	IS-MCTS	0	2	2	7708	277417466	3.60e+04	0.00	8874	316548555	3.57e+04	1.00
6406	MAST	IS-MCTS	4	0	4	9317	324738819	3.49e+04	1.00	6617	242356397	3.66e+04	0.00
6407	MAST	IS-MCTS	0	1	1	10175	351212352	3.45e+04	0.00	9442	331187489	3.51e+04	1.00
6408	MAST	IS-MCTS	1	0	1	8546	299171022	3.50e+04	1.00	7854	281002258	3.58e+04	0.00
6409	MAST	IS-MCTS	4	0	4	6936	250014315	3.60e+04	1.00	6024	221509334	3.68e+04	0.00
6410	MAST	IS-MCTS	2	0	2	9072	324866595	3.58e+04	1.00	7011	258785702	3.69e+04	0.00
6411	MAST	IS-MCTS	0	4	4	4245	162707169	3.83e+04	0.00	5178	236461299	4.57e+04	1.00
6412	MAST	IS-MCTS	1	0	1	12972	419521497	3.23e+04	1.00	12026	393976608	3.28e+04	0.00
6413	MAST	IS-MCTS	1	0	1	10972	500382599	4.56e+04	1.00	11346	386140270	3.40e+04	0.00
6414	MAST	IS-MCTS	2	0	2	8288	293855558	3.55e+04	1.00	7809	280080148	3.59e+04	0.00
6415	MAST	IS-MCTS	0	2	2	6067	227402829	3.75e+04	0.00	6498	240800395	3.71e+04	1.00
6416	MAST	IS-MCTS	3	0	3	9273	327164691	3.53e+04	1.00	8055	288836945	3.59e+04	0.00
6417	MAST	IS-MCTS	0	1	1	15336	505905896	3.30e+04	0.00	15261	501727785	3.29e+04	1.00
6418	MAST	IS-MCTS	1	0	1	9803	347530810	3.55e+04	1.00	9177	327103561	3.56e+04	0.00
6419	MAST	IS-MCTS	0	1	1	7619	272995320	3.58e+04	0.00	8327	297392579	3.57e+04	1.00
6420	MAST	IS-MCTS	1	0	1	17142	569760535	3.32e+04	1.00	14847	554393207	3.73e+04	0.00
6421	MAST	IS-MCTS	0	1	1	12610	436357350	3.46e+04	0.00	10174	358316923	3.52e+04	1.00
6422	MAST	IS-MCTS	0	1	1	10592	373861651	3.53e+04	0.00	8399	301174635	3.59e+04	1.00
6423	MAST	IS-MCTS	0	2	2	7431	271443016	3.65e+04	0.00	8725	313139469	3.59e+04	1.00
6424	MAST	IS-MCTS	2	0	2	11424	393527288	3.44e+04	1.00	8458	296958258	3.51e+04	0.00
6425	MAST	IS-MCTS	2	0	2	6543	242743296	3.71e+04	1.00	6436	239723531	3.72e+04	0.00
6426	MAST	IS-MCTS	0	1	1	8116	286877854	3.53e+04	0.00	8513	299211390	3.51e+04	1.00
6427	MAST	IS-MCTS	0	3	3	5445	203562306	3.74e+04	0.00	7550	273137154	3.62e+04	1.00
6428	MAST	IS-MCTS	1	0	1	14153	465054176	3.29e+04	1.00	15790	521958496	3.31e+04	0.00
6429	MAST	IS-MCTS	0	1	1	7056	251349579	3.56e+04	0.00	8018	284965059	3.55e+04	1.00
6430	MAST	IS-MCTS	1	0	1	11334	382710689	3.38e+04	1.00	10949	374570074	3.42e+04	0.00
6431	MAST	IS-MCTS	0	3	3	7417	267689164	3.61e+04	0.00	8471	303336847	3.58e+04	1.00
6432	MAST	IS-MCTS	1	0	1	10713	369364812	3.45e+04	1.00	13301	450717508	3.39e+04	0.00
6433	MAST	IS-MCTS	1	0	1	13091	440629100	3.37e+04	1.00	12580	430621602	3.42e+04	0.00
6434	MAST	IS-MCTS	0	1	1	11835	392961938	3.32e+04	0.00	13805	449600037	3.26e+04	1.00
6435	MAST	IS-MCTS	0	1	1	12326	422589729	3.43e+04	0.00	12674	435396353	3.44e+04	1.00
6436	MAST	IS-MCTS	0	2	2	6472	237585820	3.67e+04	0.00	6646	241371700	3.63e+04	1.00
6437	MAST	IS-MCTS	0	4	4	4547	174600597	3.84e+04	0.00	5478	203600066	3.72e+04	1.00
6438	MAST	IS-MCTS	1	0	1	8725	303297644	3.48e+04	1.00	9358	330781896	3.53e+04	0.00
6439	MAST	IS-MCTS	0	1	1	11802	454980723	3.86e+04	0.00	12323	428695435	3.48e+04	1.00
6440	MAST	IS-MCTS	0	2	2	10206	358703577	3.51e+04	0.00	13733	471790389	3.44e+04	1.00
6441	MAST	IS-MCTS	1	0	1	16807	561816978	3.34e+04	1.00	12654	430777959	3.40e+04	0.00
6442	MAST	IS-MCTS	0	1	1	9232	330168574	3.58e+04	0.00	8753	313637038	3.58e+04	1.00
6443	MAST	IS-MCTS	1	0	1	11752	395344280	3.36e+04	1.00	12145	415221097	3.42e+04	0.00
6444	MAST	IS-MCTS	3	0	3	6403	233617096	3.65e+04	1.00	5091	193143461	3.79e+04	0.00
6445	MAST	IS-MCTS	2	0	2	9296	331493419	3.57e+04	1.00	9337	332629352	3.56e+04	0.00
6446	MAST	IS-MCTS	0	1	1	7821	282373788	3.61e+04	0.00	10179	357261865	3.51e+04	1.00
6447	MAST	IS-MCTS	4	0	4	6658	246323470	3.70e+04	1.00	4276	166144261	3.89e+04	0.00
6448	MAST	IS-MCTS	0	1	1	10503	359918456	3.43e+04	0.00	12092	407883955	3.37e+04	1.00
6449	MAST	IS-MCTS	1	0	1	8253	290854158	3.52e+04	1.00	7648	272510210	3.56e+04	0.00
6450	MAST	IS-MCTS	1	0	1	12697	415843425	3.28e+04	1.00	12781	429514915	3.36e+04	0.00
6451	MAST	IS-MCTS	1	0	1	6560	241908406	3.69e+04	1.00	7135	262293027	3.68e+04	0.00
6452	MAST	IS-MCTS	0	2	2	7523	267235714	3.55e+04	0.00	8286	291735669	3.52e+04	1.00
6453	MAST	IS-MCTS	1	0	1	15704	510689960	3.25e+04	1.00	15585	514417968	3.30e+04	0.00
6454	MAST	IS-MCTS	4	0	4	6081	226438623	3.72e+04	1.00	4961	188020262	3.79e+04	0.00
6455	MAST	IS-MCTS	1	0	1	16305	530544564	3.25e+04	1.00	14606	481295981	3.30e+04	0.00
6456	MAST	IS-MCTS	1	0	1	14473	476116360	3.29e+04	1.00	13571	450172886	3.32e+04	0.00
6457	MAST	IS-MCTS	0	2	2	8637	308181172	3.57e+04	0.00	9028	321712048	3.56e+04	1.00
6458	MAST	IS-MCTS	2	0	2	8824	313409168	3.55e+04	1.00	5896	220725340	3.74e+04	0.00
6459	MAST	IS-MCTS	3	0	3	9684	341238101	3.52e+04	1.00	8752	313041280	3.58e+04	0.00
6460	MAST	IS-MCTS	0	2	2	7169	257268479	3.59e+04	0.00	9261	324874909	3.51e+04	1.00
6461	MAST	IS-MCTS	1	0	1	17835	574566508	3.22e+04	1.00	15807	519047065	3.28e+04	0.00
6462	MAST	IS-MCTS	1	0	1	21824	698769889	3.20e+04	1.00	17881	576951918	3.23e+04	0.00
6463	MAST	IS-MCTS	1	0	1	9279	325080561	3.50e+04	1.00	7924	285249661	3.60e+04	0.00
6464	MAST	IS-MCTS	0	1	1	10587	365957706	3.46e+04	0.00	11842	402422926	3.40e+04	1.00
6465	MAST	IS-MCTS	2	0	2	7306	263801932	3.61e+04	1.00	7241	264094461	3.65e+04	0.00
6466	MAST	IS-MCTS	1	0	1	13545	443231143	3.27e+04	1.00	12982	427758372	3.30e+04	0.00
6467	MAST	IS-MCTS	0	4	4	6096	225004728	3.69e+04	0.00	8139	293504427	3.61e+04	1.00
6468	MAST	IS-MCTS	1	0	1	16412	523778802	3.19e+04	1.00	14610	471343910	3.23e+04	0.00
6469	MAST	IS-MCTS	2	0	2	10526	369336179	3.51e+04	1.00	9160	326685161	3.57e+04	0.00
6470	MAST	IS-MCTS	0	1	1	16646	542415603	3.26e+04	0.00	18269	597552655	3.27e+04	1.00
6471	MAST	IS-MCTS	0	1	1	7357	268328052	3.65e+04	0.00	8643	308978412	3.57e+04	1.00
6472	MAST	IS-MCTS	0	2	2	5811	217269390	3.74e+04	0.00	6705	248050067	3.70e+04	1.00
6473	MAST	IS-MCTS	2	0	2	6471	239133859	3.70e+04	1.00	6483	238723071	3.68e+04	0.00
6474	MAST	IS-MCTS	0	4	4	3319	130004315	3.92e+04	0.00	4904	185785173	3.79e+04	1.00
6475	MAST	IS-MCTS	1	0	1	10100	351916547	3.48e+04	1.00	8946	315690652	3.53e+04	0.00
6476	MAST	IS-MCTS	2	0	2	8127	289543751	3.56e+04	1.00	7753	278745755	3.60e+04	0.00
6477	MAST	IS-MCTS	0	1	1	11119	383177473	3.45e+04	0.00	12015	412719744	3.44e+04	1.00
6478	MAST	IS-MCTS	0	2	2	6762	247985154	3.67e+04	0.00	7212	263525156	3.65e+04	1.00
6479	MAST	IS-MCTS	0	2	2	6709	248508248	3.70e+04	0.00	7356	271786286	3.69e+04	1.00
6480	MAST	IS-MCTS	2	0	2	8839	310477229	3.51e+04	1.00	8658	310015192	3.58e+04	0.00
6481	MAST	IS-MCTS	1	0	1	12265	419572657	3.42e+04	1.00	10007	350873473	3.51e+04	0.00
6482	MAST	IS-MCTS	0	3	3	7415	273070031	3.68e+04	0.00	9760	350804664	3.59e+04	1.00
6483	MAST	IS-MCTS	0	4	4	5929	221828973	3.74e+04	0.00	7942	287455437	3.62e+04	1.00
6484	MAST	IS-MCTS	0	4	4	6307	228854275	3.63e+04	0.00	8013	285149436	3.56e+04	1.00
6485	MAST	IS-MCTS	1	0	1	15128	506310259	3.35e+04	1.00	13571	454621354	3.35e+04	0.00
6486	MAST	IS-MCTS	5	0	5	7699	271260978	3.52e+04	1.00	7787	274636998	3.53e+04	0.00
6487	MAST	IS-MCTS	0	1	1	9342	334584861	3.58e+04	0.00	9307	334596980	3.60e+04	1.00
6488	MAST	IS-MCTS	1	0	1	13804	493516030	3.58e+04	1.00	10386	358671048	3.45e+04	0.00
6489	MAST	IS-MCTS	2	0	2	13302	453772188	3.41e+04	1.00	12165	418236974	3.44e+04	0.00
6490	MAST	IS-MCTS	0	1	1	7877	280464510	3.56e+04	0.00	9809	362800409	3.70e+04	1.00
6491	MAST	IS-MCTS	0	2	2	9152	324275686	3.54e+04	0.00	10580	374333062	3.54e+04	1.00
6492	MAST	IS-MCTS	1	0	1	17291	608980487	3.52e+04	1.00	13303	436036900	3.28e+04	0.00
6493	MAST	IS-MCTS	0	2	2	7346	264380522	3.60e+04	0.00	9042	322193608	3.56e+04	1.00
6494	MAST	IS-MCTS	1	0	1	8741	315922807	3.61e+04	1.00	6717	249466115	3.71e+04	0.00
6495	MAST	IS-MCTS	1	0	1	11784	400391509	3.40e+04	1.00	11874	404034475	3.40e+04	0.00
6496	MAST	IS-MCTS	4	0	4	8105	287018807	3.54e+04	1.00	8006	286028107	3.57e+04	0.00
6497	MAST	IS-MCTS	0	2	2	8155	293934635	3.60e+04	0.00	8675	311253533	3.59e+04	1.00
6498	MAST	IS-MCTS	0	1	1	16246	633890300	3.90e+04	0.00	16152	511556388	3.17e+04	1.00
6499	MAST	IS-MCTS	1	0	1	10568	364186034	3.45e+04	1.00	9181	325988879	3.55e+04	0.00
6500	MAST	IS-MCTS	0	2	2	5404	202703556	3.75e+04	0.00	8947	322228865	3.60e+04	1.00
6501	MAST	IS-MCTS	0	2	2	8209	293010207	3.57e+04	0.00	9651	340125487	3.52e+04	1.00
6502	MAST	RMHC	0	3	3	6277	230445697	3.67e+04	0.00	91	5055423	5.56e+04	1.00
6503	MAST	RMHC	1	0	1	10229	355385001	3.47e+04	1.00	93	5289149	5.69e+04	0.00
6504	MAST	RMHC	0	3	3	7228	256201259	3.54e+04	0.00	93	5387925	5.79e+04	1.00
6505	MAST	RMHC	2	0	2	10312	350564479	3.40e+04	1.00	98	5607952	5.72e+04	0.00
6506	MAST	RMHC	1	0	1	15104	517335100	3.43e+04	1.00	98	5842404	5.96e+04	0.00
6507	MAST	RMHC	0	1	1	9856	338061073	3.43e+04	0.00	97	5543234	5.71e+04	1.00
6508	MAST	RMHC	0	1	1	15276	501534136	3.28e+04	0.00	99	5747948	5.81e+04	1.00
6509	MAST	RMHC	0	1	1	7575	272561318	3.60e+04	0.00	90	5389114	5.99e+04	1.00
6510	MAST	RMHC	1	0	1	9225	355227240	3.85e+04	1.00	94	5392643	5.74e+04	0.00
6511	MAST	RMHC	1	0	1	9267	323049289	3.49e+04	1.00	94	5516608	5.87e+04	0.00
6512	MAST	RMHC	2	0	2	8001	284281974	3.55e+04	1.00	94	5473536	5.82e+04	0.00
6513	MAST	RMHC	1	0	1	7653	273399781	3.57e+04	1.00	90	5104605	5.67e+04	0.00
6514	MAST	RMHC	4	0	4	4452	165361228	3.71e+04	1.00	78	4539645	5.82e+04	0.00
6515	MAST	RMHC	1	0	1	8763	307877355	3.51e+04	1.00	93	5405513	5.81e+04	0.00
6516	MAST	RMHC	1	0	1	9847	339155499	3.44e+04	1.00	95	5441800	5.73e+04	0.00
6517	MAST	RMHC	1	0	1	10173	352207716	3.46e+04	1.00	92	5322843	5.79e+04	0.00
6518	MAST	RMHC	1	0	1	9443	326064073	3.45e+04	1.00	94	5382265	5.73e+04	0.00
6519	MAST	RMHC	1	0	1	12030	416474468	3.46e+04	1.00	90	5194677	5.77e+04	0.00
6520	MAST	RMHC	1	0	1	12728	421655046	3.31e+04	1.00	99	5682136	5.74e+04	0.00
6521	MAST	RMHC	5	0	5	5512	201893523	3.66e+04	1.00	74	4350098	5.88e+04	0.00
6522	MAST	RMHC	0	1	1	7982	283489694	3.55e+04	0.00	91	5347324	5.88e+04	1.00
6523	MAST	RMHC	0	1	1	10349	357188846	3.45e+04	0.00	91	5251775	5.77e+04	1.00
6524	MAST	RMHC	2	0	2	9964	345566042	3.47e+04	1.00	93	5356250	5.76e+04	0.00
6525	MAST	RMHC	2	0	2	6262	247672923	3.96e+04	1.00	89	5173024	5.81e+04	0.00
6526	MAST	RMHC	3	0	3	9934	352349989	3.55e+04	1.00	91	5341814	5.87e+04	0.00
6527	MAST	RMHC	0	1	1	8966	314821698	3.51e+04	0.00	94	5471406	5.82e+04	1.00
6528	MAST	RMHC	1	0	1	13157	429464713	3.26e+04	1.00	99	5677680	5.74e+04	0.00
6529	MAST	RMHC	2	0	2	10767	379058084	3.52e+04	1.00	87	5137384	5.91e+04	0.00
6530	MAST	RMHC	2	0	2	10077	347504086	3.45e+04	1.00	95	5390083	5.67e+04	0.00
6531	MAST	RMHC	2	0	2	9738	340241270	3.49e+04	1.00	88	5126799	5.83e+04	0.00
6532	MAST	RMHC	0	3	3	5053	188671540	3.73e+04	0.00	83	4761097	5.74e+04	1.00
6533	MAST	RMHC	0	2	2	5984	217901604	3.64e+04	0.00	90	5067684	5.63e+04	1.00
6534	MAST	RMHC	1	0	1	11747	400056481	3.41e+04	1.00	96	5503406	5.73e+04	0.00
6535	MAST	RMHC	0	1	1	11591	395707808	3.41e+04	0.00	97	5606121	5.78e+04	1.00
6536	MAST	RMHC	0	1	1	15380	494755075	3.22e+04	0.00	98	5752799	5.87e+04	1.00
6537	MAST	RMHC	0	5	5	4849	182740063	3.77e+04	0.00	82	4766663	5.81e+04	1.00
6538	MAST	RMHC	1	0	1	10586	356625529	3.37e+04	1.00	92	5389205	5.86e+04	0.00
6539	MAST	RMHC	0	2	2	8000	287786195	3.60e+04	0.00	96	5478892	5.71e+04	1.00
6540	MAST	RMHC	0	1	1	12758	436234652	3.42e+04	0.00	88	5182457	5.89e+04	1.00
6541	MAST	RMHC	1	0	1	11475	395147515	3.44e+04	1.00	95	5445245	5.73e+04	0.00
6542	MAST	RMHC	1	0	1	13887	463510633	3.34e+04	1.00	95	5357103	5.64e+04	0.00
6543	MAST	RMHC	1	0	1	13872	452707914	3.26e+04	1.00	99	5680624	5.74e+04	0.00
6544	MAST	RMHC	0	1	1	14708	500583356	3.40e+04	0.00	88	5014594	5.70e+04	1.00
6545	MAST	RMHC	0	5	5	4423	166869253	3.77e+04	0.00	83	4778125	5.76e+04	1.00
6546	MAST	RMHC	1	0	1	10345	357110746	3.45e+04	1.00	92	5215079	5.67e+04	0.00
6547	MAST	RMHC	0	1	1	11915	402657399	3.38e+04	0.00	95	5471622	5.76e+04	1.00
6548	MAST	RMHC	2	0	2	10444	356881861	3.42e+04	1.00	96	5510256	5.74e+04	0.00
6549	MAST	RMHC	3	0	3	5572	205801226	3.69e+04	1.00	84	5010632	5.97e+04	0.00
6550	MAST	RMHC	0	1	1	10894	375698805	3.45e+04	0.00	95	5403686	5.69e+04	1.00
6551	MAST	RMHC	0	1	1	5844	215520918	3.69e+04	0.00	83	4734914	5.70e+04	1.00
6552	MAST	RMHC	1	0	1	14010	467260714	3.34e+04	1.00	96	5469605	5.70e+04	0.00
6553	MAST	RMHC	0	2	2	9684	339787005	3.51e+04	0.00	95	5526925	5.82e+04	1.00
6554	MAST	RMHC	0	1	1	15051	495709859	3.29e+04	0.00	95	5363294	5.65e+04	1.00
6555	MAST	RMHC	4	0	4	5993	219882990	3.67e+04	1.00	90	5221542	5.80e+04	0.00
6556	MAST	RMHC	0	2	2	8147	287092396	3.52e+04	0.00	94	5267018	5.60e+04	1.00
6557	MAST	RMHC	0	2	2	8399	296914552	3.54e+04	0.00	92	5322567	5.79e+04	1.00
6558	MAST	RMHC	1	0	1	13212	433973725	3.28e+04	1.00	95	5546741	5.84e+04	0.00
6559	MAST	RMHC	1	0	1	7589	270289466	3.56e+04	1.00	91	5256879	5.78e+04	0.00
6560	MAST	RMHC	1	0	1	10485	354362994	3.38e+04	1.00	96	5507866	5.74e+04	0.00
6561	MAST	RMHC	0	1	1	10091	349461159	3.46e+04	0.00	90	5168877	5.74e+04	1.00
6562	MAST	RMHC	2	0	2	9510	335408365	3.53e+04	1.00	93	5534663	5.95e+04	0.00
6563	MAST	RMHC	0	1	1	8482	294063368	3.47e+04	0.00	90	5159865	5.73e+04	1.00
6564	MAST	RMHC	0	2	2	7580	269286827	3.55e+04	0.00	95	5475706	5.76e+04	1.00
6565	MAST	RMHC	0	2	2	5609	207028315	3.69e+04	0.00	82	4643142	5.66e+04	1.00
6566	MAST	RMHC	1	0	1	10040	344546643	3.43e+04	1.00	91	5156401	5.67e+04	0.00
6567	MAST	RMHC	4	0	4	6693	240583253	3.59e+04	1.00	83	4700037	5.66e+04	0.00
6568	MAST	RMHC	2	0	2	8757	310400945	3.54e+04	1.00	96	5544167	5.78e+04	0.00
6569	MAST	RMHC	2	0	2	9392	330657834	3.52e+04	1.00	94	5318618	5.66e+04	0.00
6570	MAST	RMHC	0	4	4	6384	233666717	3.66e+04	0.00	91	5183220	5.70e+04	1.00
6571	MAST	RMHC	0	3	3	6914	248954999	3.60e+04	0.00	92	5355498	5.82e+04	1.00
6572	MAST	RMHC	3	0	3	10424	355616740	3.41e+04	1.00	88	5012328	5.70e+04	0.00
6573	MAST	RMHC	1	0	1	9537	329709147	3.46e+04	1.00	99	5675532	5.73e+04	0.00
6574	MAST	RMHC	0	1	1	9199	325227129	3.54e+04	0.00	92	5167565	5.62e+04	1.00
6575	MAST	RMHC	0	2	2	9561	337113917	3.53e+04	0.00	96	5525018	5.76e+04	1.00
6576	MAST	RMHC	2	0	2	7361	262381235	3.56e+04	1.00	92	5369248	5.84e+04	0.00
6577	MAST	RMHC	0	1	1	11694	395863900	3.39e+04	0.00	93	5486603	5.90e+04	1.00
6578	MAST	RMHC	2	0	2	10394	353638651	3.40e+04	1.00	96	5486635	5.72e+04	0.00
6579	MAST	RMHC	0	4	4	3724	140548158	3.77e+04	0.00	74	4259084	5.76e+04	1.00
6580	MAST	RMHC	0	1	1	13754	464538578	3.38e+04	0.00	94	5375976	5.72e+04	1.00
6581	MAST	RMHC	0	3	3	6398	233573387	3.65e+04	0.00	92	5151689	5.60e+04	1.00
6582	MAST	RMHC	0	4	4	5257	191639522	3.65e+04	0.00	85	4865840	5.72e+04	1.00
6583	MAST	RMHC	2	0	2	6878	246943803	3.59e+04	1.00	86	5012325	5.83e+04	0.00
6584	MAST	RMHC	0	1	1	9590	330027750	3.44e+04	0.00	93	5477905	5.89e+04	1.00
6585	MAST	RMHC	2	0	2	9480	336940026	3.55e+04	1.00	89	5212999	5.86e+04	0.00
6586	MAST	RMHC	1	0	1	15027	491266331	3.27e+04	1.00	98	5653170	5.77e+04	0.00
6587	MAST	RMHC	0	4	4	6219	228254689	3.67e+04	0.00	87	5000805	5.75e+04	1.00
6588	MAST	RMHC	0	3	3	6440	250378324	3.89e+04	0.00	88	5243692	5.96e+04	1.00
6589	MAST	RMHC	2	0	2	8135	290356416	3.57e+04	1.00	90	5129536	5.70e+04	0.00
6590	MAST	RMHC	0	2	2	6149	225179497	3.66e+04	0.00	87	4881277	5.61e+04	1.00
6591	MAST	RMHC	2	0	2	9789	342006585	3.49e+04	1.00	92	5252461	5.71e+04	0.00
6592	MAST	RMHC	2	0	2	13778	459071591	3.33e+04	1.00	97	5474243	5.64e+04	0.00
6593	MAST	RMHC	0	1	1	11637	393675820	3.38e+04	0.00	97	5484665	5.65e+04	1.00
6594	MAST	RMHC	0	2	2	6248	226583088	3.63e+04	0.00	90	5323313	5.91e+04	1.00
6595	MAST	RMHC	0	2	2	5734	208483072	3.64e+04	0.00	86	4944246	5.75e+04	1.00
6596	MAST	RMHC	1	0	1	12080	398002663	3.29e+04	1.00	98	5636313	5.75e+04	0.00
6597	MAST	RMHC	0	1	1	6373	231870609	3.64e+04	0.00	82	4667993	5.69e+04	1.00
6598	MAST	RMHC	0	2	2	6715	242541788	3.61e+04	0.00	91	5221106	5.74e+04	1.00
6599	MAST	RMHC	2	0	2	7318	264043352	3.61e+04	1.00	92	5292627	5.75e+04	0.00
6600	MAST	RMHC	0	1	1	11223	379853800	3.38e+04	0.00	92	5205649	5.66e+04	1.00
6601	MAST	RMHC	1	0	1	13022	431060864	3.31e+04	1.00	99	5640774	5.70e+04	0.00
6602	MAST	RMHC	1	0	1	11991	404129648	3.37e+04	1.00	97	5540463	5.71e+04	0.00
6603	MAST	RMHC	0	4	4	4673	175873749	3.76e+04	0.00	84	4825528	5.74e+04	1.00
6604	MAST	RMHC	1	0	1	13758	462044171	3.36e+04	1.00	96	5496656	5.73e+04	0.00
6605	MAST	RMHC	2	0	2	7617	270530765	3.55e+04	1.00	93	5220401	5.61e+04	0.00
6606	MAST	RMHC	1	0	1	12958	491915212	3.80e+04	1.00	96	5406708	5.63e+04	0.00
6607	MAST	RMHC	1	0	1	10805	371247457	3.44e+04	1.00	97	5589017	5.76e+04	0.00
6608	MAST	RMHC	1	0	1	10728	370038803	3.45e+04	1.00	93	5282097	5.68e+04	0.00
6609	MAST	RMHC	0	1	1	6672	242047720	3.63e+04	0.00	88	5148100	5.85e+04	1.00
6610	MAST	RMHC	1	0	1	11117	372008281	3.35e+04	1.00	95	5550924	5.84e+04	0.00
6611	MAST	RMHC	1	0	1	10695	361976120	3.38e+04	1.00	94	5343459	5.68e+04	0.00
6612	MAST	RMHC	4	0	4	4839	181811299	3.76e+04	1.00	76	4389267	5.78e+04	0.00
6613	MAST	RMHC	3	0	3	6476	234873425	3.63e+04	1.00	89	5075544	5.70e+04	0.00
6614	MAST	RMHC	0	2	2	9751	336874789	3.45e+04	0.00	97	5745978	5.92e+04	1.00
6615	MAST	RMHC	0	1	1	14507	481930066	3.32e+04	0.00	97	5591119	5.76e+04	1.00
6616	MAST	RMHC	0	3	3	5698	209562025	3.68e+04	0.00	89	5199042	5.84e+04	1.00
6617	MAST	RMHC	1	0	1	10680	439016123	4.11e+04	1.00	93	5354298	5.76e+04	0.00
6618	MAST	RMHC	1	0	1	6853	246234490	3.59e+04	1.00	83	4893680	5.90e+04	0.00
6619	MAST	RMHC	0	1	1	11298	379137311	3.36e+04	0.00	99	5666295	5.72e+04	1.00
6620	MAST	RMHC	0	2	2	8709	307493566	3.53e+04	0.00	95	5480844	5.77e+04	1.00
6621	MAST	RMHC	3	0	3	7720	279070979	3.61e+04	1.00	85	4913245	5.78e+04	0.00
6622	MAST	RMHC	2	0	2	8422	294260263	3.49e+04	1.00	91	5115110	5.62e+04	0.00
6623	MAST	RMHC	0	1	1	7706	278440282	3.61e+04	0.00	92	5266490	5.72e+04	1.00
6624	MAST	RMHC	1	0	1	11759	394651122	3.36e+04	1.00	96	5487938	5.72e+04	0.00
6625	MAST	RMHC	0	2	2	5363	199135103	3.71e+04	0.00	87	4826583	5.55e+04	1.00
6626	MAST	RMHC	2	0	2	9546	325182805	3.41e+04	1.00	93	5300694	5.70e+04	0.00
6627	MAST	RMHC	0	1	1	14273	485842907	3.40e+04	0.00	96	5575989	5.81e+04	1.00
6628	MAST	RMHC	0	1	1	10545	356123792	3.38e+04	0.00	98	5424047	5.53e+04	1.00
6629	MAST	RMHC	2	0	2	7147	313604471	4.39e+04	1.00	88	5193915	5.90e+04	0.00
6630	MAST	RMHC	1	0	1	19543	625093129	3.20e+04	1.00	99	5791713	5.85e+04	0.00
6631	MAST	RMHC	0	1	1	9964	342093333	3.43e+04	0.00	97	5409425	5.58e+04	1.00
6632	MAST	RMHC	0	3	3	5641	226162995	4.01e+04	0.00	83	4834212	5.82e+04	1.00
6633	MAST	RMHC	2	0	2	9627	334648871	3.48e+04	1.00	90	5274973	5.86e+04	0.00
6634	MAST	RMHC	0	1	1	8670	299233594	3.45e+04	0.00	96	5542510	5.77e+04	1.00
6635	MAST	RMHC	1	0	1	10825	373149210	3.45e+04	1.00	92	5227212	5.68e+04	0.00
6636	MAST	RMHC	2	0	2	8455	297005022	3.51e+04	1.00	91	5223174	5.74e+04	0.00
6637	MAST	RMHC	1	0	1	11707	401720163	3.43e+04	1.00	93	5293163	5.69e+04	0.00
6638	MAST	RMHC	2	0	2	13688	448072165	3.27e+04	1.00	98	5533123	5.65e+04	0.00
6639	MAST	RMHC	0	3	3	6808	244866293	3.60e+04	0.00	92	5244259	5.70e+04	1.00
6640	MAST	RMHC	0	2	2	8463	301272752	3.56e+04	0.00	94	5475107	5.82e+04	1.00
6641	MAST	RMHC	2	0	2	6404	233331625	3.64e+04	1.00	87	4919926	5.66e+04	0.00
6642	MAST	RMHC	0	2	2	7099	254044487	3.58e+04	0.00	93	5305685	5.71e+04	1.00
6643	MAST	RMHC	2	0	2	9016	315829760	3.50e+04	1.00	88	4967313	5.64e+04	0.00
6644	MAST	RMHC	0	2	2	6214	226608077	3.65e+04	0.00	91	5174837	5.69e+04	1.00
6645	MAST	RMHC	2	0	2	7588	274340726	3.62e+04	1.00	94	5499268	5.85e+04	0.00
6646	MAST	RMHC	2	0	2	6333	229482572	3.62e+04	1.00	90	5108622	5.68e+04	0.00
6647	MAST	RMHC	0	2	2	4995	185619984	3.72e+04	0.00	80	4553537	5.69e+04	1.00
6648	MAST	RMHC	4	0	4	6332	231795847	3.66e+04	1.00	89	5051531	5.68e+04	0.00
6649	MAST	RMHC	1	0	1	8591	300873363	3.50e+04	1.00	93	5359038	5.76e+04	0.00
6650	MAST	RMHC	0	2	2	5662	209896841	3.71e+04	0.00	88	4953836	5.63e+04	1.00
6651	MAST	RMHC	0	1	1	12778	465189099	3.64e+04	0.00	98	5780905	5.90e+04	1.00
6652	MAST	RMHC	2	0	2	5776	209853978	3.63e+04	1.00	79	4520352	5.72e+04	0.00
6653	MAST	RMHC	0	2	2	10722	427414334	3.99e+04	0.00	96	5728839	5.97e+04	1.00
6654	MAST	RMHC	1	0	1	9670	327200610	3.38e+04	1.00	91	5326131	5.85e+04	0.00
6655	MAST	RMHC	0	1	1	9114	320080045	3.51e+04	0.00	94	5331183	5.67e+04	1.00
6656	MAST	RMHC	0	3	3	4838	180226599	3.73e+04	0.00	84	4731428	5.63e+04	1.00
6657	MAST	RMHC	0	3	3	6279	228179235	3.63e+04	0.00	92	5347862	5.81e+04	1.00
6658	MAST	RMHC	0	2	2	6872	244770079	3.56e+04	0.00	88	4912611	5.58e+04	1.00
6659	MAST	RMHC	1	0	1	13075	442249529	3.38e+04	1.00	94	5367297	5.71e+04	0.00
6660	MAST	RMHC	0	1	1	11341	379558560	3.35e+04	0.00	99	5710081	5.77e+04	1.00
6661	MAST	RMHC	2	0	2	7742	275366272	3.56e+04	1.00	92	5263714	5.72e+04	0.00
6662	MAST	RMHC	0	2	2	6794	245379030	3.61e+04	0.00	83	4794500	5.78e+04	1.00
6663	MAST	RMHC	0	1	1	8154	286893242	3.52e+04	0.00	90	4994309	5.55e+04	1.00
6664	MAST	RMHC	2	0	2	6288	228990887	3.64e+04	1.00	85	5092343	5.99e+04	0.00
6665	MAST	RMHC	2	0	2	7768	279053862	3.59e+04	1.00	94	5350315	5.69e+04	0.00
6666	MAST	RMHC	0	1	1	9289	328401744	3.54e+04	0.00	79	4601148	5.82e+04	1.00
6667	MAST	RMHC	0	2	2	8239	294020360	3.57e+04	0.00	95	5349443	5.63e+04	1.00
6668	MAST	RMHC	1	0	1	8074	284419622	3.52e+04	1.00	88	5153574	5.86e+04	0.00
6669	MAST	RMHC	2	0	2	7463	271280739	3.64e+04	1.00	91	5228951	5.75e+04	0.00
6670	MAST	RMHC	0	1	1	11931	409690735	3.43e+04	0.00	97	5570265	5.74e+04	1.00
6671	MAST	RMHC	0	3	3	5461	201549146	3.69e+04	0.00	86	5158467	6.00e+04	1.00
6672	MAST	RMHC	0	3	3	7309	261197699	3.57e+04	0.00	94	5441720	5.79e+04	1.00
6673	MAST	RMHC	0	1	1	9827	338252453	3.44e+04	0.00	95	5414568	5.70e+04	1.00
6674	MAST	RMHC	1	0	1	11815	398658791	3.37e+04	1.00	92	5421596	5.89e+04	0.00
6675	MAST	RMHC	0	2	2	6652	240498752	3.62e+04	0.00	91	5341452	5.87e+04	1.00
6676	MAST	RMHC	2	0	2	7565	266815850	3.53e+04	1.00	92	5243032	5.70e+04	0.00
6677	MAST	RMHC	0	2	2	7993	281833477	3.53e+04	0.00	95	5686587	5.99e+04	1.00
6678	MAST	RMHC	0	3	3	8018	283828770	3.54e+04	0.00	93	5414858	5.82e+04	1.00
6679	MAST	RMHC	1	0	1	9023	314026234	3.48e+04	1.00	95	5468998	5.76e+04	0.00
6680	MAST	RMHC	1	0	1	12757	426544431	3.34e+04	1.00	96	5558053	5.79e+04	0.00
6681	MAST	RMHC	0	1	1	7600	267684124	3.52e+04	0.00	91	5207259	5.72e+04	1.00
6682	MAST	RMHC	0	1	1	15518	504971554	3.25e+04	0.00	97	5610235	5.78e+04	1.00
6683	MAST	RMHC	0	5	5	5767	253582703	4.40e+04	0.00	87	5032916	5.78e+04	1.00
6684	MAST	RMHC	0	1	1	10357	351797035	3.40e+04	0.00	96	5531568	5.76e+04	1.00
6685	MAST	RMHC	4	0	4	11197	391599886	3.50e+04	1.00	75	4261489	5.68e+04	0.00
6686	MAST	RMHC	4	0	4	5127	187341189	3.65e+04	1.00	76	4432404	5.83e+04	0.00
6687	MAST	RMHC	0	2	2	8618	302860090	3.51e+04	0.00	93	5340450	5.74e+04	1.00
6688	MAST	RMHC	1	0	1	14596	477770434	3.27e+04	1.00	95	5365844	5.65e+04	0.00
6689	MAST	RMHC	1	0	1	7643	285906452	3.74e+04	1.00	90	5220281	5.80e+04	0.00
6690	MAST	RMHC	1	0	1	12983	430713912	3.32e+04	1.00	94	5460395	5.81e+04	0.00
6691	MAST	RMHC	0	1	1	8483	299577230	3.53e+04	0.00	94	5393034	5.74e+04	1.00
6692	MAST	RMHC	1	0	1	6793	243173325	3.58e+04	1.00	86	4881153	5.68e+04	0.00
6693	MAST	RMHC	0	1	1	13136	437982402	3.33e+04	0.00	97	5603718	5.78e+04	1.00
6694	MAST	RMHC	0	1	1	8130	301252206	3.71e+04	0.00	87	4945968	5.69e+04	1.00
6695	MAST	RMHC	0	2	2	8606	300563755	3.49e+04	0.00	93	5377734	5.78e+04	1.00
6696	MAST	RMHC	3	0	3	7024	251000570	3.57e+04	1.00	91	5217889	5.73e+04	0.00
6697	MAST	RMHC	0	2	2	9707	343104350	3.53e+04	0.00	92	5299607	5.76e+04	1.00
6698	MAST	RMHC	0	1	1	11623	395810351	3.41e+04	0.00	95	5456842	5.74e+04	1.00
6699	MAST	RMHC	0	2	2	8203	290914659	3.55e+04	0.00	95	5415318	5.70e+04	1.00
6700	MAST	RMHC	2	0	2	6924	246283888	3.56e+04	1.00	91	5174734	5.69e+04	0.00
6701	MAST	RMHC	2	0	2	11040	384463567	3.48e+04	1.00	93	5352701	5.76e+04	0.00
6702	MAST	RMHC	0	1	1	8198	290302690	3.54e+04	0.00	89	5082036	5.71e+04	1.00
6703	MAST	RMHC	1	0	1	8329	293370208	3.52e+04	1.00	91	5189796	5.70e+04	0.00
6704	MAST	RMHC	0	3	3	5584	205919564	3.69e+04	0.00	89	5055062	5.68e+04	1.00
6705	MAST	RMHC	0	1	1	8992	313276760	3.48e+04	0.00	93	5373430	5.78e+04	1.00
6706	MAST	RMHC	4	0	4	5152	190600644	3.70e+04	1.00	83	4810249	5.80e+04	0.00
6707	MAST	RMHC	0	3	3	5945	215664779	3.63e+04	0.00	91	5346331	5.88e+04	1.00
6708	MAST	RMHC	1	0	1	12802	435505295	3.40e+04	1.00	92	5429057	5.90e+04	0.00
6709	MAST	RMHC	6	0	6	4603	174824469	3.80e+04	1.00	81	4764456	5.88e+04	0.00
6710	MAST	RMHC	0	1	1	11726	398855875	3.40e+04	0.00	95	5405864	5.69e+04	1.00
6711	MAST	RMHC	2	0	2	7620	271124564	3.56e+04	1.00	91	5309784	5.83e+04	0.00
6712	MAST	RMHC	2	0	2	11499	396382333	3.45e+04	1.00	96	5507604	5.74e+04	0.00
6713	MAST	RMHC	0	1	1	8747	306979777	3.51e+04	0.00	93	5371087	5.78e+04	1.00
6714	MAST	RMHC	0	2	2	6582	237861470	3.61e+04	0.00	88	4926004	5.60e+04	1.00
6715	MAST	RMHC	1	0	1	13896	458148878	3.30e+04	1.00	98	5662228	5.78e+04	0.00
6716	MAST	RMHC	3	0	3	9105	319409348	3.51e+04	1.00	96	5554874	5.79e+04	0.00
6717	MAST	RMHC	1	0	1	6862	247078898	3.60e+04	1.00	90	5246286	5.83e+04	0.00
6718	MAST	RMHC	8	0	8	6191	222506448	3.59e+04	1.00	78	4457646	5.71e+04	0.00
6719	MAST	RMHC	1	0	1	9878	343092423	3.47e+04	1.00	96	5502747	5.73e+04	0.00
6720	MAST	RMHC	0	2	2	6389	231976889	3.63e+04	0.00	89	5043956	5.67e+04	1.00
6721	MAST	RMHC	0	1	1	7128	260405834	3.65e+04	0.00	91	5301016	5.83e+04	1.00
6722	MAST	RMHC	2	0	2	9772	338118934	3.46e+04	1.00	90	5254337	5.84e+04	0.00
6723	MAST	RMHC	1	0	1	8043	287106968	3.57e+04	1.00	89	5136093	5.77e+04	0.00
6724	MAST	RMHC	0	2	2	6293	228107735	3.62e+04	0.00	89	5190212	5.83e+04	1.00
6725	MAST	RMHC	1	0	1	18940	610499453	3.22e+04	1.00	99	5870035	5.93e+04	0.00
6726	MAST	RMHC	1	0	1	13904	464038519	3.34e+04	1.00	92	5318102	5.78e+04	0.00
6727	MAST	RMHC	4	0	4	7583	270897652	3.57e+04	1.00	91	5260191	5.78e+04	0.00
6728	MAST	RMHC	0	1	1	7005	251013669	3.58e+04	0.00	89	4983375	5.60e+04	1.00
6729	MAST	RMHC	0	1	1	7459	267601871	3.59e+04	0.00	83	4832146	5.82e+04	1.00
6730	MAST	RMHC	0	3	3	5176	193106174	3.73e+04	0.00	81	4834317	5.97e+04	1.00
6731	MAST	RMHC	0	1	1	12742	430488624	3.38e+04	0.00	94	5413047	5.76e+04	1.00
6732	MAST	RMHC	0	5	5	3817	145953687	3.82e+04	0.00	76	4364931	5.74e+04	1.00
6733	MAST	RMHC	0	1	1	9094	321195417	3.53e+04	0.00	93	5359457	5.76e+04	1.00
6734	MAST	RMHC	4	0	4	4532	169546420	3.74e+04	1.00	70	3933834	5.62e+04	0.00
6735	MAST	RMHC	2	0	2	9356	330891215	3.54e+04	1.00	96	5562816	5.79e+04	0.00
6736	MAST	RMHC	1	0	1	11827	392546007	3.32e+04	1.00	98	5830947	5.95e+04	0.00
6737	MAST	RMHC	3	0	3	7794	278552886	3.57e+04	1.00	83	4804811	5.79e+04	0.00
6738	MAST	RMHC	1	0	1	10723	363845763	3.39e+04	1.00	95	5634343	5.93e+04	0.00
6739	MAST	RMHC	0	1	1	7815	279336282	3.57e+04	0.00	93	5520567	5.94e+04	1.00
6740	MAST	RMHC	0	2	2	6600	238984624	3.62e+04	0.00	92	5380017	5.85e+04	1.00
6741	MAST	RMHC	1	0	1	14245	473260235	3.32e+04	1.00	95	5655624	5.95e+04	0.00
6742	MAST	RMHC	0	2	2	7576	270656233	3.57e+04	0.00	92	5333697	5.80e+04	1.00
6743	MAST	RMHC	1	0	1	9215	318469610	3.46e+04	1.00	90	5201816	5.78e+04	0.00
6744	MAST	RMHC	0	2	2	11212	381040383	3.40e+04	0.00	97	5632753	5.81e+04	1.00
6745	MAST	RMHC	1	0	1	12043	406900038	3.38e+04	1.00	97	5552915	5.72e+04	0.00
6746	MAST	RMHC	1	0	1	14654	489905988	3.34e+04	1.00	97	5472025	5.64e+04	0.00
6747	MAST	RMHC	0	2	2	7752	282405385	3.64e+04	0.00	92	5443017	5.92e+04	1.00
6748	MAST	RMHC	0	2	2	7993	280212064	3.51e+04	0.00	93	5535161	5.95e+04	1.00
6749	MAST	RMHC	2	0	2	7843	282841702	3.61e+04	1.00	92	5415388	5.89e+04	0.00
6750	MAST	RMHC	0	2	2	6656	241521434	3.63e+04	0.00	91	5310263	5.84e+04	1.00
6751	MAST	RMHC	1	0	1	12224	443385410	3.63e+04	1.00	96	5629878	5.86e+04	0.00
6752	MAST	RMHC	3	0	3	8205	311352950	3.79e+04	1.00	86	5011491	5.83e+04	0.00
6753	MAST	RMHC	1	0	1	8235	292257035	3.55e+04	1.00	89	5240677	5.89e+04	0.00
6754	MAST	RMHC	0	2	2	6762	244578825	3.62e+04	0.00	90	5222618	5.80e+04	1.00
6755	MAST	RMHC	0	3	3	5122	189576965	3.70e+04	0.00	84	4688687	5.58e+04	1.00
6756	MAST	RMHC	0	2	2	5793	212338136	3.67e+04	0.00	85	4987694	5.87e+04	1.00
6757	MAST	RMHC	3	0	3	9836	346121519	3.52e+04	1.00	93	5505452	5.92e+04	0.00
6758	MAST	RMHC	3	0	3	8266	294180047	3.56e+04	1.00	92	5279703	5.74e+04	0.00
6759	MAST	RMHC	0	2	2	7074	254438366	3.60e+04	0.00	92	5488094	5.97e+04	1.00
6760	MAST	RMHC	1	0	1	12843	429508958	3.34e+04	1.00	96	5620452	5.85e+04	0.00
6761	MAST	RMHC	0	1	1	14534	481958000	3.32e+04	0.00	99	5774474	5.83e+04	1.00
6762	MAST	RMHC	0	2	2	8259	290626716	3.52e+04	0.00	94	5327873	5.67e+04	1.00
6763	MAST	RMHC	1	0	1	14144	474907043	3.36e+04	1.00	97	5573973	5.75e+04	0.00
6764	MAST	RMHC	0	1	1	12167	403962644	3.32e+04	0.00	98	5677336	5.79e+04	1.00
6765	MAST	RMHC	1	0	1	15221	501303201	3.29e+04	1.00	97	5545262	5.72e+04	0.00
6766	MAST	RMHC	0	2	2	5506	202679919	3.68e+04	0.00	85	4808414	5.66e+04	1.00
6767	MAST	RMHC	0	1	1	13151	434980087	3.31e+04	0.00	98	5598141	5.71e+04	1.00
6768	MAST	RMHC	0	2	2	7459	265634399	3.56e+04	0.00	92	5197020	5.65e+04	1.00
6769	MAST	RMHC	0	2	2	5704	210421851	3.69e+04	0.00	89	5105287	5.74e+04	1.00
6770	MAST	RMHC	0	1	1	13433	447751178	3.33e+04	0.00	94	5402641	5.75e+04	1.00
6771	MAST	RMHC	0	1	1	7224	279886016	3.87e+04	0.00	86	5030829	5.85e+04	1.00
6772	MAST	RMHC	7	0	7	4629	173866981	3.76e+04	1.00	71	4088481	5.76e+04	0.00
6773	MAST	RMHC	1	0	1	10401	354952517	3.41e+04	1.00	94	5365883	5.71e+04	0.00
6774	MAST	RMHC	2	0	2	10696	368042304	3.44e+04	1.00	95	5477143	5.77e+04	0.00
6775	MAST	RMHC	1	0	1	5843	213710749	3.66e+04	1.00	85	4838519	5.69e+04	0.00
6776	MAST	RMHC	2	0	2	5983	217523614	3.64e+04	1.00	88	4972203	5.65e+04	0.00
6777	MAST	RMHC	0	2	2	6658	243490025	3.66e+04	0.00	88	5305069	6.03e+04	1.00
6778	MAST	RMHC	2	0	2	10243	356805864	3.48e+04	1.00	86	4855655	5.65e+04	0.00
6779	MAST	RMHC	0	2	2	7155	257856161	3.60e+04	0.00	93	5324332	5.73e+04	1.00
6780	MAST	RMHC	4	0	4	10541	366599692	3.48e+04	1.00	88	4994776	5.68e+04	0.00
6781	MAST	RMHC	0	1	1	9136	322159387	3.53e+04	0.00	93	5379940	5.78e+04	1.00
6782	MAST	RMHC	1	0	1	17561	578425713	3.29e+04	1.00	95	5492448	5.78e+04	0.00
6783	MAST	RMHC	0	2	2	11766	409467437	3.48e+04	0.00	96	5485226	5.71e+04	1.00
6784	MAST	RMHC	1	0	1	13779	458517334	3.33e+04	1.00	94	5522787	5.88e+04	0.00
6785	MAST	RMHC	2	0	2	8637	305187392	3.53e+04	1.00	96	5462108	5.69e+04	0.00
6786	MAST	RMHC	0	3	3	6599	237772919	3.60e+04	0.00	89	5156939	5.79e+04	1.00
6787	MAST	RMHC	6	0	6	6934	248183299	3.58e+04	1.00	83	4839196	5.83e+04	0.00
6788	MAST	RMHC	1	0	1	7905	280939113	3.55e+04	1.00	86	5097630	5.93e+04	0.00
6789	MAST	RMHC	1	0	1	8832	312266585	3.54e+04	1.00	90	5119127	5.69e+04	0.00
6790	MAST	RMHC	0	3	3	6403	231074951	3.61e+04	0.00	92	5228333	5.68e+04	1.00
6791	MAST	RMHC	0	4	4	6765	245385741	3.63e+04	0.00	88	5047067	5.74e+04	1.00
6792	MAST	RMHC	0	1	1	9126	321391845	3.52e+04	0.00	87	4995909	5.74e+04	1.00
6793	MAST	RMHC	0	1	1	7522	267850646	3.56e+04	0.00	88	5071639	5.76e+04	1.00
6794	MAST	RMHC	1	0	1	11321	374472287	3.31e+04	1.00	97	5769137	5.95e+04	0.00
6795	MAST	RMHC	0	2	2	10039	348907659	3.48e+04	0.00	96	5515377	5.75e+04	1.00
6796	MAST	RMHC	1	0	1	10757	366473682	3.41e+04	1.00	96	5435794	5.66e+04	0.00
6797	MAST	RMHC	1	0	1	15220	510280028	3.35e+04	1.00	96	5518117	5.75e+04	0.00
6798	MAST	RMHC	0	1	1	8393	297578827	3.55e+04	0.00	94	5515594	5.87e+04	1.00
6799	MAST	RMHC	1	0	1	12215	407513510	3.34e+04	1.00	96	5652256	5.89e+04	0.00
6800	MAST	RMHC	0	2	2	7036	252313564	3.59e+04	0.00	92	5343852	5.81e+04	1.00
6801	MAST	RMHC	0	1	1	11643	403503081	3.47e+04	0.00	87	5016276	5.77e+04	1.00
6802	MAST	RMHC	0	1	1	8674	303059719	3.49e+04	0.00	90	5135378	5.71e+04	1.00
6803	MAST	RMHC	2	0	2	15391	522440674	3.39e+04	1.00	92	5386279	5.85e+04	0.00
6804	MAST	RMHC	0	2	2	6774	243263938	3.59e+04	0.00	93	5426369	5.83e+04	1.00
6805	MAST	RMHC	2	0	2	6654	242650042	3.65e+04	1.00	88	5234633	5.95e+04	0.00
6806	MAST	RMHC	2	0	2	8414	296219938	3.52e+04	1.00	88	5149143	5.85e+04	0.00
6807	MAST	RMHC	0	2	2	10761	374031920	3.48e+04	0.00	97	5489635	5.66e+04	1.00
6808	MAST	RMHC	2	0	2	8660	314577847	3.63e+04	1.00	85	4950868	5.82e+04	0.00
6809	MAST	RMHC	1	0	1	10844	375753003	3.47e+04	1.00	92	5178631	5.63e+04	0.00
6810	MAST	RMHC	0	3	3	6906	245089873	3.55e+04	0.00	91	5132039	5.64e+04	1.00
6811	MAST	RMHC	1	0	1	10714	367886983	3.43e+04	1.00	97	5498726	5.67e+04	0.00
6812	MAST	RMHC	2	0	2	8093	290158969	3.59e+04	1.00	90	5338876	5.93e+04	0.00
6813	MAST	RMHC	3	0	3	7165	257796190	3.60e+04	1.00	86	5018440	5.84e+04	0.00
6814	MAST	RMHC	0	1	1	9820	341294549	3.48e+04	0.00	97	5649649	5.82e+04	1.00
6815	MAST	RMHC	0	2	2	4697	174775848	3.72e+04	0.00	76	4354900	5.73e+04	1.00
6816	MAST	RMHC	2	0	2	7896	276352957	3.50e+04	1.00	91	5230346	5.75e+04	0.00
6817	MAST	RMHC	0	1	1	9065	317662660	3.50e+04	0.00	93	5400886	5.81e+04	1.00
6818	MAST	RMHC	0	1	1	8414	296490502	3.52e+04	0.00	89	5165134	5.80e+04	1.00
6819	MAST	RMHC	3	0	3	9630	339631105	3.53e+04	1.00	92	5337098	5.80e+04	0.00
6820	MAST	RMHC	1	0	1	11929	403367163	3.38e+04	1.00	93	5303705	5.70e+04	0.00
6821	MAST	RMHC	0	1	1	6993	249951002	3.57e+04	0.00	89	5159851	5.80e+04	1.00
6822	MAST	RMHC	4	0	4	7121	256209881	3.60e+04	1.00	85	4848332	5.70e+04	0.00
6823	MAST	RMHC	1	0	1	10464	358129997	3.42e+04	1.00	95	5336273	5.62e+04	0.00
6824	MAST	RMHC	0	1	1	10699	363204278	3.39e+04	0.00	94	5375980	5.72e+04	1.00
6825	MAST	RMHC	0	1	1	11375	386542147	3.40e+04	0.00	98	5640239	5.76e+04	1.00
6826	MAST	RMHC	1	0	1	11146	375646584	3.37e+04	1.00	96	5565940	5.80e+04	0.00
6827	MAST	RMHC	0	1	1	8962	315075875	3.52e+04	0.00	92	5290764	5.75e+04	1.00
6828	MAST	RMHC	0	3	3	5029	186125035	3.70e+04	0.00	82	4723840	5.76e+04	1.00
6829	MAST	RMHC	0	1	1	9833	340538678	3.46e+04	0.00	98	5720069	5.84e+04	1.00
6830	MAST	RMHC	0	3	3	8764	302955300	3.46e+04	0.00	95	5338689	5.62e+04	1.00
6831	MAST	RMHC	1	0	1	10907	381918906	3.50e+04	1.00	81	4840455	5.98e+04	0.00
6832	MAST	RMHC	0	2	2	7523	270309868	3.59e+04	0.00	92	5484755	5.96e+04	1.00
6833	MAST	RMHC	0	1	1	7487	266852102	3.56e+04	0.00	87	5178657	5.95e+04	1.00
6834	MAST	RMHC	0	1	1	7704	273596660	3.55e+04	0.00	88	4985845	5.67e+04	1.00
6835	MAST	RMHC	2	0	2	11218	381649910	3.40e+04	1.00	97	5653202	5.83e+04	0.00
6836	MAST	RMHC	0	1	1	12037	437884179	3.64e+04	0.00	96	5428362	5.65e+04	1.00
6837	MAST	RMHC	0	1	1	9521	366170876	3.85e+04	0.00	94	5513391	5.87e+04	1.00
6838	MAST	RMHC	1	0	1	13753	447937675	3.26e+04	1.00	99	5848755	5.91e+04	0.00
6839	MAST	RMHC	1	0	1	9289	321601068	3.46e+04	1.00	91	5295855	5.82e+04	0.00
6840	MAST	RMHC	2	0	2	6783	246582309	3.64e+04	1.00	84	4811092	5.73e+04	0.00
6841	MAST	RMHC	0	1	1	13398	449700900	3.36e+04	0.00	99	5799424	5.86e+04	1.00
6842	MAST	RMHC	0	1	1	11234	388822656	3.46e+04	0.00	97	5638565	5.81e+04	1.00
6843	MAST	RMHC	1	0	1	11551	397905552	3.44e+04	1.00	92	5336898	5.80e+04	0.00
6844	MAST	RMHC	0	3	3	4992	185079621	3.71e+04	0.00	84	4717410	5.62e+04	1.00
6845	MAST	RMHC	0	1	1	10898	372641309	3.42e+04	0.00	95	5441344	5.73e+04	1.00
6846	MAST	RMHC	1	0	1	12893	425950684	3.30e+04	1.00	95	5453567	5.74e+04	0.00
6847	MAST	RMHC	0	5	5	4153	156552532	3.77e+04	0.00	80	4547463	5.68e+04	1.00
6848	MAST	RMHC	0	2	2	10987	370066061	3.37e+04	0.00	98	5602235	5.72e+04	1.00
6849	MAST	RMHC	1	0	1	15052	509327323	3.38e+04	1.00	94	5203853	5.54e+04	0.00
6850	MAST	RMHC	0	3	3	6492	233976910	3.60e+04	0.00	90	5038861	5.60e+04	1.00
6851	MAST	RMHC	3	0	3	7256	263275903	3.63e+04	1.00	83	4670698	5.63e+04	0.00
6852	MAST	RMHC	0	1	1	10730	365756361	3.41e+04	0.00	98	5700535	5.82e+04	1.00
6853	MAST	RMHC	2	0	2	11722	397516060	3.39e+04	1.00	98	5637585	5.75e+04	0.00
6854	MAST	RMHC	1	0	1	13075	429982778	3.29e+04	1.00	95	5374727	5.66e+04	0.00
6855	MAST	RMHC	0	1	1	8348	306669298	3.67e+04	0.00	94	5418007	5.76e+04	1.00
6856	MAST	RMHC	1	0	1	10766	369079181	3.43e+04	1.00	94	5538215	5.89e+04	0.00
6857	MAST	RMHC	0	2	2	5736	211405927	3.69e+04	0.00	85	4984590	5.86e+04	1.00
6858	MAST	RMHC	0	1	1	10555	359865443	3.41e+04	0.00	97	5523158	5.69e+04	1.00
6859	MAST	RMHC	1	0	1	12842	432649258	3.37e+04	1.00	94	5585261	5.94e+04	0.00
6860	MAST	RMHC	0	1	1	12651	433813434	3.43e+04	0.00	98	5483163	5.60e+04	1.00
6861	MAST	RMHC	2	0	2	9306	324951586	3.49e+04	1.00	89	4946036	5.56e+04	0.00
6862	MAST	RMHC	4	0	4	4430	166240010	3.75e+04	1.00	65	3742160	5.76e+04	0.00
6863	MAST	RMHC	1	0	1	7699	275075601	3.57e+04	1.00	88	5045027	5.73e+04	0.00
6864	MAST	RMHC	0	1	1	10777	360802627	3.35e+04	0.00	97	5557298	5.73e+04	1.00
6865	MAST	RMHC	1	0	1	12369	414387751	3.35e+04	1.00	95	5426439	5.71e+04	0.00
6866	MAST	RMHC	0	3	3	5038	188001434	3.73e+04	0.00	83	4729957	5.70e+04	1.00
6867	MAST	RMHC	0	2	2	6819	247272817	3.63e+04	0.00	83	4848819	5.84e+04	1.00
6868	MAST	RMHC	0	1	1	6981	248621405	3.56e+04	0.00	88	5042105	5.73e+04	1.00
6869	MAST	RMHC	0	4	4	5728	212176738	3.70e+04	0.00	85	4883004	5.74e+04	1.00
6870	MAST	RMHC	3	0	3	7578	269625749	3.56e+04	1.00	94	5353800	5.70e+04	0.00
6871	MAST	RMHC	1	0	1	9127	320036539	3.51e+04	1.00	87	5105015	5.87e+04	0.00
6872	MAST	RMHC	3	0	3	6210	223219894	3.59e+04	1.00	84	4879519	5.81e+04	0.00
6873	MAST	RMHC	2	0	2	8345	295109399	3.54e+04	1.00	87	4905219	5.64e+04	0.00
6874	MAST	RMHC	2	0	2	6920	246079958	3.56e+04	1.00	89	5050740	5.67e+04	0.00
6875	MAST	RMHC	1	0	1	8243	296114094	3.59e+04	1.00	79	4637994	5.87e+04	0.00
6876	MAST	RMHC	0	1	1	8576	300038830	3.50e+04	0.00	92	5221708	5.68e+04	1.00
6877	MAST	RMHC	1	0	1	10133	348884010	3.44e+04	1.00	93	5248841	5.64e+04	0.00
6878	MAST	RMHC	0	1	1	12895	425251625	3.30e+04	0.00	98	5714367	5.83e+04	1.00
6879	MAST	RMHC	2	0	2	9170	325495554	3.55e+04	1.00	83	4796449	5.78e+04	0.00
6880	MAST	RMHC	0	5	5	4163	158606058	3.81e+04	0.00	79	4504992	5.70e+04	1.00
6881	MAST	RMHC	0	2	2	6758	245051951	3.63e+04	0.00	90	5263139	5.85e+04	1.00
6882	MAST	RMHC	0	1	1	9583	327207068	3.41e+04	0.00	94	5392892	5.74e+04	1.00
6883	MAST	RMHC	1	0	1	11018	373501584	3.39e+04	1.00	98	5582028	5.70e+04	0.00
6884	MAST	RMHC	1	0	1	14843	489522280	3.30e+04	1.00	97	5681624	5.86e+04	0.00
6885	MAST	RMHC	7	0	7	6533	234461492	3.59e+04	1.00	68	3806377	5.60e+04	0.00
6886	MAST	RMHC	3	0	3	6655	239264064	3.60e+04	1.00	90	5128630	5.70e+04	0.00
6887	MAST	RMHC	0	2	2	3968	150225699	3.79e+04	0.00	74	4127032	5.58e+04	1.00
6888	MAST	RMHC	0	3	3	5616	208763418	3.72e+04	0.00	88	5035518	5.72e+04	1.00
6889	MAST	RMHC	1	0	1	13837	462955622	3.35e+04	1.00	99	5593422	5.65e+04	0.00
6890	MAST	RMHC	0	1	1	11671	390884437	3.35e+04	0.00	98	5692016	5.81e+04	1.00
6891	MAST	RMHC	1	0	1	10411	356353927	3.42e+04	1.00	95	5444579	5.73e+04	0.00
6892	MAST	RMHC	0	3	3	6667	239847534	3.60e+04	0.00	91	5133005	5.64e+04	1.00
6893	MAST	RMHC	0	1	1	11084	376623324	3.40e+04	0.00	99	5680990	5.74e+04	1.00
6894	MAST	RMHC	1	0	1	13136	425453400	3.24e+04	1.00	98	5526578	5.64e+04	0.00
6895	MAST	RMHC	0	4	4	5393	198814738	3.69e+04	0.00	86	5042874	5.86e+04	1.00
6896	MAST	RMHC	0	1	1	11627	384230658	3.30e+04	0.00	97	5541202	5.71e+04	1.00
6897	MAST	RMHC	0	2	2	6671	241946004	3.63e+04	0.00	88	5152029	5.85e+04	1.00
6898	MAST	RMHC	1	0	1	8488	311564880	3.67e+04	1.00	88	4964377	5.64e+04	0.00
6899	MAST	RMHC	1	0	1	11998	402927056	3.36e+04	1.00	96	5574511	5.81e+04	0.00
6900	MAST	RMHC	1	0	1	16443	539481605	3.28e+04	1.00	98	5637733	5.75e+04	0.00
6901	MAST	RMHC	1	0	1	16304	524696336	3.22e+04	1.00	98	5544823	5.66e+04	0.00
6902	MAST	RMHC	0	2	2	8770	308633254	3.52e+04	0.00	93	5286567	5.68e+04	1.00
6903	MAST	RMHC	0	3	3	5899	216395847	3.67e+04	0.00	86	4929473	5.73e+04	1.00
6904	MAST	RMHC	0	4	4	5164	190474771	3.69e+04	0.00	86	4872593	5.67e+04	1.00
6905	MAST	RMHC	2	0	2	9429	328392182	3.48e+04	1.00	92	5321799	5.78e+04	0.00
6906	MAST	RMHC	0	1	1	10112	348921619	3.45e+04	0.00	91	5326327	5.85e+04	1.00
6907	MAST	RMHC	1	0	1	11903	400208909	3.36e+04	1.00	93	5564173	5.98e+04	0.00
6908	MAST	RMHC	0	2	2	8212	290825500	3.54e+04	0.00	95	5405064	5.69e+04	1.00
6909	MAST	RMHC	0	3	3	7110	256570364	3.61e+04	0.00	94	5365752	5.71e+04	1.00
6910	MAST	RMHC	5	0	5	4395	165699533	3.77e+04	1.00	73	4211621	5.77e+04	0.00
6911	MAST	RMHC	0	4	4	4763	179312406	3.76e+04	0.00	80	4515726	5.64e+04	1.00
6912	MAST	RMHC	0	4	4	6272	227035943	3.62e+04	0.00	89	5241652	5.89e+04	1.00
6913	MAST	RMHC	2	0	2	10483	365369143	3.49e+04	1.00	97	5596238	5.77e+04	0.00
6914	MAST	RMHC	0	1	1	8421	295711403	3.51e+04	0.00	87	5079734	5.84e+04	1.00
6915	MAST	RMHC	0	3	3	6670	239268630	3.59e+04	0.00	92	5255855	5.71e+04	1.00
6916	MAST	RMHC	0	2	2	9411	326686641	3.47e+04	0.00	96	5525325	5.76e+04	1.00
6917	MAST	RMHC	0	2	2	9287	350067196	3.77e+04	0.00	96	5603713	5.84e+04	1.00
6918	MAST	RMHC	0	1	1	9692	333808188	3.44e+04	0.00	93	5340909	5.74e+04	1.00
6919	MAST	RMHC	1	0	1	14337	474363553	3.31e+04	1.00	98	5654508	5.77e+04	0.00
6920	MAST	RMHC	1	0	1	21053	658229863	3.13e+04	1.00	98	5657483	5.77e+04	0.00
6921	MAST	RMHC	0	2	2	7448	294927417	3.96e+04	0.00	92	5487755	5.96e+04	1.00
6922	MAST	RMHC	1	0	1	15535	492281099	3.17e+04	1.00	98	5706419	5.82e+04	0.00
6923	MAST	RMHC	1	0	1	10000	346116709	3.46e+04	1.00	95	5558661	5.85e+04	0.00
6924	MAST	RMHC	0	1	1	5915	216683736	3.66e+04	0.00	85	4866524	5.73e+04	1.00
6925	MAST	RMHC	0	1	1	9245	321769105	3.48e+04	0.00	97	5747945	5.93e+04	1.00
6926	MAST	RMHC	1	0	1	7567	267523881	3.54e+04	1.00	93	5330936	5.73e+04	0.00
6927	MAST	RMHC	1	0	1	10283	357290365	3.47e+04	1.00	92	5272479	5.73e+04	0.00
6928	MAST	RMHC	5	0	5	5468	200826884	3.67e+04	1.00	81	4751786	5.87e+04	0.00
6929	MAST	RMHC	0	4	4	5213	194992083	3.74e+04	0.00	84	4687368	5.58e+04	1.00
6930	MAST	RMHC	1	0	1	11184	375050534	3.35e+04	1.00	97	5485951	5.66e+04	0.00
6931	MAST	RMHC	1	0	1	11443	391706936	3.42e+04	1.00	91	5039119	5.54e+04	0.00
6932	MAST	RMHC	1	0	1	11287	378544538	3.35e+04	1.00	96	5450651	5.68e+04	0.00
6933	MAST	RMHC	1	0	1	8011	286460024	3.58e+04	1.00	92	5260206	5.72e+04	0.00
6934	MAST	RMHC	0	3	3	4147	156950353	3.78e+04	0.00	80	4417810	5.52e+04	1.00
6935	MAST	RMHC	0	1	1	14479	475658829	3.29e+04	0.00	99	5787671	5.85e+04	1.00
6936	MAST	RMHC	2	0	2	7596	268956852	3.54e+04	1.00	93	5165480	5.55e+04	0.00
6937	MAST	RMHC	1	0	1	13906	474291382	3.41e+04	1.00	91	5102044	5.61e+04	0.00
6938	MAST	RMHC	1	0	1	7087	253970621	3.58e+04	1.00	87	5028946	5.78e+04	0.00
6939	MAST	RMHC	0	4	4	3260	127111346	3.90e+04	0.00	70	4047967	5.78e+04	1.00
6940	MAST	RMHC	1	0	1	12738	421764346	3.31e+04	1.00	95	5481712	5.77e+04	0.00
6941	MAST	RMHC	1	0	1	14130	481993428	3.41e+04	1.00	92	5257507	5.71e+04	0.00
6942	MAST	RMHC	4	0	4	5879	217040868	3.69e+04	1.00	85	4810890	5.66e+04	0.00
6943	MAST	RMHC	1	0	1	9674	330732737	3.42e+04	1.00	93	5265101	5.66e+04	0.00
6944	MAST	RMHC	1	0	1	12713	423230336	3.33e+04	1.00	97	5517160	5.69e+04	0.00
6945	MAST	RMHC	0	1	1	7271	260395509	3.58e+04	0.00	88	5071300	5.76e+04	1.00
6946	MAST	RMHC	2	0	2	7379	261582468	3.54e+04	1.00	90	5089393	5.65e+04	0.00
6947	MAST	RMHC	0	1	1	8741	306924154	3.51e+04	0.00	95	5510125	5.80e+04	1.00
6948	MAST	RMHC	0	1	1	12422	418297465	3.37e+04	0.00	96	5607907	5.84e+04	1.00
6949	MAST	RMHC	8	0	8	4247	159260910	3.75e+04	1.00	70	3945623	5.64e+04	0.00
6950	MAST	RMHC	0	6	6	4565	172887738	3.79e+04	0.00	82	4623411	5.64e+04	1.00
6951	MAST	RMHC	1	0	1	14324	478161266	3.34e+04	1.00	96	5392054	5.62e+04	0.00
6952	MAST	RMHC	4	0	4	6853	267318223	3.90e+04	1.00	80	4566626	5.71e+04	0.00
6953	MAST	RMHC	0	3	3	6548	238146625	3.64e+04	0.00	91	5270131	5.79e+04	1.00
6954	MAST	RMHC	1	0	1	8964	311457894	3.47e+04	1.00	90	5270841	5.86e+04	0.00
6955	MAST	RMHC	4	0	4	10518	369816407	3.52e+04	1.00	87	5159979	5.93e+04	0.00
6956	MAST	RMHC	1	0	1	10292	349979416	3.40e+04	1.00	97	5546335	5.72e+04	0.00
6957	MAST	RMHC	0	1	1	14636	481111506	3.29e+04	0.00	98	5800416	5.92e+04	1.00
6958	MAST	RMHC	1	0	1	13873	453388828	3.27e+04	1.00	98	5674699	5.79e+04	0.00
6959	MAST	RMHC	0	2	2	7635	271469676	3.56e+04	0.00	94	5329990	5.67e+04	1.00
6960	MAST	RMHC	2	0	2	7358	258719347	3.52e+04	1.00	85	4844783	5.70e+04	0.00
6961	MAST	RMHC	2	0	2	6171	225618708	3.66e+04	1.00	79	4602223	5.83e+04	0.00
6962	MAST	RMHC	0	1	1	13536	462255835	3.42e+04	0.00	92	5169871	5.62e+04	1.00
6963	MAST	RMHC	0	1	1	10956	374742352	3.42e+04	0.00	91	5277406	5.80e+04	1.00
6964	MAST	RMHC	0	1	1	8479	297758806	3.51e+04	0.00	93	5592372	6.01e+04	1.00
6965	MAST	RMHC	1	0	1	8875	311729928	3.51e+04	1.00	83	4761750	5.74e+04	0.00
6966	MAST	RMHC	0	1	1	12080	406363312	3.36e+04	0.00	95	5294300	5.57e+04	1.00
6967	MAST	RMHC	1	0	1	8677	300597979	3.46e+04	1.00	93	5268339	5.66e+04	0.00
6968	MAST	RMHC	3	0	3	6916	248107171	3.59e+04	1.00	90	5043098	5.60e+04	0.00
6969	MAST	RMHC	1	0	1	9110	316102895	3.47e+04	1.00	88	4907070	5.58e+04	0.00
6970	MAST	RMHC	1	0	1	12851	423487003	3.30e+04	1.00	96	5451879	5.68e+04	0.00
6971	MAST	RMHC	0	1	1	7926	281675427	3.55e+04	0.00	89	5036679	5.66e+04	1.00
6972	MAST	RMHC	7	0	7	4711	173553444	3.68e+04	1.00	70	3924669	5.61e+04	0.00
6973	MAST	RMHC	0	1	1	14533	483590894	3.33e+04	0.00	97	5703595	5.88e+04	1.00
6974	MAST	RMHC	0	2	2	7288	259722301	3.56e+04	0.00	91	5403217	5.94e+04	1.00
6975	MAST	RMHC	1	0	1	10857	370852484	3.42e+04	1.00	93	5518434	5.93e+04	0.00
6976	MAST	RMHC	2	0	2	9233	319230393	3.46e+04	1.00	96	5571063	5.80e+04	0.00
6977	MAST	RMHC	0	2	2	7831	279139106	3.56e+04	0.00	94	5465229	5.81e+04	1.00
6978	MAST	RMHC	0	4	4	4504	170090443	3.78e+04	0.00	82	4681226	5.71e+04	1.00
6979	MAST	RMHC	1	0	1	14727	489115278	3.32e+04	1.00	97	5753692	5.93e+04	0.00
6980	MAST	RMHC	1	0	1	13163	429563149	3.26e+04	1.00	98	5488570	5.60e+04	0.00
6981	MAST	RMHC	3	0	3	10173	355266034	3.49e+04	1.00	92	5233174	5.69e+04	0.00
6982	MAST	RMHC	0	1	1	12521	416970415	3.33e+04	0.00	97	5625012	5.80e+04	1.00
6983	MAST	RMHC	0	3	3	6993	251434232	3.60e+04	0.00	89	5024830	5.65e+04	1.00
6984	MAST	RMHC	0	3	3	5711	208636437	3.65e+04	0.00	83	4793083	5.77e+04	1.00
6985	MAST	RMHC	3	0	3	5583	206560768	3.70e+04	1.00	74	4254836	5.75e+04	0.00
6986	MAST	RMHC	2	0	2	11706	392433671	3.35e+04	1.00	96	5566645	5.80e+04	0.00
6987	MAST	RMHC	1	0	1	11183	381204253	3.41e+04	1.00	93	5316449	5.72e+04	0.00
6988	MAST	RMHC	0	2	2	7782	276564479	3.55e+04	0.00	93	5318916	5.72e+04	1.00
6989	MAST	RMHC	4	0	4	11232	394985309	3.52e+04	1.00	87	4957387	5.70e+04	0.00
6990	MAST	RMHC	0	2	2	6866	246734844	3.59e+04	0.00	91	5253865	5.77e+04	1.00
6991	MAST	RMHC	0	1	1	13343	451623907	3.38e+04	0.00	94	5442350	5.79e+04	1.00
6992	MAST	RMHC	3	0	3	5613	204955243	3.65e+04	1.00	81	4649760	5.74e+04	0.00
6993	MAST	RMHC	3	0	3	4940	183949735	3.72e+04	1.00	84	4976562	5.92e+04	0.00
6994	MAST	RMHC	0	3	3	5725	207928009	3.63e+04	0.00	90	5020018	5.58e+04	1.00
6995	MAST	RMHC	0	3	3	7311	261370836	3.58e+04	0.00	92	5156270	5.60e+04	1.00
6996	MAST	RMHC	0	2	2	7029	248406014	3.53e+04	0.00	93	5305404	5.70e+04	1.00
6997	MAST	RMHC	0	4	4	4749	177436691	3.74e+04	0.00	82	4743314	5.78e+04	1.00
6998	MAST	RMHC	1	0	1	10963	371429225	3.39e+04	1.00	95	5436337	5.72e+04	0.00
6999	MAST	RMHC	2	0	2	6860	246948133	3.60e+04	1.00	85	4940949	5.81e+04	0.00
7000	MAST	RMHC	0	3	3	6386	232291379	3.64e+04	0.00	91	5368562	5.90e+04	1.00
7001	MAST	RMHC	2	0	2	10754	371236527	3.45e+04	1.00	96	5460878	5.69e+04	0.00
7002	MAST	OSLA	0	3	3	7532	266655745	3.54e+04	0.00	95	5321234	5.60e+04	1.00
7003	MAST	OSLA	0	1	1	11881	403107075	3.39e+04	0.00	98	5637758	5.75e+04	1.00
7004	MAST	OSLA	4	0	4	5331	199231100	3.74e+04	1.00	81	4561163	5.63e+04	0.00
7005	MAST	OSLA	3	0	3	7608	273462345	3.59e+04	1.00	92	4950741	5.38e+04	0.00
7006	MAST	OSLA	1	0	1	12822	430893239	3.36e+04	1.00	96	5658682	5.89e+04	0.00
7007	MAST	OSLA	0	1	1	11917	402606572	3.38e+04	0.00	98	5897761	6.02e+04	1.00
7008	MAST	OSLA	0	3	3	6525	237515941	3.64e+04	0.00	89	4916514	5.52e+04	1.00
7009	MAST	OSLA	1	0	1	9810	341290380	3.48e+04	1.00	94	5432235	5.78e+04	0.00
7010	MAST	OSLA	3	0	3	4851	182458124	3.76e+04	1.00	79	4405659	5.58e+04	0.00
7011	MAST	OSLA	0	1	1	12665	425759024	3.36e+04	0.00	98	6069275	6.19e+04	1.00
7012	MAST	OSLA	1	0	1	10308	350871230	3.40e+04	1.00	91	5034563	5.53e+04	0.00
7013	MAST	OSLA	0	1	1	12214	420753156	3.44e+04	0.00	97	5756878	5.93e+04	1.00
7014	MAST	OSLA	0	2	2	7209	263248061	3.65e+04	0.00	90	5107333	5.67e+04	1.00
7015	MAST	OSLA	0	4	4	6719	244594677	3.64e+04	0.00	93	5062987	5.44e+04	1.00
7016	MAST	OSLA	0	5	5	3849	150794978	3.92e+04	0.00	78	4368888	5.60e+04	1.00
7017	MAST	OSLA	0	5	5	4881	184468585	3.78e+04	0.00	86	4650587	5.41e+04	1.00
7018	MAST	OSLA	1	0	1	9324	320244841	3.43e+04	1.00	96	5612171	5.85e+04	0.00
7019	MAST	OSLA	2	0	2	8726	311596960	3.57e+04	1.00	95	5749293	6.05e+04	0.00
7020	MAST	OSLA	1	0	1	11459	390013127	3.40e+04	1.00	93	5159333	5.55e+04	0.00
7021	MAST	OSLA	1	0	1	12772	427647579	3.35e+04	1.00	98	5466563	5.58e+04	0.00
7022	MAST	OSLA	1	0	1	9130	317781746	3.48e+04	1.00	94	5326311	5.67e+04	0.00
7023	MAST	OSLA	1	0	1	12210	409906658	3.36e+04	1.00	96	5554109	5.79e+04	0.00
7024	MAST	OSLA	2	0	2	9112	367185958	4.03e+04	1.00	94	5093858	5.42e+04	0.00
7025	MAST	OSLA	1	0	1	11228	387228712	3.45e+04	1.00	93	5476118	5.89e+04	0.00
7026	MAST	OSLA	0	1	1	9513	325938232	3.43e+04	0.00	97	5658515	5.83e+04	1.00
7027	MAST	OSLA	0	1	1	7976	287211151	3.60e+04	0.00	89	5015973	5.64e+04	1.00
7028	MAST	OSLA	1	0	1	13177	438417365	3.33e+04	1.00	97	5448167	5.62e+04	0.00
7029	MAST	OSLA	0	1	1	9269	323285913	3.49e+04	0.00	95	5502109	5.79e+04	1.00
7030	MAST	OSLA	2	0	2	7863	283014697	3.60e+04	1.00	91	5204111	5.72e+04	0.00
7031	MAST	OSLA	1	0	1	9069	323586935	3.57e+04	1.00	88	5030328	5.72e+04	0.00
7032	MAST	OSLA	1	0	1	10935	369658473	3.38e+04	1.00	94	5325357	5.67e+04	0.00
7033	MAST	OSLA	1	0	1	11135	378177149	3.40e+04	1.00	93	5307758	5.71e+04	0.00
7034	MAST	OSLA	0	1	1	14410	471305490	3.27e+04	0.00	97	5718996	5.90e+04	1.00
7035	MAST	OSLA	0	1	1	12011	408978824	3.41e+04	0.00	97	5493479	5.66e+04	1.00
7036	MAST	OSLA	0	1	1	13426	453624059	3.38e+04	0.00	95	5605830	5.90e+04	1.00
7037	MAST	OSLA	0	1	1	11022	380609186	3.45e+04	0.00	93	5305204	5.70e+04	1.00
7038	MAST	OSLA	1	0	1	11064	425751872	3.85e+04	1.00	96	5179115	5.39e+04	0.00
7039	MAST	OSLA	0	1	1	10148	353683781	3.49e+04	0.00	97	5670470	5.85e+04	1.00
7040	MAST	OSLA	0	1	1	16126	524649589	3.25e+04	0.00	98	5646309	5.76e+04	1.00
7041	MAST	OSLA	3	0	3	6694	243104843	3.63e+04	1.00	89	5033040	5.66e+04	0.00
7042	MAST	OSLA	5	0	5	7424	268469421	3.62e+04	1.00	86	4979667	5.79e+04	0.00
7043	MAST	OSLA	0	1	1	8121	290080290	3.57e+04	0.00	78	4717893	6.05e+04	1.00
7044	MAST	OSLA	2	0	2	10993	383198599	3.49e+04	1.00	89	5276020	5.93e+04	0.00
7045	MAST	OSLA	0	2	2	6413	318687277	4.97e+04	0.00	85	5101273	6.00e+04	1.00
7046	MAST	OSLA	3	0	3	8335	302321005	3.63e+04	1.00	94	5452049	5.80e+04	0.00
7047	MAST	OSLA	1	0	1	11571	395958424	3.42e+04	1.00	96	5544009	5.78e+04	0.00
7048	MAST	OSLA	1	0	1	20598	657837075	3.19e+04	1.00	97	5419986	5.59e+04	0.00
7049	MAST	OSLA	0	1	1	12091	411211295	3.40e+04	0.00	96	5599094	5.83e+04	1.00
7050	MAST	OSLA	1	0	1	7911	283220697	3.58e+04	1.00	91	5197689	5.71e+04	0.00
7051	MAST	OSLA	1	0	1	15609	514773059	3.30e+04	1.00	99	5965433	6.03e+04	0.00
7052	MAST	OSLA	0	1	1	8876	365613308	4.12e+04	0.00	94	5037614	5.36e+04	1.00
7053	MAST	OSLA	1	0	1	17007	554928148	3.26e+04	1.00	97	5544271	5.72e+04	0.00
7054	MAST	OSLA	4	0	4	5057	187855594	3.71e+04	1.00	80	4697716	5.87e+04	0.00
7055	MAST	OSLA	1	0	1	7892	278512377	3.53e+04	1.00	89	5083534	5.71e+04	0.00
7056	MAST	OSLA	2	0	2	8695	303386483	3.49e+04	1.00	94	5141925	5.47e+04	0.00
7057	MAST	OSLA	0	1	1	10367	357546721	3.45e+04	0.00	95	5621359	5.92e+04	1.00
7058	MAST	OSLA	1	0	1	13701	453171964	3.31e+04	1.00	96	5416068	5.64e+04	0.00
7059	MAST	OSLA	0	1	1	9841	412983764	4.20e+04	0.00	89	5047653	5.67e+04	1.00
7060	MAST	OSLA	2	0	2	7637	274481155	3.59e+04	1.00	92	5117400	5.56e+04	0.00
7061	MAST	OSLA	1	0	1	13409	451798655	3.37e+04	1.00	99	5914406	5.97e+04	0.00
7062	MAST	OSLA	0	2	2	7410	268952191	3.63e+04	0.00	84	4649378	5.53e+04	1.00
7063	MAST	OSLA	0	1	1	13245	458037242	3.46e+04	0.00	93	5194156	5.59e+04	1.00
7064	MAST	OSLA	2	0	2	8064	290870681	3.61e+04	1.00	93	5290775	5.69e+04	0.00
7065	MAST	OSLA	1	0	1	12155	409315502	3.37e+04	1.00	99	6033505	6.09e+04	0.00
7066	MAST	OSLA	0	1	1	7645	273305923	3.57e+04	0.00	92	5278415	5.74e+04	1.00
7067	MAST	OSLA	0	2	2	6383	239343081	3.75e+04	0.00	90	5174365	5.75e+04	1.00
7068	MAST	OSLA	0	1	1	9713	333767943	3.44e+04	0.00	93	5397321	5.80e+04	1.00
7069	MAST	OSLA	4	0	4	5343	201951862	3.78e+04	1.00	77	4402731	5.72e+04	0.00
7070	MAST	OSLA	1	0	1	6734	244900603	3.64e+04	1.00	82	5240246	6.39e+04	0.00
7071	MAST	OSLA	1	0	1	11677	405799109	3.48e+04	1.00	94	5273646	5.61e+04	0.00
7072	MAST	OSLA	1	0	1	9183	321999519	3.51e+04	1.00	94	5403075	5.75e+04	0.00
7073	MAST	OSLA	1	0	1	12188	408577868	3.35e+04	1.00	98	5565278	5.68e+04	0.00
7074	MAST	OSLA	0	1	1	10174	343992636	3.38e+04	0.00	98	5580726	5.69e+04	1.00
7075	MAST	OSLA	0	4	4	4551	173163250	3.80e+04	0.00	78	4443410	5.70e+04	1.00
7076	MAST	OSLA	3	0	3	12506	432959482	3.46e+04	1.00	92	5331298	5.79e+04	0.00
7077	MAST	OSLA	1	0	1	14193	482435622	3.40e+04	1.00	94	5470250	5.82e+04	0.00
7078	MAST	OSLA	2	0	2	5449	203760726	3.74e+04	1.00	84	4629929	5.51e+04	0.00
7079	MAST	OSLA	1	0	1	8314	297944091	3.58e+04	1.00	89	5107584	5.74e+04	0.00
7080	MAST	OSLA	1	0	1	12211	407230830	3.33e+04	1.00	97	6036157	6.22e+04	0.00
7081	MAST	OSLA	3	0	3	6898	250131418	3.63e+04	1.00	70	4155164	5.94e+04	0.00
7082	MAST	OSLA	0	3	3	7607	274178944	3.60e+04	0.00	93	5279705	5.68e+04	1.00
7083	MAST	OSLA	1	0	1	9633	333575233	3.46e+04	1.00	93	5227457	5.62e+04	0.00
7084	MAST	OSLA	2	0	2	9866	350138510	3.55e+04	1.00	91	5208957	5.72e+04	0.00
7085	MAST	OSLA	1	0	1	10027	345650403	3.45e+04	1.00	92	5162404	5.61e+04	0.00
7086	MAST	OSLA	2	0	2	5170	193874115	3.75e+04	1.00	84	4570491	5.44e+04	0.00
7087	MAST	OSLA	0	3	3	5860	215108798	3.67e+04	0.00	87	4833633	5.56e+04	1.00
7088	MAST	OSLA	0	2	2	8958	315579615	3.52e+04	0.00	96	5462448	5.69e+04	1.00
7089	MAST	OSLA	0	1	1	10612	369222386	3.48e+04	0.00	91	5244381	5.76e+04	1.00
7090	MAST	OSLA	0	1	1	12192	400598507	3.29e+04	0.00	98	5444193	5.56e+04	1.00
7091	MAST	OSLA	1	0	1	9641	333333420	3.46e+04	1.00	96	5434864	5.66e+04	0.00
7092	MAST	OSLA	0	1	1	12320	411135416	3.34e+04	0.00	99	5614151	5.67e+04	1.00
7093	MAST	OSLA	0	1	1	10501	368956203	3.51e+04	0.00	93	5514605	5.93e+04	1.00
7094	MAST	OSLA	1	0	1	17142	542471739	3.16e+04	1.00	98	5782376	5.90e+04	0.00
7095	MAST	OSLA	0	4	4	5178	194510692	3.76e+04	0.00	85	5146506	6.05e+04	1.00
7096	MAST	OSLA	0	1	1	10881	370161978	3.40e+04	0.00	93	5322214	5.72e+04	1.00
7097	MAST	OSLA	0	2	2	7120	260758955	3.66e+04	0.00	88	5149006	5.85e+04	1.00
7098	MAST	OSLA	1	0	1	17047	540706127	3.17e+04	1.00	98	5479374	5.59e+04	0.00
7099	MAST	OSLA	1	0	1	16486	540249404	3.28e+04	1.00	97	5750680	5.93e+04	0.00
7100	MAST	OSLA	0	1	1	6570	237523618	3.62e+04	0.00	89	5379459	6.04e+04	1.00
7101	MAST	OSLA	2	0	2	8874	318851360	3.59e+04	1.00	92	5220824	5.67e+04	0.00
7102	MAST	OSLA	0	1	1	8771	307291485	3.50e+04	0.00	97	5968593	6.15e+04	1.00
7103	MAST	OSLA	3	0	3	9617	336312315	3.50e+04	1.00	95	5330220	5.61e+04	0.00
7104	MAST	OSLA	3	0	3	9533	333457106	3.50e+04	1.00	95	5422597	5.71e+04	0.00
7105	MAST	OSLA	0	1	1	10438	362811447	3.48e+04	0.00	93	5283056	5.68e+04	1.00
7106	MAST	OSLA	2	0	2	8621	304586942	3.53e+04	1.00	95	5344612	5.63e+04	0.00
7107	MAST	OSLA	0	3	3	5627	210449291	3.74e+04	0.00	87	4968869	5.71e+04	1.00
7108	MAST	OSLA	1	0	1	13473	433971147	3.22e+04	1.00	99	5510005	5.57e+04	0.00
7109	MAST	OSLA	0	2	2	10206	358989454	3.52e+04	0.00	95	5529404	5.82e+04	1.00
7110	MAST	OSLA	1	0	1	11699	397502313	3.40e+04	1.00	96	5470337	5.70e+04	0.00
7111	MAST	OSLA	0	2	2	6183	227798848	3.68e+04	0.00	86	4906796	5.71e+04	1.00
7112	MAST	OSLA	1	0	1	12144	407205763	3.35e+04	1.00	96	5225385	5.44e+04	0.00
7113	MAST	OSLA	3	0	3	7082	253384431	3.58e+04	1.00	87	5099856	5.86e+04	0.00
7114	MAST	OSLA	0	2	2	7973	287836730	3.61e+04	0.00	96	5632703	5.87e+04	1.00
7115	MAST	OSLA	2	0	2	6251	230440860	3.69e+04	1.00	79	4461899	5.65e+04	0.00
7116	MAST	OSLA	0	5	5	6478	235878987	3.64e+04	0.00	91	5078406	5.58e+04	1.00
7117	MAST	OSLA	0	1	1	12550	424513294	3.38e+04	0.00	98	5807657	5.93e+04	1.00
7118	MAST	OSLA	1	0	1	8871	311079363	3.51e+04	1.00	93	5462647	5.87e+04	0.00
7119	MAST	OSLA	0	1	1	10833	369215779	3.41e+04	0.00	98	5427737	5.54e+04	1.00
7120	MAST	OSLA	0	6	6	4700	191707513	4.08e+04	0.00	84	4824468	5.74e+04	1.00
7121	MAST	OSLA	0	1	1	14412	477183908	3.31e+04	0.00	99	5747936	5.81e+04	1.00
7122	MAST	OSLA	0	1	1	11344	383408169	3.38e+04	0.00	97	5634311	5.81e+04	1.00
7123	MAST	OSLA	0	1	1	10592	374169797	3.53e+04	0.00	93	5327655	5.73e+04	1.00
7124	MAST	OSLA	0	2	2	4877	184103280	3.77e+04	0.00	81	4517110	5.58e+04	1.00
7125	MAST	OSLA	0	1	1	12714	428864085	3.37e+04	0.00	95	5385718	5.67e+04	1.00
7126	MAST	OSLA	0	4	4	4122	160372593	3.89e+04	0.00	74	4464971	6.03e+04	1.00
7127	MAST	OSLA	0	2	2	9142	320681267	3.51e+04	0.00	95	5468979	5.76e+04	1.00
7128	MAST	OSLA	3	0	3	6352	236172763	3.72e+04	1.00	83	4648315	5.60e+04	0.00
7129	MAST	OSLA	0	2	2	5532	204696953	3.70e+04	0.00	86	4811356	5.59e+04	1.00
7130	MAST	OSLA	2	0	2	9143	321998161	3.52e+04	1.00	94	5513064	5.86e+04	0.00
7131	MAST	OSLA	1	0	1	8360	301751001	3.61e+04	1.00	90	5533978	6.15e+04	0.00
7132	MAST	OSLA	1	0	1	9190	322287039	3.51e+04	1.00	91	5277953	5.80e+04	0.00
7133	MAST	OSLA	0	2	2	9119	327393644	3.59e+04	0.00	88	5049637	5.74e+04	1.00
7134	MAST	OSLA	1	0	1	11667	391354363	3.35e+04	1.00	95	5559121	5.85e+04	0.00
7135	MAST	OSLA	2	0	2	7705	276060980	3.58e+04	1.00	88	4887126	5.55e+04	0.00
7136	MAST	OSLA	0	1	1	14248	478284152	3.36e+04	0.00	95	5358094	5.64e+04	1.00
7137	MAST	OSLA	3	0	3	8069	290456444	3.60e+04	1.00	93	5235715	5.63e+04	0.00
7138	MAST	OSLA	2	0	2	9089	316362207	3.48e+04	1.00	93	5263443	5.66e+04	0.00
7139	MAST	OSLA	0	1	1	8080	287709399	3.56e+04	0.00	94	5183395	5.51e+04	1.00
7140	MAST	OSLA	1	0	1	11037	372672551	3.38e+04	1.00	98	5571356	5.69e+04	0.00
7141	MAST	OSLA	1	0	1	9794	342885089	3.50e+04	1.00	94	5598088	5.96e+04	0.00
7142	MAST	OSLA	1	0	1	14564	484906771	3.33e+04	1.00	96	5843653	6.09e+04	0.00
7143	MAST	OSLA	1	0	1	14633	478347363	3.27e+04	1.00	97	5472790	5.64e+04	0.00
7144	MAST	OSLA	0	2	2	8729	306638140	3.51e+04	0.00	95	5328033	5.61e+04	1.00
7145	MAST	OSLA	0	2	2	7614	273344930	3.59e+04	0.00	95	5439775	5.73e+04	1.00
7146	MAST	OSLA	0	1	1	9432	327732256	3.47e+04	0.00	94	5221349	5.55e+04	1.00
7147	MAST	OSLA	1	0	1	10483	362531615	3.46e+04	1.00	94	5243207	5.58e+04	0.00
7148	MAST	OSLA	1	0	1	15870	517383170	3.26e+04	1.00	98	5886826	6.01e+04	0.00
7149	MAST	OSLA	0	3	3	5116	192818611	3.77e+04	0.00	80	4666885	5.83e+04	1.00
7150	MAST	OSLA	0	1	1	5624	208349094	3.70e+04	0.00	86	4777442	5.56e+04	1.00
7151	MAST	OSLA	1	0	1	11423	389891405	3.41e+04	1.00	99	5605190	5.66e+04	0.00
7152	MAST	OSLA	1	0	1	11533	394194488	3.42e+04	1.00	96	5415691	5.64e+04	0.00
7153	MAST	OSLA	0	2	2	8388	305110570	3.64e+04	0.00	93	5228047	5.62e+04	1.00
7154	MAST	OSLA	0	1	1	9719	335325199	3.45e+04	0.00	95	5297053	5.58e+04	1.00
7155	MAST	OSLA	3	0	3	10121	356020073	3.52e+04	1.00	86	4914140	5.71e+04	0.00
7156	MAST	OSLA	1	0	1	8212	288405857	3.51e+04	1.00	91	5204346	5.72e+04	0.00
7157	MAST	OSLA	1	0	1	8793	308886164	3.51e+04	1.00	90	5027054	5.59e+04	0.00
7158	MAST	OSLA	0	1	1	22443	703777814	3.14e+04	0.00	99	5780173	5.84e+04	1.00
7159	MAST	OSLA	1	0	1	9897	348460684	3.52e+04	1.00	94	5305207	5.64e+04	0.00
7160	MAST	OSLA	4	0	4	4964	185119356	3.73e+04	1.00	80	4489715	5.61e+04	0.00
7161	MAST	OSLA	0	2	2	6867	250465604	3.65e+04	0.00	93	5349503	5.75e+04	1.00
7162	MAST	OSLA	0	2	2	8051	284216948	3.53e+04	0.00	92	4933992	5.36e+04	1.00
7163	MAST	OSLA	1	0	1	7808	277894163	3.56e+04	1.00	84	4964100	5.91e+04	0.00
7164	MAST	OSLA	0	1	1	5776	213973173	3.70e+04	0.00	87	4861477	5.59e+04	1.00
7165	MAST	OSLA	1	0	1	10649	365137377	3.43e+04	1.00	94	5069479	5.39e+04	0.00
7166	MAST	OSLA	0	3	3	4901	186132280	3.80e+04	0.00	85	5128842	6.03e+04	1.00
7167	MAST	OSLA	0	2	2	7272	261782227	3.60e+04	0.00	94	5382388	5.73e+04	1.00
7168	MAST	OSLA	0	1	1	8538	302036676	3.54e+04	0.00	92	5249284	5.71e+04	1.00
7169	MAST	OSLA	0	2	2	7568	276581008	3.65e+04	0.00	91	4997687	5.49e+04	1.00
7170	MAST	OSLA	1	0	1	9972	341887587	3.43e+04	1.00	92	5312352	5.77e+04	0.00
7171	MAST	OSLA	0	2	2	5622	211104578	3.75e+04	0.00	88	5261675	5.98e+04	1.00
7172	MAST	OSLA	1	0	1	13704	446804506	3.26e+04	1.00	97	5522796	5.69e+04	0.00
7173	MAST	OSLA	1	0	1	7317	265967409	3.63e+04	1.00	91	5208065	5.72e+04	0.00
7174	MAST	OSLA	0	4	4	5990	221850019	3.70e+04	0.00	88	5040072	5.73e+04	1.00
7175	MAST	OSLA	0	1	1	13333	442949235	3.32e+04	0.00	99	5526512	5.58e+04	1.00
7176	MAST	OSLA	1	0	1	13109	433661716	3.31e+04	1.00	98	5608070	5.72e+04	0.00
7177	MAST	OSLA	0	1	1	13400	436217409	3.26e+04	0.00	99	5754008	5.81e+04	1.00
7178	MAST	OSLA	2	0	2	8248	299007082	3.63e+04	1.00	88	5052840	5.74e+04	0.00
7179	MAST	OSLA	2	0	2	9027	318093464	3.52e+04	1.00	91	5052519	5.55e+04	0.00
7180	MAST	OSLA	0	2	2	7207	262502922	3.64e+04	0.00	90	5307695	5.90e+04	1.00
7181	MAST	OSLA	1	0	1	9895	342167085	3.46e+04	1.00	94	5176126	5.51e+04	0.00
7182	MAST	OSLA	1	0	1	8996	306301000	3.40e+04	1.00	95	5256393	5.53e+04	0.00
7183	MAST	OSLA	0	5	5	4283	163581600	3.82e+04	0.00	81	4564121	5.63e+04	1.00
7184	MAST	OSLA	0	1	1	8391	292985327	3.49e+04	0.00	91	5323692	5.85e+04	1.00
7185	MAST	OSLA	0	1	1	7220	258472069	3.58e+04	0.00	92	5084738	5.53e+04	1.00
7186	MAST	OSLA	0	1	1	12032	404816954	3.36e+04	0.00	97	5597781	5.77e+04	1.00
7187	MAST	OSLA	0	2	2	7259	262341980	3.61e+04	0.00	92	5472105	5.95e+04	1.00
7188	MAST	OSLA	0	3	3	5666	207737382	3.67e+04	0.00	83	4535126	5.46e+04	1.00
7189	MAST	OSLA	0	1	1	13772	467154870	3.39e+04	0.00	96	5556192	5.79e+04	1.00
7190	MAST	OSLA	0	2	2	6803	249636136	3.67e+04	0.00	88	5066736	5.76e+04	1.00
7191	MAST	OSLA	1	0	1	12780	425980774	3.33e+04	1.00	97	5574441	5.75e+04	0.00
7192	MAST	OSLA	0	4	4	4340	164522267	3.79e+04	0.00	75	4173018	5.56e+04	1.00
7193	MAST	OSLA	1	0	1	12094	411912921	3.41e+04	1.00	99	5747488	5.81e+04	0.00
7194	MAST	OSLA	0	1	1	13509	459164957	3.40e+04	0.00	96	5529926	5.76e+04	1.00
7195	MAST	OSLA	0	1	1	10753	369988700	3.44e+04	0.00	94	5368038	5.71e+04	1.00
7196	MAST	OSLA	0	1	1	8462	293644370	3.47e+04	0.00	96	5197502	5.41e+04	1.00
7197	MAST	OSLA	2	0	2	7047	258350573	3.67e+04	1.00	89	5096073	5.73e+04	0.00
7198	MAST	OSLA	1	0	1	8181	294496059	3.60e+04	1.00	90	5092030	5.66e+04	0.00
7199	MAST	OSLA	4	0	4	9112	319472136	3.51e+04	1.00	86	4870745	5.66e+04	0.00
7200	MAST	OSLA	1	0	1	9692	330815507	3.41e+04	1.00	92	5131917	5.58e+04	0.00
7201	MAST	OSLA	1	0	1	12117	414538264	3.42e+04	1.00	92	5215887	5.67e+04	0.00
7202	MAST	OSLA	4	0	4	8451	296728692	3.51e+04	1.00	87	5243869	6.03e+04	0.00
7203	MAST	OSLA	0	3	3	7259	261424656	3.60e+04	0.00	93	5291807	5.69e+04	1.00
7204	MAST	OSLA	0	2	2	6924	252043199	3.64e+04	0.00	90	5346212	5.94e+04	1.00
7205	MAST	OSLA	0	1	1	7244	259330133	3.58e+04	0.00	89	4956726	5.57e+04	1.00
7206	MAST	OSLA	0	1	1	15343	494876586	3.23e+04	0.00	99	5609312	5.67e+04	1.00
7207	MAST	OSLA	3	0	3	5377	199468322	3.71e+04	1.00	83	4595558	5.54e+04	0.00
7208	MAST	OSLA	2	0	2	6332	225326439	3.56e+04	1.00	88	4859349	5.52e+04	0.00
7209	MAST	OSLA	5	0	5	4819	180974049	3.76e+04	1.00	78	4331834	5.55e+04	0.00
7210	MAST	OSLA	1	0	1	9915	342903808	3.46e+04	1.00	92	5805993	6.31e+04	0.00
7211	MAST	OSLA	1	0	1	7309	264116715	3.61e+04	1.00	88	5030796	5.72e+04	0.00
7212	MAST	OSLA	4	0	4	9041	318683848	3.52e+04	1.00	93	5199002	5.59e+04	0.00
7213	MAST	OSLA	2	0	2	7055	257701529	3.65e+04	1.00	84	4897995	5.83e+04	0.00
7214	MAST	OSLA	1	0	1	10734	358280434	3.34e+04	1.00	96	5567819	5.80e+04	0.00
7215	MAST	OSLA	1	0	1	8763	306660599	3.50e+04	1.00	90	5121672	5.69e+04	0.00
7216	MAST	OSLA	0	2	2	9724	339090881	3.49e+04	0.00	97	5473915	5.64e+04	1.00
7217	MAST	OSLA	0	1	1	13302	446077450	3.35e+04	0.00	98	5790175	5.91e+04	1.00
7218	MAST	OSLA	1	0	1	9210	321710009	3.49e+04	1.00	94	5396695	5.74e+04	0.00
7219	MAST	OSLA	0	3	3	5341	201244350	3.77e+04	0.00	85	5237665	6.16e+04	1.00
7220	MAST	OSLA	1	0	1	12737	424527416	3.33e+04	1.00	96	5335554	5.56e+04	0.00
7221	MAST	OSLA	2	0	2	6438	236831228	3.68e+04	1.00	86	5386855	6.26e+04	0.00
7222	MAST	OSLA	0	1	1	10892	363923027	3.34e+04	0.00	93	5186163	5.58e+04	1.00
7223	MAST	OSLA	0	1	1	12590	429961924	3.42e+04	0.00	98	5324900	5.43e+04	1.00
7224	MAST	OSLA	0	3	3	4558	174860043	3.84e+04	0.00	80	4561436	5.70e+04	1.00
7225	MAST	OSLA	0	2	2	10781	376423247	3.49e+04	0.00	96	5576549	5.81e+04	1.00
7226	MAST	OSLA	0	1	1	9970	347640633	3.49e+04	0.00	96	5594700	5.83e+04	1.00
7227	MAST	OSLA	0	2	2	7255	262119814	3.61e+04	0.00	90	4889126	5.43e+04	1.00
7228	MAST	OSLA	1	0	1	9014	308283617	3.42e+04	1.00	92	5372372	5.84e+04	0.00
7229	MAST	OSLA	0	1	1	11257	384422753	3.41e+04	0.00	98	5536136	5.65e+04	1.00
7230	MAST	OSLA	0	3	3	8590	303641445	3.53e+04	0.00	96	5439607	5.67e+04	1.00
7231	MAST	OSLA	0	2	2	7982	287067093	3.60e+04	0.00	94	5080509	5.40e+04	1.00
7232	MAST	OSLA	0	4	4	6023	220589778	3.66e+04	0.00	87	4826485	5.55e+04	1.00
7233	MAST	OSLA	1	0	1	9851	345280043	3.51e+04	1.00	96	5493896	5.72e+04	0.00
7234	MAST	OSLA	1	0	1	10825	374708475	3.46e+04	1.00	95	5813633	6.12e+04	0.00
7235	MAST	OSLA	2	0	2	8861	316166076	3.57e+04	1.00	91	5181857	5.69e+04	0.00
7236	MAST	OSLA	2	0	2	8803	310321582	3.53e+04	1.00	96	5728925	5.97e+04	0.00
7237	MAST	OSLA	2	0	2	7378	267272233	3.62e+04	1.00	90	5005797	5.56e+04	0.00
7238	MAST	OSLA	1	0	1	13082	460687466	3.52e+04	1.00	98	5703862	5.82e+04	0.00
7239	MAST	OSLA	0	8	8	2896	114549350	3.96e+04	0.00	67	3839386	5.73e+04	1.00
7240	MAST	OSLA	1	0	1	14336	468727607	3.27e+04	1.00	98	5616120	5.73e+04	0.00
7241	MAST	OSLA	1	0	1	6105	224636577	3.68e+04	1.00	87	5198400	5.98e+04	0.00
7242	MAST	OSLA	1	0	1	12957	435562940	3.36e+04	1.00	97	5421954	5.59e+04	0.00
7243	MAST	OSLA	1	0	1	13761	466314240	3.39e+04	1.00	95	5568829	5.86e+04	0.00
7244	MAST	OSLA	0	1	1	16566	553578079	3.34e+04	0.00	96	5641246	5.88e+04	1.00
7245	MAST	OSLA	0	3	3	5724	211843053	3.70e+04	0.00	89	5025208	5.65e+04	1.00
7246	MAST	OSLA	3	0	3	7762	279350106	3.60e+04	1.00	87	4625400	5.32e+04	0.00
7247	MAST	OSLA	1	0	1	8010	288068263	3.60e+04	1.00	90	5378197	5.98e+04	0.00
7248	MAST	OSLA	1	0	1	12193	401891671	3.30e+04	1.00	97	5647986	5.82e+04	0.00
7249	MAST	OSLA	1	0	1	10178	353435881	3.47e+04	1.00	94	5485093	5.84e+04	0.00
7250	MAST	OSLA	0	1	1	9190	322518002	3.51e+04	0.00	86	4891886	5.69e+04	1.00
7251	MAST	OSLA	0	5	5	3400	133055690	3.91e+04	0.00	72	3895968	5.41e+04	1.00
7252	MAST	OSLA	0	1	1	10698	359136091	3.36e+04	0.00	97	5567228	5.74e+04	1.00
7253	MAST	OSLA	0	7	7	3786	145983825	3.86e+04	0.00	73	4227901	5.79e+04	1.00
7254	MAST	OSLA	2	0	2	7258	277217871	3.82e+04	1.00	90	5197006	5.77e+04	0.00
7255	MAST	OSLA	1	0	1	11584	394433977	3.40e+04	1.00	96	5456204	5.68e+04	0.00
7256	MAST	OSLA	0	1	1	11406	391870073	3.44e+04	0.00	91	5242727	5.76e+04	1.00
7257	MAST	OSLA	0	1	1	6582	241711358	3.67e+04	0.00	88	5056141	5.75e+04	1.00
7258	MAST	OSLA	0	2	2	6899	253805269	3.68e+04	0.00	91	5065962	5.57e+04	1.00
7259	MAST	OSLA	2	0	2	7836	283768201	3.62e+04	1.00	93	5289485	5.69e+04	0.00
7260	MAST	OSLA	4	0	4	7718	277979239	3.60e+04	1.00	87	4854934	5.58e+04	0.00
7261	MAST	OSLA	0	1	1	10174	355103069	3.49e+04	0.00	97	5672591	5.85e+04	1.00
7262	MAST	OSLA	0	1	1	14784	475440420	3.22e+04	0.00	97	5613166	5.79e+04	1.00
7263	MAST	OSLA	1	0	1	9973	344692754	3.46e+04	1.00	93	5256329	5.65e+04	0.00
7264	MAST	OSLA	0	3	3	6731	244160596	3.63e+04	0.00	89	5088766	5.72e+04	1.00
7265	MAST	OSLA	0	2	2	5752	216900241	3.77e+04	0.00	86	4983263	5.79e+04	1.00
7266	MAST	OSLA	2	0	2	7588	276645476	3.65e+04	1.00	92	5104442	5.55e+04	0.00
7267	MAST	OSLA	1	0	1	15096	492156026	3.26e+04	1.00	99	5571950	5.63e+04	0.00
7268	MAST	OSLA	2	0	2	8752	306850700	3.51e+04	1.00	95	5544745	5.84e+04	0.00
7269	MAST	OSLA	0	1	1	14061	468115203	3.33e+04	0.00	98	5358967	5.47e+04	1.00
7270	MAST	OSLA	0	1	1	6329	228501568	3.61e+04	0.00	89	4877814	5.48e+04	1.00
7271	MAST	OSLA	0	1	1	11239	389650398	3.47e+04	0.00	93	5536769	5.95e+04	1.00
7272	MAST	OSLA	0	2	2	7979	284498927	3.57e+04	0.00	95	5356498	5.64e+04	1.00
7273	MAST	OSLA	1	0	1	8494	299433451	3.53e+04	1.00	92	4860690	5.28e+04	0.00
7274	MAST	OSLA	0	1	1	10633	357183890	3.36e+04	0.00	95	5462249	5.75e+04	1.00
7275	MAST	OSLA	0	5	5	3422	135537261	3.96e+04	0.00	73	4236696	5.80e+04	1.00
7276	MAST	OSLA	0	1	1	7406	269551392	3.64e+04	0.00	91	5544049	6.09e+04	1.00
7277	MAST	OSLA	1	0	1	9670	335590067	3.47e+04	1.00	95	5443100	5.73e+04	0.00
7278	MAST	OSLA	0	2	2	9189	322483376	3.51e+04	0.00	95	5441570	5.73e+04	1.00
7279	MAST	OSLA	0	4	4	4350	165557781	3.81e+04	0.00	82	4665648	5.69e+04	1.00
7280	MAST	OSLA	1	0	1	12093	403548191	3.34e+04	1.00	98	5502348	5.61e+04	0.00
7281	MAST	OSLA	4	0	4	7467	271640577	3.64e+04	1.00	78	4341464	5.57e+04	0.00
7282	MAST	OSLA	2	0	2	9221	329663135	3.58e+04	1.00	93	5285759	5.68e+04	0.00
7283	MAST	OSLA	0	1	1	9306	328854765	3.53e+04	0.00	90	5048193	5.61e+04	1.00
7284	MAST	OSLA	1	0	1	13934	456621221	3.28e+04	1.00	97	5558459	5.73e+04	0.00
7285	MAST	OSLA	1	0	1	9666	337304837	3.49e+04	1.00	94	5124671	5.45e+04	0.00
7286	MAST	OSLA	1	0	1	7554	269753125	3.57e+04	1.00	89	5163740	5.80e+04	0.00
7287	MAST	OSLA	0	2	2	5247	196534579	3.75e+04	0.00	82	4991662	6.09e+04	1.00
7288	MAST	OSLA	1	0	1	10655	372058174	3.49e+04	1.00	87	5006942	5.76e+04	0.00
7289	MAST	OSLA	1	0	1	12027	410109583	3.41e+04	1.00	95	5400007	5.68e+04	0.00
7290	MAST	OSLA	1	0	1	8349	291927725	3.50e+04	1.00	87	5013717	5.76e+04	0.00
7291	MAST	OSLA	1	0	1	8891	318106792	3.58e+04	1.00	91	5162914	5.67e+04	0.00
7292	MAST	OSLA	0	1	1	10351	378898900	3.66e+04	0.00	93	5197185	5.59e+04	1.00
7293	MAST	OSLA	0	2	2	5135	194537289	3.79e+04	0.00	85	4805405	5.65e+04	1.00
7294	MAST	OSLA	4	0	4	9847	339245233	3.45e+04	1.00	95	5276427	5.55e+04	0.00
7295	MAST	OSLA	0	1	1	7158	264886850	3.70e+04	0.00	88	5235465	5.95e+04	1.00
7296	MAST	OSLA	2	0	2	9119	322486751	3.54e+04	1.00	96	5733199	5.97e+04	0.00
7297	MAST	OSLA	0	3	3	6395	237585752	3.72e+04	0.00	83	4596004	5.54e+04	1.00
7298	MAST	OSLA	0	2	2	7642	274194094	3.59e+04	0.00	95	5525720	5.82e+04	1.00
7299	MAST	OSLA	4	0	4	8243	296110510	3.59e+04	1.00	83	4818230	5.81e+04	0.00
7300	MAST	OSLA	0	5	5	6231	229904525	3.69e+04	0.00	90	5499308	6.11e+04	1.00
7301	MAST	OSLA	0	2	2	4639	176651913	3.81e+04	0.00	79	4390116	5.56e+04	1.00
7302	MAST	OSLA	0	4	4	5134	193578293	3.77e+04	0.00	87	5063118	5.82e+04	1.00
7303	MAST	OSLA	0	1	1	10461	371886891	3.55e+04	0.00	89	5249459	5.90e+04	1.00
7304	MAST	OSLA	3	0	3	7152	256944453	3.59e+04	1.00	91	5269023	5.79e+04	0.00
7305	MAST	OSLA	0	2	2	5943	241497686	4.06e+04	0.00	87	5069051	5.83e+04	1.00
7306	MAST	OSLA	0	4	4	4651	175061067	3.76e+04	0.00	83	4602331	5.54e+04	1.00
7307	MAST	OSLA	0	1	1	6236	230987006	3.70e+04	0.00	90	5119175	5.69e+04	1.00
7308	MAST	OSLA	0	1	1	11689	401948539	3.44e+04	0.00	96	5680543	5.92e+04	1.00
7309	MAST	OSLA	0	2	2	9395	356888070	3.80e+04	0.00	96	5525972	5.76e+04	1.00
7310	MAST	OSLA	1	0	1	11798	394414743	3.34e+04	1.00	98	5677501	5.79e+04	0.00
7311	MAST	OSLA	0	2	2	9121	317847564	3.48e+04	0.00	97	5636155	5.81e+04	1.00
7312	MAST	OSLA	2	0	2	9574	330780234	3.45e+04	1.00	95	5397591	5.68e+04	0.00
7313	MAST	OSLA	1	0	1	9679	339405937	3.51e+04	1.00	95	5166337	5.44e+04	0.00
7314	MAST	OSLA	1	0	1	10048	347083599	3.45e+04	1.00	93	5747746	6.18e+04	0.00
7315	MAST	OSLA	2	0	2	8151	291389190	3.57e+04	1.00	93	5214533	5.61e+04	0.00
7316	MAST	OSLA	3	0	3	5772	210290185	3.64e+04	1.00	81	4583226	5.66e+04	0.00
7317	MAST	OSLA	0	3	3	5248	196523788	3.74e+04	0.00	84	4651639	5.54e+04	1.00
7318	MAST	OSLA	0	3	3	6556	242600140	3.70e+04	0.00	86	4958130	5.77e+04	1.00
7319	MAST	OSLA	0	1	1	10874	379460977	3.49e+04	0.00	94	5706784	6.07e+04	1.00
7320	MAST	OSLA	2	0	2	7074	253472969	3.58e+04	1.00	91	5118903	5.63e+04	0.00
7321	MAST	OSLA	1	0	1	9098	324617013	3.57e+04	1.00	90	5236169	5.82e+04	0.00
7322	MAST	OSLA	1	0	1	12948	420673653	3.25e+04	1.00	97	5456745	5.63e+04	0.00
7323	MAST	OSLA	0	4	4	4386	166563718	3.80e+04	0.00	82	4537905	5.53e+04	1.00
7324	MAST	OSLA	4	0	4	11253	395934982	3.52e+04	1.00	86	5054587	5.88e+04	0.00
7325	MAST	OSLA	0	1	1	12247	430214971	3.51e+04	0.00	96	5519385	5.75e+04	1.00
7326	MAST	OSLA	1	0	1	8169	293054061	3.59e+04	1.00	93	5213240	5.61e+04	0.00
7327	MAST	OSLA	0	1	1	8624	305928980	3.55e+04	0.00	89	5229246	5.88e+04	1.00
7328	MAST	OSLA	0	5	5	5662	210816701	3.72e+04	0.00	84	4860110	5.79e+04	1.00
7329	MAST	OSLA	0	3	3	6714	265577634	3.96e+04	0.00	90	4961848	5.51e+04	1.00
7330	MAST	OSLA	2	0	2	14378	480947090	3.35e+04	1.00	98	5619441	5.73e+04	0.00
7331	MAST	OSLA	2	0	2	7280	261170908	3.59e+04	1.00	90	5113534	5.68e+04	0.00
7332	MAST	OSLA	1	0	1	10726	361287215	3.37e+04	1.00	95	5627040	5.92e+04	0.00
7333	MAST	OSLA	1	0	1	12194	414018811	3.40e+04	1.00	94	5383852	5.73e+04	0.00
7334	MAST	OSLA	1	0	1	11353	387899323	3.42e+04	1.00	95	5297952	5.58e+04	0.00
7335	MAST	OSLA	0	2	2	5689	211365281	3.72e+04	0.00	87	5054940	5.81e+04	1.00
7336	MAST	OSLA	0	1	1	11658	392492067	3.37e+04	0.00	98	5307536	5.42e+04	1.00
7337	MAST	OSLA	0	1	1	10333	353021257	3.42e+04	0.00	98	5480293	5.59e+04	1.00
7338	MAST	OSLA	1	0	1	12716	428330430	3.37e+04	1.00	99	5662115	5.72e+04	0.00
7339	MAST	OSLA	0	4	4	5659	211444691	3.74e+04	0.00	88	5125986	5.82e+04	1.00
7340	MAST	OSLA	1	0	1	12519	427742125	3.42e+04	1.00	89	4892612	5.50e+04	0.00
7341	MAST	OSLA	2	0	2	10845	377309980	3.48e+04	1.00	95	5339071	5.62e+04	0.00
7342	MAST	OSLA	1	0	1	12523	416515862	3.33e+04	1.00	98	5705039	5.82e+04	0.00
7343	MAST	OSLA	0	1	1	11987	409637274	3.42e+04	0.00	98	5311928	5.42e+04	1.00
7344	MAST	OSLA	0	1	1	10870	371948539	3.42e+04	0.00	97	5430461	5.60e+04	1.00
7345	MAST	OSLA	0	4	4	5230	195147961	3.73e+04	0.00	85	4807917	5.66e+04	1.00
7346	MAST	OSLA	1	0	1	8567	303943290	3.55e+04	1.00	88	5104452	5.80e+04	0.00
7347	MAST	OSLA	0	1	1	11350	393061216	3.46e+04	0.00	97	5616729	5.79e+04	1.00
7348	MAST	OSLA	1	0	1	16042	519741099	3.24e+04	1.00	96	5528057	5.76e+04	0.00
7349	MAST	OSLA	1	0	1	10556	361085376	3.42e+04	1.00	92	5316495	5.78e+04	0.00
7350	MAST	OSLA	0	1	1	9678	365135112	3.77e+04	0.00	97	5326070	5.49e+04	1.00
7351	MAST	OSLA	3	0	3	8369	297873420	3.56e+04	1.00	91	5136056	5.64e+04	0.00
7352	MAST	OSLA	1	0	1	14364	471491706	3.28e+04	1.00	96	5626280	5.86e+04	0.00
7353	MAST	OSLA	1	0	1	11573	384620872	3.32e+04	1.00	98	5649829	5.77e+04	0.00
7354	MAST	OSLA	1	0	1	10626	359102500	3.38e+04	1.00	97	5372488	5.54e+04	0.00
7355	MAST	OSLA	1	0	1	20408	664580854	3.26e+04	1.00	98	5625038	5.74e+04	0.00
7356	MAST	OSLA	1	0	1	8451	299552231	3.54e+04	1.00	92	5319221	5.78e+04	0.00
7357	MAST	OSLA	5	0	5	7476	272166763	3.64e+04	1.00	82	4612016	5.62e+04	0.00
7358	MAST	OSLA	0	4	4	6789	243142789	3.58e+04	0.00	90	4972614	5.53e+04	1.00
7359	MAST	OSLA	0	1	1	7796	284909464	3.65e+04	0.00	88	5135292	5.84e+04	1.00
7360	MAST	OSLA	0	4	4	5505	204501690	3.71e+04	0.00	87	5084986	5.84e+04	1.00
7361	MAST	OSLA	1	0	1	9035	317254125	3.51e+04	1.00	91	4972974	5.46e+04	0.00
7362	MAST	OSLA	0	1	1	6413	233899877	3.65e+04	0.00	90	4995165	5.55e+04	1.00
7363	MAST	OSLA	0	1	1	7028	254947711	3.63e+04	0.00	89	5058004	5.68e+04	1.00
7364	MAST	OSLA	0	1	1	9020	311221567	3.45e+04	0.00	96	5587536	5.82e+04	1.00
7365	MAST	OSLA	0	1	1	14990	552038488	3.68e+04	0.00	90	5110010	5.68e+04	1.00
7366	MAST	OSLA	0	2	2	7113	257861609	3.63e+04	0.00	93	5168950	5.56e+04	1.00
7367	MAST	OSLA	2	0	2	9381	332814126	3.55e+04	1.00	93	5330033	5.73e+04	0.00
7368	MAST	OSLA	0	2	2	6061	223022803	3.68e+04	0.00	88	4935091	5.61e+04	1.00
7369	MAST	OSLA	0	1	1	15488	516392562	3.33e+04	0.00	99	5509264	5.56e+04	1.00
7370	MAST	OSLA	1	0	1	12295	406662617	3.31e+04	1.00	98	5553481	5.67e+04	0.00
7371	MAST	OSLA	0	1	1	9654	340716685	3.53e+04	0.00	96	5764849	6.01e+04	1.00
7372	MAST	OSLA	1	0	1	17335	596454188	3.44e+04	1.00	98	5505921	5.62e+04	0.00
7373	MAST	OSLA	1	0	1	10758	367314439	3.41e+04	1.00	94	5402666	5.75e+04	0.00
7374	MAST	OSLA	0	3	3	6929	250003836	3.61e+04	0.00	91	5537732	6.09e+04	1.00
7375	MAST	OSLA	0	1	1	10059	355017179	3.53e+04	0.00	95	5543602	5.84e+04	1.00
7376	MAST	OSLA	0	1	1	8633	304825204	3.53e+04	0.00	92	5167728	5.62e+04	1.00
7377	MAST	OSLA	0	1	1	11759	401314050	3.41e+04	0.00	96	5496138	5.73e+04	1.00
7378	MAST	OSLA	0	1	1	12295	406288519	3.30e+04	0.00	98	5688692	5.80e+04	1.00
7379	MAST	OSLA	0	4	4	4972	188312490	3.79e+04	0.00	86	5009004	5.82e+04	1.00
7380	MAST	OSLA	1	0	1	12951	446959333	3.45e+04	1.00	95	5389696	5.67e+04	0.00
7381	MAST	OSLA	0	1	1	6901	249416140	3.61e+04	0.00	89	5176605	5.82e+04	1.00
7382	MAST	OSLA	1	0	1	12202	419655488	3.44e+04	1.00	93	5399496	5.81e+04	0.00
7383	MAST	OSLA	1	0	1	11020	389481758	3.53e+04	1.00	96	5281771	5.50e+04	0.00
7384	MAST	OSLA	0	1	1	11646	390611531	3.35e+04	0.00	95	5344430	5.63e+04	1.00
7385	MAST	OSLA	0	3	3	5658	211182007	3.73e+04	0.00	88	5100159	5.80e+04	1.00
7386	MAST	OSLA	1	0	1	11487	389595172	3.39e+04	1.00	94	5257299	5.59e+04	0.00
7387	MAST	OSLA	1	0	1	14549	479281252	3.29e+04	1.00	98	5419335	5.53e+04	0.00
7388	MAST	OSLA	3	0	3	8149	292106196	3.58e+04	1.00	86	4922950	5.72e+04	0.00
7389	MAST	OSLA	0	1	1	8799	312320505	3.55e+04	0.00	92	5220783	5.67e+04	1.00
7390	MAST	OSLA	0	1	1	16986	543450238	3.20e+04	0.00	98	5663265	5.78e+04	1.00
7391	MAST	OSLA	1	0	1	7718	275686347	3.57e+04	1.00	87	4955680	5.70e+04	0.00
7392	MAST	OSLA	0	1	1	9770	330500636	3.38e+04	0.00	97	5483556	5.65e+04	1.00
7393	MAST	OSLA	4	0	4	10985	388576422	3.54e+04	1.00	92	5264359	5.72e+04	0.00
7394	MAST	OSLA	1	0	1	9170	321715699	3.51e+04	1.00	94	5286729	5.62e+04	0.00
7395	MAST	OSLA	0	2	2	8761	314792247	3.59e+04	0.00	90	5121362	5.69e+04	1.00
7396	MAST	OSLA	0	1	1	12509	408704530	3.27e+04	0.00	99	5567374	5.62e+04	1.00
7397	MAST	OSLA	0	4	4	5342	198787790	3.72e+04	0.00	85	4637582	5.46e+04	1.00
7398	MAST	OSLA	0	2	2	7324	265293814	3.62e+04	0.00	90	4922790	5.47e+04	1.00
7399	MAST	OSLA	0	2	2	7626	276022450	3.62e+04	0.00	94	5470318	5.82e+04	1.00
7400	MAST	OSLA	0	2	2	7310	262590602	3.59e+04	0.00	91	5183309	5.70e+04	1.00
7401	MAST	OSLA	1	0	1	11641	400632666	3.44e+04	1.00	89	4999289	5.62e+04	0.00
7402	MAST	OSLA	0	3	3	8193	295800723	3.61e+04	0.00	93	5152443	5.54e+04	1.00
7403	MAST	OSLA	1	0	1	9831	339145714	3.45e+04	1.00	92	5379976	5.85e+04	0.00
7404	MAST	OSLA	2	0	2	10702	372522954	3.48e+04	1.00	96	5473173	5.70e+04	0.00
7405	MAST	OSLA	1	0	1	11157	442161650	3.96e+04	1.00	96	5671593	5.91e+04	0.00
7406	MAST	OSLA	2	0	2	8682	309142746	3.56e+04	1.00	95	5353089	5.63e+04	0.00
7407	MAST	OSLA	0	2	2	6127	226107474	3.69e+04	0.00	88	4946369	5.62e+04	1.00
7408	MAST	OSLA	0	4	4	4031	155633561	3.86e+04	0.00	75	4391751	5.86e+04	1.00
7409	MAST	OSLA	0	1	1	7889	284543086	3.61e+04	0.00	90	5333260	5.93e+04	1.00
7410	MAST	OSLA	1	0	1	11546	405007716	3.51e+04	1.00	94	5473277	5.82e+04	0.00
7411	MAST	OSLA	2	0	2	11149	389441134	3.49e+04	1.00	94	5575730	5.93e+04	0.00
7412	MAST	OSLA	1	0	1	12020	407738325	3.39e+04	1.00	96	5474101	5.70e+04	0.00
7413	MAST	OSLA	1	0	1	13546	457334837	3.38e+04	1.00	98	5432289	5.54e+04	0.00
7414	MAST	OSLA	0	3	3	7503	269490597	3.59e+04	0.00	92	5358673	5.82e+04	1.00
7415	MAST	OSLA	0	2	2	7231	262195688	3.63e+04	0.00	90	5106181	5.67e+04	1.00
7416	MAST	OSLA	0	2	2	8040	289067662	3.60e+04	0.00	92	5427609	5.90e+04	1.00
7417	MAST	OSLA	2	0	2	9678	341252897	3.53e+04	1.00	95	5127637	5.40e+04	0.00
7418	MAST	OSLA	0	1	1	9544	329446119	3.45e+04	0.00	96	5480977	5.71e+04	1.00
7419	MAST	OSLA	0	1	1	7921	281217308	3.55e+04	0.00	93	5276834	5.67e+04	1.00
7420	MAST	OSLA	1	0	1	13597	508935907	3.74e+04	1.00	95	5400728	5.68e+04	0.00
7421	MAST	OSLA	0	1	1	7080	256921555	3.63e+04	0.00	91	5650318	6.21e+04	1.00
7422	MAST	OSLA	2	0	2	5673	211233813	3.72e+04	1.00	84	4719948	5.62e+04	0.00
7423	MAST	OSLA	2	0	2	10883	379985625	3.49e+04	1.00	91	5307746	5.83e+04	0.00
7424	MAST	OSLA	1	0	1	17126	554963688	3.24e+04	1.00	98	5880961	6.00e+04	0.00
7425	MAST	OSLA	0	2	2	6582	243859054	3.70e+04	0.00	92	5277855	5.74e+04	1.00
7426	MAST	OSLA	1	0	1	11803	405334411	3.43e+04	1.00	91	5277835	5.80e+04	0.00
7427	MAST	OSLA	0	1	1	8501	301151551	3.54e+04	0.00	92	5245007	5.70e+04	1.00
7428	MAST	OSLA	0	3	3	5988	220031239	3.67e+04	0.00	88	4814546	5.47e+04	1.00
7429	MAST	OSLA	0	1	1	9418	332251744	3.53e+04	0.00	90	5092746	5.66e+04	1.00
7430	MAST	OSLA	2	0	2	4620	176501624	3.82e+04	1.00	77	4421864	5.74e+04	0.00
7431	MAST	OSLA	1	0	1	11341	393716005	3.47e+04	1.00	93	5799675	6.24e+04	0.00
7432	MAST	OSLA	0	3	3	5134	190246830	3.71e+04	0.00	86	4884590	5.68e+04	1.00
7433	MAST	OSLA	2	0	2	9256	325895093	3.52e+04	1.00	93	5365969	5.77e+04	0.00
7434	MAST	OSLA	2	0	2	9824	339756673	3.46e+04	1.00	90	5147398	5.72e+04	0.00
7435	MAST	OSLA	1	0	1	12299	408999359	3.33e+04	1.00	96	5615642	5.85e+04	0.00
7436	MAST	OSLA	1	0	1	10593	361672391	3.41e+04	1.00	95	5137938	5.41e+04	0.00
7437	MAST	OSLA	0	2	2	8775	315396700	3.59e+04	0.00	95	5505540	5.80e+04	1.00
7438	MAST	OSLA	0	1	1	9160	321231033	3.51e+04	0.00	96	5564082	5.80e+04	1.00
7439	MAST	OSLA	0	1	1	13708	463586484	3.38e+04	0.00	96	5395340	5.62e+04	1.00
7440	MAST	OSLA	0	2	2	11505	396037770	3.44e+04	0.00	96	5416913	5.64e+04	1.00
7441	MAST	OSLA	0	1	1	12757	428350217	3.36e+04	0.00	97	5675501	5.85e+04	1.00
7442	MAST	OSLA	3	0	3	6759	244240396	3.61e+04	1.00	78	4472662	5.73e+04	0.00
7443	MAST	OSLA	1	0	1	13474	447637768	3.32e+04	1.00	99	5492400	5.55e+04	0.00
7444	MAST	OSLA	0	3	3	5488	202804023	3.70e+04	0.00	84	4633386	5.52e+04	1.00
7445	MAST	OSLA	3	0	3	7383	262958955	3.56e+04	1.00	86	4758519	5.53e+04	0.00
7446	MAST	OSLA	0	1	1	12509	424001108	3.39e+04	0.00	94	5274097	5.61e+04	1.00
7447	MAST	OSLA	1	0	1	15891	540824160	3.40e+04	1.00	96	5454293	5.68e+04	0.00
7448	MAST	OSLA	0	1	1	9102	310564909	3.41e+04	0.00	93	5246607	5.64e+04	1.00
7449	MAST	OSLA	2	0	2	9103	324213711	3.56e+04	1.00	96	5626275	5.86e+04	0.00
7450	MAST	OSLA	1	0	1	19257	615068767	3.19e+04	1.00	97	5211836	5.37e+04	0.00
7451	MAST	OSLA	0	1	1	11527	392015040	3.40e+04	0.00	98	5898428	6.02e+04	1.00
7452	MAST	OSLA	2	0	2	6330	232117338	3.67e+04	1.00	88	4989023	5.67e+04	0.00
7453	MAST	OSLA	5	0	5	10031	354506356	3.53e+04	1.00	82	4594992	5.60e+04	0.00
7454	MAST	OSLA	2	0	2	7693	274720221	3.57e+04	1.00	93	5266804	5.66e+04	0.00
7455	MAST	OSLA	4	0	4	6940	257021272	3.70e+04	1.00	91	5510650	6.06e+04	0.00
7456	MAST	OSLA	5	0	5	5678	214659479	3.78e+04	1.00	88	5100278	5.80e+04	0.00
7457	MAST	OSLA	1	0	1	10584	365417747	3.45e+04	1.00	96	5453337	5.68e+04	0.00
7458	MAST	OSLA	4	0	4	5426	197745038	3.64e+04	1.00	79	4606987	5.83e+04	0.00
7459	MAST	OSLA	0	2	2	7302	264829636	3.63e+04	0.00	90	5048887	5.61e+04	1.00
7460	MAST	OSLA	0	1	1	9494	330180198	3.48e+04	0.00	96	5551531	5.78e+04	1.00
7461	MAST	OSLA	0	1	1	8943	314167118	3.51e+04	0.00	95	5396520	5.68e+04	1.00
7462	MAST	OSLA	1	0	1	13192	428198238	3.25e+04	1.00	97	5437056	5.61e+04	0.00
7463	MAST	OSLA	0	1	1	10673	365954446	3.43e+04	0.00	94	5440503	5.79e+04	1.00
7464	MAST	OSLA	1	0	1	13415	443127815	3.30e+04	1.00	94	5466371	5.82e+04	0.00
7465	MAST	OSLA	4	0	4	9552	340072490	3.56e+04	1.00	89	5085057	5.71e+04	0.00
7466	MAST	OSLA	0	2	2	9933	340178812	3.42e+04	0.00	97	5471781	5.64e+04	1.00
7467	MAST	OSLA	0	1	1	9192	325977316	3.55e+04	0.00	97	5744178	5.92e+04	1.00
7468	MAST	OSLA	0	1	1	11926	472526019	3.96e+04	0.00	96	5470395	5.70e+04	1.00
7469	MAST	OSLA	0	1	1	11177	383581335	3.43e+04	0.00	98	5814191	5.93e+04	1.00
7470	MAST	OSLA	1	0	1	12596	425317426	3.38e+04	1.00	94	5457240	5.81e+04	0.00
7471	MAST	OSLA	0	1	1	6931	252468542	3.64e+04	0.00	90	5277975	5.86e+04	1.00
7472	MAST	OSLA	2	0	2	8800	311140273	3.54e+04	1.00	88	5054483	5.74e+04	0.00
7473	MAST	OSLA	0	3	3	5851	219732071	3.76e+04	0.00	83	5066337	6.10e+04	1.00
7474	MAST	OSLA	0	1	1	11207	385127754	3.44e+04	0.00	94	5347479	5.69e+04	1.00
7475	MAST	OSLA	0	3	3	9400	333141683	3.54e+04	0.00	96	5465107	5.69e+04	1.00
7476	MAST	OSLA	1	0	1	13988	465241010	3.33e+04	1.00	98	5461909	5.57e+04	0.00
7477	MAST	OSLA	0	2	2	6782	248099172	3.66e+04	0.00	92	5164333	5.61e+04	1.00
7478	MAST	OSLA	5	0	5	6138	225542405	3.67e+04	1.00	87	4800089	5.52e+04	0.00
7479	MAST	OSLA	1	0	1	12733	429353777	3.37e+04	1.00	95	5477239	5.77e+04	0.00
7480	MAST	OSLA	0	1	1	9367	327245110	3.49e+04	0.00	88	5066660	5.76e+04	1.00
7481	MAST	OSLA	3	0	3	7687	277103345	3.60e+04	1.00	89	4973459	5.59e+04	0.00
7482	MAST	OSLA	2	0	2	7650	275773466	3.60e+04	1.00	92	5245772	5.70e+04	0.00
7483	MAST	OSLA	0	3	3	6545	241071124	3.68e+04	0.00	87	4843388	5.57e+04	1.00
7484	MAST	OSLA	0	2	2	7166	261799603	3.65e+04	0.00	93	5350214	5.75e+04	1.00
7485	MAST	OSLA	0	1	1	10421	368604430	3.54e+04	0.00	90	5156396	5.73e+04	1.00
7486	MAST	OSLA	2	0	2	9806	344208025	3.51e+04	1.00	92	5204901	5.66e+04	0.00
7487	MAST	OSLA	1	0	1	9071	316469551	3.49e+04	1.00	92	5063891	5.50e+04	0.00
7488	MAST	OSLA	6	0	6	11089	384936794	3.47e+04	1.00	85	4960652	5.84e+04	0.00
7489	MAST	OSLA	1	0	1	11194	383287532	3.42e+04	1.00	99	5570597	5.63e+04	0.00
7490	MAST	OSLA	1	0	1	11334	392016262	3.46e+04	1.00	95	5496515	5.79e+04	0.00
7491	MAST	OSLA	0	5	5	4917	184960622	3.76e+04	0.00	82	4303466	5.25e+04	1.00
7492	MAST	OSLA	0	2	2	7797	278787933	3.58e+04	0.00	90	5073154	5.64e+04	1.00
7493	MAST	OSLA	1	0	1	10381	354388749	3.41e+04	1.00	97	5494930	5.66e+04	0.00
7494	MAST	OSLA	2	0	2	7803	275473643	3.53e+04	1.00	91	5038060	5.54e+04	0.00
7495	MAST	OSLA	2	0	2	8052	288382353	3.58e+04	1.00	89	4767281	5.36e+04	0.00
7496	MAST	OSLA	0	2	2	6275	231829888	3.69e+04	0.00	90	5291691	5.88e+04	1.00
7497	MAST	OSLA	0	1	1	12059	408872049	3.39e+04	0.00	96	5560994	5.79e+04	1.00
7498	MAST	OSLA	5	0	5	6842	249361991	3.64e+04	1.00	80	4741692	5.93e+04	0.00
7499	MAST	OSLA	2	0	2	6339	233326888	3.68e+04	1.00	82	4560568	5.56e+04	0.00
7500	MAST	OSLA	2	0	2	9480	338583432	3.57e+04	1.00	85	4952813	5.83e+04	0.00
7501	MAST	OSLA	2	0	2	7427	266918829	3.59e+04	1.00	92	5658681	6.15e+04	0.00
7502	MAST	Random	2	0	2	9375	327394435	3.49e+04	1.00	92	6365450	6.92e+04	0.00
7503	MAST	Random	1	0	1	14097	470770236	3.34e+04	1.00	96	6578873	6.85e+04	0.00
7504	MAST	Random	2	0	2	11483	389103881	3.39e+04	1.00	95	6642892	6.99e+04	0.00
7505	MAST	Random	1	0	1	8211	291236456	3.55e+04	1.00	91	6489021	7.13e+04	0.00
7506	MAST	Random	1	0	1	13159	437726668	3.33e+04	1.00	96	6919247	7.21e+04	0.00
7507	MAST	Random	0	1	1	12434	415639541	3.34e+04	0.00	97	6214839	6.41e+04	1.00
7508	MAST	Random	4	0	4	10331	352228567	3.41e+04	1.00	93	6514184	7.00e+04	0.00
7509	MAST	Random	0	1	1	11660	398090726	3.41e+04	0.00	98	6867810	7.01e+04	1.00
7510	MAST	Random	0	2	2	7886	278318911	3.53e+04	0.00	92	6512440	7.08e+04	1.00
7511	MAST	Random	3	0	3	4755	174095764	3.66e+04	1.00	79	5320248	6.73e+04	0.00
7512	MAST	Random	0	1	1	13680	454653322	3.32e+04	0.00	95	6669623	7.02e+04	1.00
7513	MAST	Random	1	0	1	20488	662317153	3.23e+04	1.00	95	6924908	7.29e+04	0.00
7514	MAST	Random	1	0	1	11253	375789601	3.34e+04	1.00	95	6762485	7.12e+04	0.00
7515	MAST	Random	1	0	1	6362	235103910	3.70e+04	1.00	83	5211672	6.28e+04	0.00
7516	MAST	Random	1	0	1	12014	401880095	3.35e+04	1.00	93	6766226	7.28e+04	0.00
7517	MAST	Random	0	2	2	8879	311481522	3.51e+04	0.00	92	6487033	7.05e+04	1.00
7518	MAST	Random	1	0	1	14567	475558935	3.26e+04	1.00	98	7187047	7.33e+04	0.00
7519	MAST	Random	3	0	3	5905	218295281	3.70e+04	1.00	80	5387949	6.73e+04	0.00
7520	MAST	Random	1	0	1	11484	392919282	3.42e+04	1.00	96	6613254	6.89e+04	0.00
7521	MAST	Random	0	4	4	5195	192300156	3.70e+04	0.00	83	6065262	7.31e+04	1.00
7522	MAST	Random	1	0	1	13234	427978659	3.23e+04	1.00	98	7083032	7.23e+04	0.00
7523	MAST	Random	1	0	1	11490	381715564	3.32e+04	1.00	96	6804945	7.09e+04	0.00
7524	MAST	Random	1	0	1	10548	372095395	3.53e+04	1.00	87	5435331	6.25e+04	0.00
7525	MAST	Random	1	0	1	11115	392368003	3.53e+04	1.00	94	6717730	7.15e+04	0.00
7526	MAST	Random	1	0	1	14283	461836244	3.23e+04	1.00	99	7096468	7.17e+04	0.00
7527	MAST	Random	0	1	1	7585	266013569	3.51e+04	0.00	93	6582878	7.08e+04	1.00
7528	MAST	Random	1	0	1	15829	523819219	3.31e+04	1.00	94	6177076	6.57e+04	0.00
7529	MAST	Random	2	0	2	7583	275248279	3.63e+04	1.00	94	6886785	7.33e+04	0.00
7530	MAST	Random	0	2	2	8104	285008424	3.52e+04	0.00	94	6645982	7.07e+04	1.00
7531	MAST	Random	1	0	1	11407	394895470	3.46e+04	1.00	95	6647700	7.00e+04	0.00
7532	MAST	Random	0	1	1	8563	301069492	3.52e+04	0.00	94	5869918	6.24e+04	1.00
7533	MAST	Random	1	0	1	14174	463185840	3.27e+04	1.00	98	6825421	6.96e+04	0.00
7534	MAST	Random	1	0	1	15332	496549561	3.24e+04	1.00	97	6959393	7.17e+04	0.00
7535	MAST	Random	0	1	1	8034	285234144	3.55e+04	0.00	96	6976601	7.27e+04	1.00
7536	MAST	Random	2	0	2	7708	271004300	3.52e+04	1.00	92	5885479	6.40e+04	0.00
7537	MAST	Random	0	1	1	15043	506907915	3.37e+04	0.00	93	6776822	7.29e+04	1.00
7538	MAST	Random	1	0	1	10051	340419505	3.39e+04	1.00	93	6557979	7.05e+04	0.00
7539	MAST	Random	1	0	1	13519	450292174	3.33e+04	1.00	95	6712011	7.07e+04	0.00
7540	MAST	Random	0	3	3	7536	358257460	4.75e+04	0.00	89	5575508	6.26e+04	1.00
7541	MAST	Random	1	0	1	7035	250147800	3.56e+04	1.00	86	6117172	7.11e+04	0.00
7542	MAST	Random	4	0	4	5409	198893622	3.68e+04	1.00	76	5361935	7.06e+04	0.00
7543	MAST	Random	0	3	3	6478	239087243	3.69e+04	0.00	88	6201738	7.05e+04	1.00
7544	MAST	Random	0	1	1	6947	249302303	3.59e+04	0.00	89	6368804	7.16e+04	1.00
7545	MAST	Random	0	1	1	14853	586108665	3.95e+04	0.00	97	6679582	6.89e+04	1.00
7546	MAST	Random	3	0	3	7630	270419451	3.54e+04	1.00	92	6427953	6.99e+04	0.00
7547	MAST	Random	0	2	2	7330	260301298	3.55e+04	0.00	92	6360747	6.91e+04	1.00
7548	MAST	Random	0	1	1	9653	328456702	3.40e+04	0.00	97	7010583	7.23e+04	1.00
7549	MAST	Random	1	0	1	12637	420590700	3.33e+04	1.00	98	6623853	6.76e+04	0.00
7550	MAST	Random	0	1	1	10864	367347254	3.38e+04	0.00	96	6129975	6.39e+04	1.00
7551	MAST	Random	0	1	1	14080	475604240	3.38e+04	0.00	95	6902225	7.27e+04	1.00
7552	MAST	Random	2	0	2	9570	336801920	3.52e+04	1.00	91	6429622	7.07e+04	0.00
7553	MAST	Random	0	1	1	14037	465657456	3.32e+04	0.00	99	7013520	7.08e+04	1.00
7554	MAST	Random	2	0	2	9231	321335841	3.48e+04	1.00	95	6812364	7.17e+04	0.00
7555	MAST	Random	1	0	1	13686	457607213	3.34e+04	1.00	98	7097829	7.24e+04	0.00
7556	MAST	Random	2	0	2	8437	291998223	3.46e+04	1.00	95	6727572	7.08e+04	0.00
7557	MAST	Random	0	2	2	8709	309162530	3.55e+04	0.00	95	6783457	7.14e+04	1.00
7558	MAST	Random	5	0	5	5654	217339811	3.84e+04	1.00	83	5226132	6.30e+04	0.00
7559	MAST	Random	0	2	2	8065	289441735	3.59e+04	0.00	88	6329554	7.19e+04	1.00
7560	MAST	Random	4	0	4	8563	305496474	3.57e+04	1.00	89	6282823	7.06e+04	0.00
7561	MAST	Random	1	0	1	8942	310972157	3.48e+04	1.00	91	6408269	7.04e+04	0.00
7562	MAST	Random	0	2	2	9658	361864415	3.75e+04	0.00	95	6746470	7.10e+04	1.00
7563	MAST	Random	0	1	1	8316	296230208	3.56e+04	0.00	94	6745608	7.18e+04	1.00
7564	MAST	Random	1	0	1	13134	436048497	3.32e+04	1.00	95	6731392	7.09e+04	0.00
7565	MAST	Random	1	0	1	10518	364714618	3.47e+04	1.00	90	6438151	7.15e+04	0.00
7566	MAST	Random	2	0	2	6085	221096891	3.63e+04	1.00	86	6133027	7.13e+04	0.00
7567	MAST	Random	3	0	3	7780	281623109	3.62e+04	1.00	89	5897896	6.63e+04	0.00
7568	MAST	Random	0	2	2	6246	223650896	3.58e+04	0.00	91	6567359	7.22e+04	1.00
7569	MAST	Random	1	0	1	7400	263203268	3.56e+04	1.00	85	5993560	7.05e+04	0.00
7570	MAST	Random	0	2	2	8030	282722385	3.52e+04	0.00	93	6555654	7.05e+04	1.00
7571	MAST	Random	0	2	2	8853	310190204	3.50e+04	0.00	93	6666260	7.17e+04	1.00
7572	MAST	Random	0	2	2	10457	383422816	3.67e+04	0.00	96	6398703	6.67e+04	1.00
7573	MAST	Random	0	1	1	14678	491056318	3.35e+04	0.00	99	7167394	7.24e+04	1.00
7574	MAST	Random	1	0	1	5377	198166163	3.69e+04	1.00	87	6190088	7.12e+04	0.00
7575	MAST	Random	0	3	3	6008	222557802	3.70e+04	0.00	91	6370945	7.00e+04	1.00
7576	MAST	Random	1	0	1	14574	521453279	3.58e+04	1.00	97	6904448	7.12e+04	0.00
7577	MAST	Random	2	0	2	7841	278991853	3.56e+04	1.00	90	6370415	7.08e+04	0.00
7578	MAST	Random	1	0	1	6386	228751098	3.58e+04	1.00	84	6130152	7.30e+04	0.00
7579	MAST	Random	0	1	1	15064	500018275	3.32e+04	0.00	99	7124999	7.20e+04	1.00
7580	MAST	Random	2	0	2	6858	248181401	3.62e+04	1.00	91	6452401	7.09e+04	0.00
7581	MAST	Random	1	0	1	9224	321862781	3.49e+04	1.00	86	5672117	6.60e+04	0.00
7582	MAST	Random	0	1	1	9689	334232894	3.45e+04	0.00	95	6889280	7.25e+04	1.00
7583	MAST	Random	1	0	1	11056	378791661	3.43e+04	1.00	93	6726603	7.23e+04	0.00
7584	MAST	Random	0	2	2	6664	239091422	3.59e+04	0.00	91	6528933	7.17e+04	1.00
7585	MAST	Random	0	1	1	10295	349251055	3.39e+04	0.00	94	6632925	7.06e+04	1.00
7586	MAST	Random	1	0	1	11869	388417699	3.27e+04	1.00	99	6789668	6.86e+04	0.00
7587	MAST	Random	1	0	1	6618	239961458	3.63e+04	1.00	86	6188848	7.20e+04	0.00
7588	MAST	Random	2	0	2	10219	354578978	3.47e+04	1.00	93	6619969	7.12e+04	0.00
7589	MAST	Random	2	0	2	8995	323303571	3.59e+04	1.00	94	6774342	7.21e+04	0.00
7590	MAST	Random	0	1	1	8579	319291943	3.72e+04	0.00	91	5898058	6.48e+04	1.00
7591	MAST	Random	0	1	1	5656	209210410	3.70e+04	0.00	85	6050751	7.12e+04	1.00
7592	MAST	Random	0	1	1	12153	407333777	3.35e+04	0.00	97	6967641	7.18e+04	1.00
7593	MAST	Random	2	0	2	7989	284220192	3.56e+04	1.00	92	6610039	7.18e+04	0.00
7594	MAST	Random	0	1	1	10764	438685009	4.08e+04	0.00	93	6538938	7.03e+04	1.00
7595	MAST	Random	0	3	3	5560	204339229	3.68e+04	0.00	87	6352534	7.30e+04	1.00
7596	MAST	Random	0	4	4	5313	196941516	3.71e+04	0.00	80	5954211	7.44e+04	1.00
7597	MAST	Random	0	1	1	8996	316211571	3.52e+04	0.00	93	6596920	7.09e+04	1.00
7598	MAST	Random	0	1	1	9949	341556418	3.43e+04	0.00	96	6622033	6.90e+04	1.00
7599	MAST	Random	0	1	1	14775	500279979	3.39e+04	0.00	93	6404222	6.89e+04	1.00
7600	MAST	Random	0	1	1	9523	327493756	3.44e+04	0.00	96	6759583	7.04e+04	1.00
7601	MAST	Random	1	0	1	9442	323375551	3.42e+04	1.00	95	6783435	7.14e+04	0.00
7602	MAST	Random	2	0	2	8278	288588840	3.49e+04	1.00	90	6500916	7.22e+04	0.00
7603	MAST	Random	3	0	3	6341	229059091	3.61e+04	1.00	88	6260812	7.11e+04	0.00
7604	MAST	Random	1	0	1	11313	394884851	3.49e+04	1.00	94	5955715	6.34e+04	0.00
7605	MAST	Random	0	1	1	8820	312789425	3.55e+04	0.00	81	5855022	7.23e+04	1.00
7606	MAST	Random	1	0	1	10643	362136433	3.40e+04	1.00	96	6890827	7.18e+04	0.00
7607	MAST	Random	0	6	6	3108	122291615	3.93e+04	0.00	67	4892514	7.30e+04	1.00
7608	MAST	Random	0	2	2	6922	251057176	3.63e+04	0.00	88	6181250	7.02e+04	1.00
7609	MAST	Random	2	0	2	9032	325222006	3.60e+04	1.00	96	6184551	6.44e+04	0.00
7610	MAST	Random	1	0	1	11546	387738075	3.36e+04	1.00	96	6848861	7.13e+04	0.00
7611	MAST	Random	1	0	1	10186	350234301	3.44e+04	1.00	96	6894299	7.18e+04	0.00
7612	MAST	Random	2	0	2	8130	284578283	3.50e+04	1.00	89	6277490	7.05e+04	0.00
7613	MAST	Random	1	0	1	12333	413163195	3.35e+04	1.00	97	6902626	7.12e+04	0.00
7614	MAST	Random	0	5	5	3526	136758272	3.88e+04	0.00	76	5496792	7.23e+04	1.00
7615	MAST	Random	0	2	2	8508	297967894	3.50e+04	0.00	95	6699786	7.05e+04	1.00
7616	MAST	Random	1	0	1	12090	402848868	3.33e+04	1.00	93	6516436	7.01e+04	0.00
7617	MAST	Random	1	0	1	15018	568473633	3.79e+04	1.00	99	6827555	6.90e+04	0.00
7618	MAST	Random	1	0	1	13357	431286318	3.23e+04	1.00	98	6884316	7.02e+04	0.00
7619	MAST	Random	1	0	1	14805	490325758	3.31e+04	1.00	97	7002175	7.22e+04	0.00
7620	MAST	Random	0	7	7	3235	127683106	3.95e+04	0.00	72	5302933	7.37e+04	1.00
7621	MAST	Random	0	2	2	9346	327278869	3.50e+04	0.00	96	6702977	6.98e+04	1.00
7622	MAST	Random	1	0	1	9652	331372751	3.43e+04	1.00	94	6053720	6.44e+04	0.00
7623	MAST	Random	1	0	1	7616	268506673	3.53e+04	1.00	88	6417912	7.29e+04	0.00
7624	MAST	Random	0	1	1	7726	275624271	3.57e+04	0.00	95	6949100	7.31e+04	1.00
7625	MAST	Random	0	1	1	9212	326090741	3.54e+04	0.00	95	6658134	7.01e+04	1.00
7626	MAST	Random	1	0	1	7940	279290868	3.52e+04	1.00	89	6367129	7.15e+04	0.00
7627	MAST	Random	4	0	4	7298	262685109	3.60e+04	1.00	90	5995871	6.66e+04	0.00
7628	MAST	Random	1	0	1	14382	472591027	3.29e+04	1.00	96	6843052	7.13e+04	0.00
7629	MAST	Random	2	0	2	7950	286927711	3.61e+04	1.00	88	6337189	7.20e+04	0.00
7630	MAST	Random	1	0	1	12402	409922746	3.31e+04	1.00	99	6977559	7.05e+04	0.00
7631	MAST	Random	0	1	1	10930	372274890	3.41e+04	0.00	99	6424427	6.49e+04	1.00
7632	MAST	Random	0	1	1	11706	385148714	3.29e+04	0.00	98	6849448	6.99e+04	1.00
7633	MAST	Random	0	3	3	5729	212095537	3.70e+04	0.00	84	5948494	7.08e+04	1.00
7634	MAST	Random	2	0	2	8704	305122664	3.51e+04	1.00	92	6612105	7.19e+04	0.00
7635	MAST	Random	0	1	1	15244	529479875	3.47e+04	0.00	91	6334558	6.96e+04	1.00
7636	MAST	Random	5	0	5	5645	209021699	3.70e+04	1.00	82	5949332	7.26e+04	0.00
7637	MAST	Random	0	3	3	6409	231361990	3.61e+04	0.00	90	6456934	7.17e+04	1.00
7638	MAST	Random	2	0	2	6697	246014297	3.67e+04	1.00	88	6382103	7.25e+04	0.00
7639	MAST	Random	1	0	1	9625	329175710	3.42e+04	1.00	95	6514656	6.86e+04	0.00
7640	MAST	Random	0	4	4	7268	258539586	3.56e+04	0.00	90	6250625	6.95e+04	1.00
7641	MAST	Random	0	1	1	12763	432403578	3.39e+04	0.00	97	7033982	7.25e+04	1.00
7642	MAST	Random	1	0	1	8902	311900692	3.50e+04	1.00	89	6343738	7.13e+04	0.00
7643	MAST	Random	1	0	1	10424	361571017	3.47e+04	1.00	96	6668699	6.95e+04	0.00
7644	MAST	Random	0	1	1	13440	488026602	3.63e+04	0.00	98	6608928	6.74e+04	1.00
7645	MAST	Random	1	0	1	7701	278583027	3.62e+04	1.00	93	6682972	7.19e+04	0.00
7646	MAST	Random	2	0	2	6276	228322172	3.64e+04	1.00	85	5996774	7.06e+04	0.00
7647	MAST	Random	1	0	1	13937	461844468	3.31e+04	1.00	98	6913312	7.05e+04	0.00
7648	MAST	Random	1	0	1	9601	369139002	3.84e+04	1.00	95	6643534	6.99e+04	0.00
7649	MAST	Random	3	0	3	9962	343034065	3.44e+04	1.00	92	6590803	7.16e+04	0.00
7650	MAST	Random	0	2	2	8065	284396798	3.53e+04	0.00	91	6258424	6.88e+04	1.00
7651	MAST	Random	1	0	1	6928	249060489	3.59e+04	1.00	87	6135365	7.05e+04	0.00
7652	MAST	Random	1	0	1	14242	465975967	3.27e+04	1.00	94	6788625	7.22e+04	0.00
7653	MAST	Random	0	1	1	7336	286414687	3.90e+04	0.00	89	5944526	6.68e+04	1.00
7654	MAST	Random	3	0	3	6778	242855662	3.58e+04	1.00	91	6325472	6.95e+04	0.00
7655	MAST	Random	2	0	2	8145	288811670	3.55e+04	1.00	92	6515865	7.08e+04	0.00
7656	MAST	Random	1	0	1	13369	440454166	3.29e+04	1.00	96	6656088	6.93e+04	0.00
7657	MAST	Random	0	2	2	7320	264224409	3.61e+04	0.00	91	6537862	7.18e+04	1.00
7658	MAST	Random	0	1	1	8349	287362838	3.44e+04	0.00	97	6089550	6.28e+04	1.00
7659	MAST	Random	0	5	5	3765	145173897	3.86e+04	0.00	78	5556823	7.12e+04	1.00
7660	MAST	Random	0	1	1	7511	264760180	3.52e+04	0.00	93	6558885	7.05e+04	1.00
7661	MAST	Random	4	0	4	8542	302465280	3.54e+04	1.00	81	5803893	7.17e+04	0.00
7662	MAST	Random	2	0	2	7094	253658045	3.58e+04	1.00	93	6830200	7.34e+04	0.00
7663	MAST	Random	0	1	1	13938	467537051	3.35e+04	0.00	97	6390336	6.59e+04	1.00
7664	MAST	Random	3	0	3	7805	274909575	3.52e+04	1.00	94	6658497	7.08e+04	0.00
7665	MAST	Random	1	0	1	11513	396932670	3.45e+04	1.00	94	6769922	7.20e+04	0.00
7666	MAST	Random	1	0	1	9178	315681859	3.44e+04	1.00	93	6565673	7.06e+04	0.00
7667	MAST	Random	0	1	1	11638	397513042	3.42e+04	0.00	94	6474301	6.89e+04	1.00
7668	MAST	Random	1	0	1	5975	217999324	3.65e+04	1.00	85	5977156	7.03e+04	0.00
7669	MAST	Random	0	3	3	5027	186449289	3.71e+04	0.00	86	6125270	7.12e+04	1.00
7670	MAST	Random	3	0	3	6339	228428124	3.60e+04	1.00	90	6418118	7.13e+04	0.00
7671	MAST	Random	0	1	1	9594	334041429	3.48e+04	0.00	95	6753094	7.11e+04	1.00
7672	MAST	Random	1	0	1	9821	332083096	3.38e+04	1.00	94	6611855	7.03e+04	0.00
7673	MAST	Random	0	4	4	5451	201562193	3.70e+04	0.00	85	6017418	7.08e+04	1.00
7674	MAST	Random	2	0	2	7021	253235483	3.61e+04	1.00	86	6347779	7.38e+04	0.00
7675	MAST	Random	1	0	1	10470	363585800	3.47e+04	1.00	94	6551423	6.97e+04	0.00
7676	MAST	Random	1	0	1	8068	282357928	3.50e+04	1.00	84	6269407	7.46e+04	0.00
7677	MAST	Random	1	0	1	13442	464579706	3.46e+04	1.00	96	6494043	6.76e+04	0.00
7678	MAST	Random	1	0	1	11809	400499023	3.39e+04	1.00	96	6763728	7.05e+04	0.00
7679	MAST	Random	6	0	6	7283	258574357	3.55e+04	1.00	88	6357502	7.22e+04	0.00
7680	MAST	Random	2	0	2	7519	267350346	3.56e+04	1.00	92	6391692	6.95e+04	0.00
7681	MAST	Random	2	0	2	6575	239954447	3.65e+04	1.00	91	6563351	7.21e+04	0.00
7682	MAST	Random	1	0	1	10662	363128375	3.41e+04	1.00	95	6109863	6.43e+04	0.00
7683	MAST	Random	0	2	2	11133	385916267	3.47e+04	0.00	98	7056772	7.20e+04	1.00
7684	MAST	Random	3	0	3	6726	247095481	3.67e+04	1.00	90	6338142	7.04e+04	0.00
7685	MAST	Random	3	0	3	6763	243897637	3.61e+04	1.00	85	6166415	7.25e+04	0.00
7686	MAST	Random	0	1	1	9033	310177625	3.43e+04	0.00	95	6521343	6.86e+04	1.00
7687	MAST	Random	0	2	2	8931	317775687	3.56e+04	0.00	92	6412890	6.97e+04	1.00
7688	MAST	Random	0	1	1	12030	398191704	3.31e+04	0.00	97	6936261	7.15e+04	1.00
7689	MAST	Random	0	2	2	10020	347757183	3.47e+04	0.00	96	6861690	7.15e+04	1.00
7690	MAST	Random	4	0	4	5672	209844908	3.70e+04	1.00	85	6044891	7.11e+04	0.00
7691	MAST	Random	1	0	1	8775	306465343	3.49e+04	1.00	89	5647373	6.35e+04	0.00
7692	MAST	Random	0	4	4	5086	191337306	3.76e+04	0.00	86	5920741	6.88e+04	1.00
7693	MAST	Random	0	1	1	7960	280154738	3.52e+04	0.00	94	6592420	7.01e+04	1.00
7694	MAST	Random	0	1	1	10225	350067431	3.42e+04	0.00	97	6883022	7.10e+04	1.00
7695	MAST	Random	0	2	2	7103	255111515	3.59e+04	0.00	91	6427401	7.06e+04	1.00
7696	MAST	Random	0	2	2	5138	189889562	3.70e+04	0.00	81	5047436	6.23e+04	1.00
7697	MAST	Random	1	0	1	10452	362225783	3.47e+04	1.00	95	6949090	7.31e+04	0.00
7698	MAST	Random	2	0	2	6189	224279988	3.62e+04	1.00	88	6364763	7.23e+04	0.00
7699	MAST	Random	0	1	1	11378	390149489	3.43e+04	0.00	99	7076656	7.15e+04	1.00
7700	MAST	Random	0	1	1	6506	234288347	3.60e+04	0.00	92	6401647	6.96e+04	1.00
7701	MAST	Random	1	0	1	11989	398094142	3.32e+04	1.00	97	6088198	6.28e+04	0.00
7702	MAST	Random	1	0	1	11142	377274498	3.39e+04	1.00	94	6556034	6.97e+04	0.00
7703	MAST	Random	1	0	1	14690	490204492	3.34e+04	1.00	98	7050870	7.19e+04	0.00
7704	MAST	Random	0	1	1	7520	267335569	3.55e+04	0.00	91	6379040	7.01e+04	1.00
7705	MAST	Random	0	1	1	7571	272145332	3.59e+04	0.00	91	5886294	6.47e+04	1.00
7706	MAST	Random	5	0	5	5757	212706908	3.69e+04	1.00	71	5090893	7.17e+04	0.00
7707	MAST	Random	1	0	1	12025	409244072	3.40e+04	1.00	95	6710020	7.06e+04	0.00
7708	MAST	Random	1	0	1	7818	276786474	3.54e+04	1.00	88	6355132	7.22e+04	0.00
7709	MAST	Random	0	1	1	9858	349188270	3.54e+04	0.00	90	6397196	7.11e+04	1.00
7710	MAST	Random	1	0	1	14496	488205699	3.37e+04	1.00	94	6592693	7.01e+04	0.00
7711	MAST	Random	0	1	1	10320	362048864	3.51e+04	0.00	95	6806643	7.16e+04	1.00
7712	MAST	Random	1	0	1	9980	337012182	3.38e+04	1.00	96	6666167	6.94e+04	0.00
7713	MAST	Random	3	0	3	11828	423275653	3.58e+04	1.00	93	6462088	6.95e+04	0.00
7714	MAST	Random	1	0	1	14137	472681371	3.34e+04	1.00	92	6828804	7.42e+04	0.00
7715	MAST	Random	0	1	1	7124	256222276	3.60e+04	0.00	89	6292730	7.07e+04	1.00
7716	MAST	Random	0	1	1	10492	360232679	3.43e+04	0.00	95	6751231	7.11e+04	1.00
7717	MAST	Random	0	1	1	13060	432793434	3.31e+04	0.00	97	6692999	6.90e+04	1.00
7718	MAST	Random	0	1	1	11742	392864410	3.35e+04	0.00	94	6590820	7.01e+04	1.00
7719	MAST	Random	1	0	1	9910	344844086	3.48e+04	1.00	94	6538673	6.96e+04	0.00
7720	MAST	Random	2	0	2	11149	379511552	3.40e+04	1.00	94	6593571	7.01e+04	0.00
7721	MAST	Random	0	2	2	7714	334492311	4.34e+04	0.00	94	6701182	7.13e+04	1.00
7722	MAST	Random	1	0	1	11702	387632376	3.31e+04	1.00	97	6758984	6.97e+04	0.00
7723	MAST	Random	1	0	1	10317	352022496	3.41e+04	1.00	95	6856547	7.22e+04	0.00
7724	MAST	Random	0	2	2	5199	193113220	3.71e+04	0.00	85	5923711	6.97e+04	1.00
7725	MAST	Random	0	1	1	7301	260930749	3.57e+04	0.00	86	6266346	7.29e+04	1.00
7726	MAST	Random	0	2	2	5470	205072129	3.75e+04	0.00	79	5486719	6.95e+04	1.00
7727	MAST	Random	1	0	1	11684	397545109	3.40e+04	1.00	96	6735490	7.02e+04	0.00
7728	MAST	Random	1	0	1	14242	458795589	3.22e+04	1.00	97	6846956	7.06e+04	0.00
7729	MAST	Random	1	0	1	12285	413809301	3.37e+04	1.00	93	6548561	7.04e+04	0.00
7730	MAST	Random	2	0	2	7067	254369973	3.60e+04	1.00	82	5955580	7.26e+04	0.00
7731	MAST	Random	1	0	1	12205	406909936	3.33e+04	1.00	98	6164403	6.29e+04	0.00
7732	MAST	Random	1	0	1	10702	354721187	3.31e+04	1.00	99	6990770	7.06e+04	0.00
7733	MAST	Random	0	1	1	8774	307028500	3.50e+04	0.00	93	6650271	7.15e+04	1.00
7734	MAST	Random	0	1	1	15895	543554386	3.42e+04	0.00	97	6888160	7.10e+04	1.00
7735	MAST	Random	1	0	1	7824	276160664	3.53e+04	1.00	92	6593880	7.17e+04	0.00
7736	MAST	Random	0	2	2	5407	202397424	3.74e+04	0.00	83	5989471	7.22e+04	1.00
7737	MAST	Random	0	1	1	13162	441750002	3.36e+04	0.00	95	6911921	7.28e+04	1.00
7738	MAST	Random	0	3	3	7932	284543391	3.59e+04	0.00	92	6450655	7.01e+04	1.00
7739	MAST	Random	3	0	3	5556	203871833	3.67e+04	1.00	82	5981835	7.29e+04	0.00
7740	MAST	Random	1	0	1	17914	561786514	3.14e+04	1.00	98	6946741	7.09e+04	0.00
7741	MAST	Random	1	0	1	11984	406086932	3.39e+04	1.00	96	6638699	6.92e+04	0.00
7742	MAST	Random	1	0	1	16546	521281271	3.15e+04	1.00	99	6941102	7.01e+04	0.00
7743	MAST	Random	0	3	3	8474	302848201	3.57e+04	0.00	94	6381393	6.79e+04	1.00
7744	MAST	Random	1	0	1	11169	370944727	3.32e+04	1.00	95	6674738	7.03e+04	0.00
7745	MAST	Random	0	1	1	9782	329682757	3.37e+04	0.00	96	6742870	7.02e+04	1.00
7746	MAST	Random	0	2	2	6809	247192666	3.63e+04	0.00	85	6121197	7.20e+04	1.00
7747	MAST	Random	0	2	2	7431	265927004	3.58e+04	0.00	95	6867565	7.23e+04	1.00
7748	MAST	Random	0	4	4	4504	170134415	3.78e+04	0.00	82	5321934	6.49e+04	1.00
7749	MAST	Random	0	1	1	11359	385265267	3.39e+04	0.00	97	6886458	7.10e+04	1.00
7750	MAST	Random	1	0	1	13429	439513324	3.27e+04	1.00	97	7019718	7.24e+04	0.00
7751	MAST	Random	2	0	2	17621	603280741	3.42e+04	1.00	92	6738327	7.32e+04	0.00
7752	MAST	Random	0	2	2	9487	331813051	3.50e+04	0.00	95	6126130	6.45e+04	1.00
7753	MAST	Random	1	0	1	11139	370973692	3.33e+04	1.00	99	7109027	7.18e+04	0.00
7754	MAST	Random	0	1	1	9178	316687205	3.45e+04	0.00	95	7006407	7.38e+04	1.00
7755	MAST	Random	1	0	1	12580	418703271	3.33e+04	1.00	98	6938918	7.08e+04	0.00
7756	MAST	Random	0	1	1	8855	306972841	3.47e+04	0.00	94	6117036	6.51e+04	1.00
7757	MAST	Random	1	0	1	7753	274649737	3.54e+04	1.00	89	6552313	7.36e+04	0.00
7758	MAST	Random	2	0	2	10810	378730999	3.50e+04	1.00	92	6657059	7.24e+04	0.00
7759	MAST	Random	1	0	1	8139	285596432	3.51e+04	1.00	91	6318721	6.94e+04	0.00
7760	MAST	Random	1	0	1	10532	357954108	3.40e+04	1.00	93	6573633	7.07e+04	0.00
7761	MAST	Random	7	0	7	3970	150143552	3.78e+04	1.00	63	4745322	7.53e+04	0.00
7762	MAST	Random	1	0	1	8223	290731479	3.54e+04	1.00	86	6073391	7.06e+04	0.00
7763	MAST	Random	0	1	1	11554	388816548	3.37e+04	0.00	98	6958254	7.10e+04	1.00
7764	MAST	Random	0	1	1	16510	524219023	3.18e+04	0.00	98	7087624	7.23e+04	1.00
7765	MAST	Random	1	0	1	10029	344143300	3.43e+04	1.00	96	6095388	6.35e+04	0.00
7766	MAST	Random	0	1	1	11392	376836152	3.31e+04	0.00	97	6894749	7.11e+04	1.00
7767	MAST	Random	0	2	2	7169	256839986	3.58e+04	0.00	92	6455899	7.02e+04	1.00
7768	MAST	Random	1	0	1	10561	367662034	3.48e+04	1.00	93	6723579	7.23e+04	0.00
7769	MAST	Random	0	1	1	9243	338613116	3.66e+04	0.00	93	6560024	7.05e+04	1.00
7770	MAST	Random	0	5	5	4476	167800787	3.75e+04	0.00	81	5631743	6.95e+04	1.00
7771	MAST	Random	0	2	2	7021	252414337	3.60e+04	0.00	92	6569240	7.14e+04	1.00
7772	MAST	Random	0	2	2	7506	265836456	3.54e+04	0.00	93	6518573	7.01e+04	1.00
7773	MAST	Random	1	0	1	10564	358716188	3.40e+04	1.00	97	6953075	7.17e+04	0.00
7774	MAST	Random	2	0	2	9258	321500607	3.47e+04	1.00	95	6582045	6.93e+04	0.00
7775	MAST	Random	0	2	2	6407	236437381	3.69e+04	0.00	88	6316458	7.18e+04	1.00
7776	MAST	Random	0	1	1	9856	337187001	3.42e+04	0.00	95	6765976	7.12e+04	1.00
7777	MAST	Random	1	0	1	11752	397595051	3.38e+04	1.00	98	6841935	6.98e+04	0.00
7778	MAST	Random	5	0	5	6763	243105354	3.59e+04	1.00	89	6364370	7.15e+04	0.00
7779	MAST	Random	0	2	2	9629	340075118	3.53e+04	0.00	95	6257526	6.59e+04	1.00
7780	MAST	Random	4	0	4	6387	234988173	3.68e+04	1.00	86	6071871	7.06e+04	0.00
7781	MAST	Random	0	5	5	3670	140315622	3.82e+04	0.00	74	5422478	7.33e+04	1.00
7782	MAST	Random	4	0	4	6895	246702982	3.58e+04	1.00	91	6190564	6.80e+04	0.00
7783	MAST	Random	1	0	1	11327	385319147	3.40e+04	1.00	95	6841414	7.20e+04	0.00
7784	MAST	Random	2	0	2	8235	304192544	3.69e+04	1.00	92	6465398	7.03e+04	0.00
7785	MAST	Random	0	4	4	7469	271894862	3.64e+04	0.00	94	6792869	7.23e+04	1.00
7786	MAST	Random	0	2	2	6190	222433937	3.59e+04	0.00	91	6332780	6.96e+04	1.00
7787	MAST	Random	1	0	1	11919	410833212	3.45e+04	1.00	89	6439061	7.23e+04	0.00
7788	MAST	Random	1	0	1	12139	427151375	3.52e+04	1.00	96	6899050	7.19e+04	0.00
7789	MAST	Random	3	0	3	10110	353573952	3.50e+04	1.00	93	6657722	7.16e+04	0.00
7790	MAST	Random	5	0	5	6434	234235412	3.64e+04	1.00	80	5716291	7.15e+04	0.00
7791	MAST	Random	1	0	1	9573	328021004	3.43e+04	1.00	95	6404958	6.74e+04	0.00
7792	MAST	Random	1	0	1	8628	295187988	3.42e+04	1.00	95	6619589	6.97e+04	0.00
7793	MAST	Random	1	0	1	12277	421829015	3.44e+04	1.00	91	6460313	7.10e+04	0.00
7794	MAST	Random	0	2	2	9103	313501447	3.44e+04	0.00	97	6905189	7.12e+04	1.00
7795	MAST	Random	1	0	1	8437	294772073	3.49e+04	1.00	91	6503374	7.15e+04	0.00
7796	MAST	Random	1	0	1	13358	427752445	3.20e+04	1.00	98	6895590	7.04e+04	0.00
7797	MAST	Random	0	4	4	5570	208546501	3.74e+04	0.00	85	6084798	7.16e+04	1.00
7798	MAST	Random	0	1	1	13099	448733148	3.43e+04	0.00	96	6182103	6.44e+04	1.00
7799	MAST	Random	2	0	2	7117	255845274	3.59e+04	1.00	89	6312375	7.09e+04	0.00
7800	MAST	Random	1	0	1	10468	356953565	3.41e+04	1.00	92	6190790	6.73e+04	0.00
7801	MAST	Random	0	1	1	10820	370547909	3.42e+04	0.00	94	6548899	6.97e+04	1.00
7802	MAST	Random	1	0	1	10757	380662943	3.54e+04	1.00	94	5919280	6.30e+04	0.00
7803	MAST	Random	2	0	2	7965	282410046	3.55e+04	1.00	93	6661307	7.16e+04	0.00
7804	MAST	Random	2	0	2	8925	314039873	3.52e+04	1.00	92	6506834	7.07e+04	0.00
7805	MAST	Random	1	0	1	9908	344191186	3.47e+04	1.00	91	6612778	7.27e+04	0.00
7806	MAST	Random	0	3	3	4190	157788174	3.77e+04	0.00	82	5956035	7.26e+04	1.00
7807	MAST	Random	1	0	1	15691	511298414	3.26e+04	1.00	98	7018045	7.16e+04	0.00
7808	MAST	Random	0	1	1	13313	440152001	3.31e+04	0.00	99	7184407	7.26e+04	1.00
7809	MAST	Random	1	0	1	10793	371183362	3.44e+04	1.00	97	6927257	7.14e+04	0.00
7810	MAST	Random	1	0	1	11252	446587367	3.97e+04	1.00	97	6820992	7.03e+04	0.00
7811	MAST	Random	1	0	1	10242	350177322	3.42e+04	1.00	93	6500973	6.99e+04	0.00
7812	MAST	Random	1	0	1	12816	420701550	3.28e+04	1.00	97	6792114	7.00e+04	0.00
7813	MAST	Random	3	0	3	8484	300375073	3.54e+04	1.00	91	6465106	7.10e+04	0.00
7814	MAST	Random	1	0	1	12617	432378665	3.43e+04	1.00	87	6329677	7.28e+04	0.00
7815	MAST	Random	2	0	2	7981	284071731	3.56e+04	1.00	92	6355053	6.91e+04	0.00
7816	MAST	Random	0	1	1	9345	326678383	3.50e+04	0.00	97	6853420	7.07e+04	1.00
7817	MAST	Random	0	1	1	8430	296017136	3.51e+04	0.00	92	6537952	7.11e+04	1.00
7818	MAST	Random	0	1	1	7258	260545334	3.59e+04	0.00	89	6177878	6.94e+04	1.00
7819	MAST	Random	1	0	1	10978	394573568	3.59e+04	1.00	94	6504111	6.92e+04	0.00
7820	MAST	Random	0	2	2	7138	259223585	3.63e+04	0.00	91	6554237	7.20e+04	1.00
7821	MAST	Random	0	1	1	9500	331319940	3.49e+04	0.00	97	6950965	7.17e+04	1.00
7822	MAST	Random	0	2	2	6615	235778989	3.56e+04	0.00	87	6138331	7.06e+04	1.00
7823	MAST	Random	1	0	1	11490	387742521	3.37e+04	1.00	95	6793405	7.15e+04	0.00
7824	MAST	Random	1	0	1	12630	425699443	3.37e+04	1.00	96	6058748	6.31e+04	0.00
7825	MAST	Random	0	2	2	8179	284048972	3.47e+04	0.00	94	6638631	7.06e+04	1.00
7826	MAST	Random	1	0	1	6076	221127905	3.64e+04	1.00	83	5730090	6.90e+04	0.00
7827	MAST	Random	1	0	1	11471	396028593	3.45e+04	1.00	88	6403936	7.28e+04	0.00
7828	MAST	Random	1	0	1	16511	546423380	3.31e+04	1.00	94	6324451	6.73e+04	0.00
7829	MAST	Random	1	0	1	13904	473294522	3.40e+04	1.00	97	7004677	7.22e+04	0.00
7830	MAST	Random	1	0	1	12886	430772429	3.34e+04	1.00	94	6616410	7.04e+04	0.00
7831	MAST	Random	0	1	1	9367	326876242	3.49e+04	0.00	96	6842008	7.13e+04	1.00
7832	MAST	Random	2	0	2	11435	386736791	3.38e+04	1.00	97	6050087	6.24e+04	0.00
7833	MAST	Random	1	0	1	9987	343830046	3.44e+04	1.00	96	6671058	6.95e+04	0.00
7834	MAST	Random	0	1	1	10195	353220873	3.46e+04	0.00	92	6412761	6.97e+04	1.00
7835	MAST	Random	1	0	1	10639	367136391	3.45e+04	1.00	95	6760949	7.12e+04	0.00
7836	MAST	Random	2	0	2	6548	239659998	3.66e+04	1.00	89	5933940	6.67e+04	0.00
7837	MAST	Random	1	0	1	14716	491644990	3.34e+04	1.00	96	6849811	7.14e+04	0.00
7838	MAST	Random	0	1	1	7711	269974966	3.50e+04	0.00	88	6194407	7.04e+04	1.00
7839	MAST	Random	2	0	2	7830	281448960	3.59e+04	1.00	83	6046797	7.29e+04	0.00
7840	MAST	Random	1	0	1	10350	379913415	3.67e+04	1.00	89	6186221	6.95e+04	0.00
7841	MAST	Random	1	0	1	11017	371542320	3.37e+04	1.00	97	6973277	7.19e+04	0.00
7842	MAST	Random	0	1	1	16576	530459951	3.20e+04	0.00	99	7070434	7.14e+04	1.00
7843	MAST	Random	3	0	3	7050	256249631	3.63e+04	1.00	92	6464680	7.03e+04	0.00
7844	MAST	Random	3	0	3	7498	266558107	3.56e+04	1.00	93	6756294	7.26e+04	0.00
7845	MAST	Random	0	1	1	10333	358468206	3.47e+04	0.00	95	6592184	6.94e+04	1.00
7846	MAST	Random	1	0	1	9720	335357614	3.45e+04	1.00	94	6630176	7.05e+04	0.00
7847	MAST	Random	0	2	2	9275	330506726	3.56e+04	0.00	93	6726111	7.23e+04	1.00
7848	MAST	Random	1	0	1	13904	455498928	3.28e+04	1.00	98	6988805	7.13e+04	0.00
7849	MAST	Random	1	0	1	10606	361405486	3.41e+04	1.00	96	6258939	6.52e+04	0.00
7850	MAST	Random	0	1	1	11044	369703352	3.35e+04	0.00	98	7017045	7.16e+04	1.00
7851	MAST	Random	1	0	1	9151	319288857	3.49e+04	1.00	96	6952847	7.24e+04	0.00
7852	MAST	Random	1	0	1	11635	387060246	3.33e+04	1.00	93	6610196	7.11e+04	0.00
7853	MAST	Random	1	0	1	17831	581791725	3.26e+04	1.00	97	6474851	6.68e+04	0.00
7854	MAST	Random	0	2	2	8606	307553484	3.57e+04	0.00	92	6452531	7.01e+04	1.00
7855	MAST	Random	0	1	1	8324	292747373	3.52e+04	0.00	91	6664484	7.32e+04	1.00
7856	MAST	Random	0	1	1	16691	532081636	3.19e+04	0.00	98	6895703	7.04e+04	1.00
7857	MAST	Random	0	1	1	11995	406546309	3.39e+04	0.00	95	6799374	7.16e+04	1.00
7858	MAST	Random	1	0	1	12189	405774874	3.33e+04	1.00	94	6611317	7.03e+04	0.00
7859	MAST	Random	1	0	1	12994	443671628	3.41e+04	1.00	95	6651176	7.00e+04	0.00
7860	MAST	Random	0	1	1	9331	360466691	3.86e+04	0.00	95	6620811	6.97e+04	1.00
7861	MAST	Random	0	1	1	11299	382004406	3.38e+04	0.00	94	6733213	7.16e+04	1.00
7862	MAST	Random	3	0	3	5693	206684420	3.63e+04	1.00	86	5998378	6.97e+04	0.00
7863	MAST	Random	0	1	1	9496	329403269	3.47e+04	0.00	95	6638680	6.99e+04	1.00
7864	MAST	Random	0	2	2	7934	286732830	3.61e+04	0.00	89	6342508	7.13e+04	1.00
7865	MAST	Random	2	0	2	6325	232078467	3.67e+04	1.00	90	6390472	7.10e+04	0.00
7866	MAST	Random	1	0	1	10919	370275467	3.39e+04	1.00	94	6607793	7.03e+04	0.00
7867	MAST	Random	1	0	1	15482	510086879	3.29e+04	1.00	97	6849934	7.06e+04	0.00
7868	MAST	Random	0	3	3	4580	171900031	3.75e+04	0.00	78	5597991	7.18e+04	1.00
7869	MAST	Random	1	0	1	7814	277550337	3.55e+04	1.00	90	6285956	6.98e+04	0.00
7870	MAST	Random	0	1	1	8411	311005951	3.70e+04	0.00	94	6221216	6.62e+04	1.00
7871	MAST	Random	1	0	1	11127	376385455	3.38e+04	1.00	99	6914557	6.98e+04	0.00
7872	MAST	Random	1	0	1	12670	418442228	3.30e+04	1.00	97	6866723	7.08e+04	0.00
7873	MAST	Random	0	1	1	9784	343196001	3.51e+04	0.00	93	6662309	7.16e+04	1.00
7874	MAST	Random	0	2	2	8725	321072109	3.68e+04	0.00	93	6497849	6.99e+04	1.00
7875	MAST	Random	0	1	1	12721	424260610	3.34e+04	0.00	98	7010775	7.15e+04	1.00
7876	MAST	Random	0	2	2	6218	226677919	3.65e+04	0.00	87	6085272	6.99e+04	1.00
7877	MAST	Random	4	0	4	4983	187243807	3.76e+04	1.00	83	6165025	7.43e+04	0.00
7878	MAST	Random	1	0	1	10937	366715417	3.35e+04	1.00	99	7004389	7.08e+04	0.00
7879	MAST	Random	0	3	3	5178	190081174	3.67e+04	0.00	80	5448649	6.81e+04	1.00
7880	MAST	Random	1	0	1	8314	287550295	3.46e+04	1.00	88	6368214	7.24e+04	0.00
7881	MAST	Random	1	0	1	8355	295719978	3.54e+04	1.00	92	6366938	6.92e+04	0.00
7882	MAST	Random	1	0	1	10296	346716838	3.37e+04	1.00	99	6951502	7.02e+04	0.00
7883	MAST	Random	0	1	1	9565	333631506	3.49e+04	0.00	95	6833742	7.19e+04	1.00
7884	MAST	Random	0	3	3	4347	164729797	3.79e+04	0.00	74	4626270	6.25e+04	1.00
7885	MAST	Random	0	1	1	15263	511307168	3.35e+04	0.00	93	6799763	7.31e+04	1.00
7886	MAST	Random	1	0	1	15764	526815186	3.34e+04	1.00	94	7010920	7.46e+04	0.00
7887	MAST	Random	2	0	2	10134	359120093	3.54e+04	1.00	87	6205762	7.13e+04	0.00
7888	MAST	Random	0	1	1	15006	491713856	3.28e+04	0.00	98	7109314	7.25e+04	1.00
7889	MAST	Random	2	0	2	8195	290787609	3.55e+04	1.00	95	6585635	6.93e+04	0.00
7890	MAST	Random	0	5	5	3722	143084689	3.84e+04	0.00	77	5454910	7.08e+04	1.00
7891	MAST	Random	1	0	1	9623	340426308	3.54e+04	1.00	94	6710619	7.14e+04	0.00
7892	MAST	Random	0	3	3	6341	230731842	3.64e+04	0.00	88	6137187	6.97e+04	1.00
7893	MAST	Random	0	4	4	4710	176961906	3.76e+04	0.00	85	6039229	7.10e+04	1.00
7894	MAST	Random	1	0	1	11213	380703272	3.40e+04	1.00	96	6838909	7.12e+04	0.00
7895	MAST	Random	0	2	2	8292	293455074	3.54e+04	0.00	94	6734822	7.16e+04	1.00
7896	MAST	Random	4	0	4	7507	268127595	3.57e+04	1.00	89	6532051	7.34e+04	0.00
7897	MAST	Random	1	0	1	12491	424080698	3.40e+04	1.00	97	6665404	6.87e+04	0.00
7898	MAST	Random	0	1	1	12428	398187689	3.20e+04	0.00	99	6962484	7.03e+04	1.00
7899	MAST	Random	0	2	2	6907	248803708	3.60e+04	0.00	92	6527417	7.10e+04	1.00
7900	MAST	Random	0	1	1	10141	348094519	3.43e+04	0.00	96	7033825	7.33e+04	1.00
7901	MAST	Random	1	0	1	16428	556426311	3.39e+04	1.00	92	6658812	7.24e+04	0.00
7902	MAST	Random	1	0	1	10197	347677741	3.41e+04	1.00	96	6965896	7.26e+04	0.00
7903	MAST	Random	2	0	2	6771	244843084	3.62e+04	1.00	87	6380304	7.33e+04	0.00
7904	MAST	Random	0	3	3	5298	196259555	3.70e+04	0.00	84	6009178	7.15e+04	1.00
7905	MAST	Random	1	0	1	10489	359244023	3.42e+04	1.00	91	6433199	7.07e+04	0.00
7906	MAST	Random	2	0	2	6034	221978298	3.68e+04	1.00	83	5452088	6.57e+04	0.00
7907	MAST	Random	0	1	1	9846	345185674	3.51e+04	0.00	93	6629397	7.13e+04	1.00
7908	MAST	Random	0	3	3	6394	230304880	3.60e+04	0.00	88	6270497	7.13e+04	1.00
7909	MAST	Random	4	0	4	7739	273809797	3.54e+04	1.00	89	6426667	7.22e+04	0.00
7910	MAST	Random	2	0	2	6887	249807901	3.63e+04	1.00	86	6338903	7.37e+04	0.00
7911	MAST	Random	1	0	1	10851	374844408	3.45e+04	1.00	95	6606682	6.95e+04	0.00
7912	MAST	Random	1	0	1	13042	432177605	3.31e+04	1.00	97	7030186	7.25e+04	0.00
7913	MAST	Random	3	0	3	6302	230233297	3.65e+04	1.00	87	6138798	7.06e+04	0.00
7914	MAST	Random	2	0	2	8259	287442553	3.48e+04	1.00	94	6551907	6.97e+04	0.00
7915	MAST	Random	0	1	1	12034	409297899	3.40e+04	0.00	99	7116983	7.19e+04	1.00
7916	MAST	Random	0	1	1	11100	372732759	3.36e+04	0.00	95	6794239	7.15e+04	1.00
7917	MAST	Random	0	2	2	5783	212948012	3.68e+04	0.00	85	5948017	7.00e+04	1.00
7918	MAST	Random	1	0	1	11708	387169792	3.31e+04	1.00	98	7001010	7.14e+04	0.00
7919	MAST	Random	1	0	1	16333	602375306	3.69e+04	1.00	97	6897220	7.11e+04	0.00
7920	MAST	Random	0	1	1	15295	503172142	3.29e+04	0.00	98	6849632	6.99e+04	1.00
7921	MAST	Random	2	0	2	8096	284276893	3.51e+04	1.00	93	6555431	7.05e+04	0.00
7922	MAST	Random	1	0	1	13584	450050673	3.31e+04	1.00	96	6752723	7.03e+04	0.00
7923	MAST	Random	2	0	2	8689	305672111	3.52e+04	1.00	94	6636881	7.06e+04	0.00
7924	MAST	Random	4	0	4	8668	312510935	3.61e+04	1.00	81	5926070	7.32e+04	0.00
7925	MAST	Random	1	0	1	12547	410575865	3.27e+04	1.00	98	6965228	7.11e+04	0.00
7926	MAST	Random	3	0	3	6912	246289268	3.56e+04	1.00	90	6396700	7.11e+04	0.00
7927	MAST	Random	1	0	1	11841	404793548	3.42e+04	1.00	92	6495469	7.06e+04	0.00
7928	MAST	Random	0	6	6	3598	138365677	3.85e+04	0.00	77	5058959	6.57e+04	1.00
7929	MAST	Random	1	0	1	13524	447247593	3.31e+04	1.00	99	7006390	7.08e+04	0.00
7930	MAST	Random	4	0	4	7256	258373242	3.56e+04	1.00	81	5920144	7.31e+04	0.00
7931	MAST	Random	1	0	1	6981	252536024	3.62e+04	1.00	90	6456606	7.17e+04	0.00
7932	MAST	Random	3	0	3	7228	259518062	3.59e+04	1.00	91	6311435	6.94e+04	0.00
7933	MAST	Random	2	0	2	9307	343443813	3.69e+04	1.00	92	6206535	6.75e+04	0.00
7934	MAST	Random	0	1	1	15675	509278452	3.25e+04	0.00	98	7070505	7.21e+04	1.00
7935	MAST	Random	0	2	2	8826	310913556	3.52e+04	0.00	93	6721683	7.23e+04	1.00
7936	MAST	Random	1	0	1	9605	329741966	3.43e+04	1.00	94	6608041	7.03e+04	0.00
7937	MAST	Random	2	0	2	7200	276557477	3.84e+04	1.00	89	6154701	6.92e+04	0.00
7938	MAST	Random	1	0	1	13611	445864676	3.28e+04	1.00	99	6784263	6.85e+04	0.00
7939	MAST	Random	1	0	1	9999	339244967	3.39e+04	1.00	95	6541869	6.89e+04	0.00
7940	MAST	Random	1	0	1	8446	297762151	3.53e+04	1.00	92	6449438	7.01e+04	0.00
7941	MAST	Random	0	1	1	6512	239724152	3.68e+04	0.00	87	6021470	6.92e+04	1.00
7942	MAST	Random	0	2	2	8058	280728115	3.48e+04	0.00	95	5979319	6.29e+04	1.00
7943	MAST	Random	1	0	1	10129	345627336	3.41e+04	1.00	94	6605204	7.03e+04	0.00
7944	MAST	Random	2	0	2	7030	255300695	3.63e+04	1.00	92	6562878	7.13e+04	0.00
7945	MAST	Random	0	1	1	6727	244865998	3.64e+04	0.00	89	6405306	7.20e+04	1.00
7946	MAST	Random	1	0	1	12734	416060305	3.27e+04	1.00	99	7010597	7.08e+04	0.00
7947	MAST	Random	1	0	1	9371	325628170	3.47e+04	1.00	90	6313015	7.01e+04	0.00
7948	MAST	Random	0	1	1	9691	333035659	3.44e+04	0.00	92	6613645	7.19e+04	1.00
7949	MAST	Random	0	1	1	13140	443344145	3.37e+04	0.00	95	6801276	7.16e+04	1.00
7950	MAST	Random	1	0	1	13707	486906066	3.55e+04	1.00	95	6744520	7.10e+04	0.00
7951	MAST	Random	1	0	1	14492	481385730	3.32e+04	1.00	98	6785426	6.92e+04	0.00
7952	MAST	Random	1	0	1	12621	428836399	3.40e+04	1.00	95	6452283	6.79e+04	0.00
7953	MAST	Random	1	0	1	11817	394317114	3.34e+04	1.00	97	6941154	7.16e+04	0.00
7954	MAST	Random	1	0	1	9770	352173578	3.60e+04	1.00	95	6445369	6.78e+04	0.00
7955	MAST	Random	0	1	1	10223	352615318	3.45e+04	0.00	94	6708060	7.14e+04	1.00
7956	MAST	Random	1	0	1	13459	450784687	3.35e+04	1.00	96	6938289	7.23e+04	0.00
7957	MAST	Random	1	0	1	8472	299654801	3.54e+04	1.00	93	6538679	7.03e+04	0.00
7958	MAST	Random	1	0	1	11481	395949006	3.45e+04	1.00	96	6635322	6.91e+04	0.00
7959	MAST	Random	1	0	1	9837	337861107	3.43e+04	1.00	97	6950232	7.17e+04	0.00
7960	MAST	Random	1	0	1	12990	429006539	3.30e+04	1.00	99	6876399	6.95e+04	0.00
7961	MAST	Random	1	0	1	11294	392799342	3.48e+04	1.00	94	6808065	7.24e+04	0.00
7962	MAST	Random	0	2	2	7513	268561549	3.57e+04	0.00	90	6378715	7.09e+04	1.00
7963	MAST	Random	0	1	1	8988	313531183	3.49e+04	0.00	96	6863414	7.15e+04	1.00
7964	MAST	Random	1	0	1	7177	258137563	3.60e+04	1.00	87	6266644	7.20e+04	0.00
7965	MAST	Random	0	2	2	7252	262837783	3.62e+04	0.00	89	6568143	7.38e+04	1.00
7966	MAST	Random	2	0	2	6568	238366374	3.63e+04	1.00	89	6319577	7.10e+04	0.00
7967	MAST	Random	1	0	1	7755	276771801	3.57e+04	1.00	89	6321426	7.10e+04	0.00
7968	MAST	Random	1	0	1	11017	378871870	3.44e+04	1.00	94	6747840	7.18e+04	0.00
7969	MAST	Random	0	1	1	10519	368535792	3.50e+04	0.00	95	6528101	6.87e+04	1.00
7970	MAST	Random	0	3	3	5109	190010285	3.72e+04	0.00	85	5849382	6.88e+04	1.00
7971	MAST	Random	4	0	4	9433	331888234	3.52e+04	1.00	87	6039454	6.94e+04	0.00
7972	MAST	Random	1	0	1	9751	340049193	3.49e+04	1.00	92	5969314	6.49e+04	0.00
7973	MAST	Random	0	1	1	9617	333879101	3.47e+04	0.00	98	7054092	7.20e+04	1.00
7974	MAST	Random	2	0	2	9919	339522262	3.42e+04	1.00	94	6610892	7.03e+04	0.00
7975	MAST	Random	0	1	1	8982	314599045	3.50e+04	0.00	97	6692515	6.90e+04	1.00
7976	MAST	Random	0	1	1	11691	387384726	3.31e+04	0.00	97	6688222	6.90e+04	1.00
7977	MAST	Random	1	0	1	13137	432741638	3.29e+04	1.00	98	6930421	7.07e+04	0.00
7978	MAST	Random	1	0	1	8539	304144767	3.56e+04	1.00	80	5716526	7.15e+04	0.00
7979	MAST	Random	2	0	2	8785	312557646	3.56e+04	1.00	93	6537703	7.03e+04	0.00
7980	MAST	Random	0	2	2	6624	239101537	3.61e+04	0.00	91	6388453	7.02e+04	1.00
7981	MAST	Random	1	0	1	11617	389906689	3.36e+04	1.00	96	6784021	7.07e+04	0.00
7982	MAST	Random	1	0	1	11444	385449259	3.37e+04	1.00	96	6713861	6.99e+04	0.00
7983	MAST	Random	0	2	2	7660	274997825	3.59e+04	0.00	93	6598795	7.10e+04	1.00
7984	MAST	Random	2	0	2	6914	247605559	3.58e+04	1.00	89	6230238	7.00e+04	0.00
7985	MAST	Random	0	1	1	10062	367299600	3.65e+04	0.00	96	6673595	6.95e+04	1.00
7986	MAST	Random	0	1	1	11545	386389684	3.35e+04	0.00	95	6645227	6.99e+04	1.00
7987	MAST	Random	2	0	2	10194	348401160	3.42e+04	1.00	98	6842959	6.98e+04	0.00
7988	MAST	Random	0	1	1	8718	306492947	3.52e+04	0.00	95	6643200	6.99e+04	1.00
7989	MAST	Random	0	1	1	15168	502606295	3.31e+04	0.00	97	6820921	7.03e+04	1.00
7990	MAST	Random	2	0	2	8281	291964272	3.53e+04	1.00	94	6722031	7.15e+04	0.00
7991	MAST	Random	4	0	4	7657	272708905	3.56e+04	1.00	85	5956149	7.01e+04	0.00
7992	MAST	Random	1	0	1	12907	424892829	3.29e+04	1.00	96	6885866	7.17e+04	0.00
7993	MAST	Random	2	0	2	8872	377668578	4.26e+04	1.00	94	6442287	6.85e+04	0.00
7994	MAST	Random	1	0	1	9411	318768911	3.39e+04	1.00	92	6600189	7.17e+04	0.00
7995	MAST	Random	0	1	1	6717	243932991	3.63e+04	0.00	88	6103972	6.94e+04	1.00
7996	MAST	Random	1	0	1	15050	490498620	3.26e+04	1.00	99	7007276	7.08e+04	0.00
7997	MAST	Random	3	0	3	7722	273478089	3.54e+04	1.00	89	6300689	7.08e+04	0.00
7998	MAST	Random	1	0	1	14831	494883541	3.34e+04	1.00	98	6656584	6.79e+04	0.00
7999	MAST	Random	3	0	3	8633	306542427	3.55e+04	1.00	88	6294660	7.15e+04	0.00
8000	MAST	Random	0	2	2	8606	304719772	3.54e+04	0.00	93	6550842	7.04e+04	1.00
8001	MAST	Random	0	1	1	9053	313701299	3.47e+04	0.00	94	6762112	7.19e+04	1.00
8002	Random	IS-MCTS	0	2	2	83	5787609	6.97e+04	0.00	7168	333381228	4.65e+04	1.00
8003	Random	IS-MCTS	2	0	2	91	6537489	7.18e+04	1.00	6348	231743172	3.65e+04	0.00
8004	Random	IS-MCTS	1	0	1	93	6677978	7.18e+04	1.00	9117	319821655	3.51e+04	0.00
8005	Random	IS-MCTS	0	1	1	99	7215456	7.29e+04	0.00	16383	538890094	3.29e+04	1.00
8006	Random	IS-MCTS	0	1	1	90	6383395	7.09e+04	0.00	8553	300468823	3.51e+04	1.00
8007	Random	IS-MCTS	0	1	1	94	5788384	6.16e+04	0.00	9357	322321921	3.44e+04	1.00
8008	Random	IS-MCTS	0	2	2	91	6361409	6.99e+04	0.00	7074	253928882	3.59e+04	1.00
8009	Random	IS-MCTS	0	3	3	91	6272900	6.89e+04	0.00	8237	289066273	3.51e+04	1.00
8010	Random	IS-MCTS	0	1	1	77	5558559	7.22e+04	0.00	6571	237515371	3.61e+04	1.00
8011	Random	IS-MCTS	3	0	3	90	6498258	7.22e+04	1.00	6680	242729351	3.63e+04	0.00
8012	Random	IS-MCTS	0	1	1	88	5554845	6.31e+04	0.00	8822	316407645	3.59e+04	1.00
8013	Random	IS-MCTS	0	1	1	98	6847556	6.99e+04	0.00	14259	465710405	3.27e+04	1.00
8014	Random	IS-MCTS	0	2	2	88	6296785	7.16e+04	0.00	6040	218848139	3.62e+04	1.00
8015	Random	IS-MCTS	1	0	1	98	6960124	7.10e+04	1.00	12036	412141098	3.42e+04	0.00
8016	Random	IS-MCTS	2	0	2	93	6293538	6.77e+04	1.00	9198	320443157	3.48e+04	0.00
8017	Random	IS-MCTS	1	0	1	96	6651671	6.93e+04	1.00	13209	441751370	3.34e+04	0.00
8018	Random	IS-MCTS	0	3	3	91	6280936	6.90e+04	0.00	9979	347125091	3.48e+04	1.00
8019	Random	IS-MCTS	0	2	2	94	6771124	7.20e+04	0.00	9351	331444768	3.54e+04	1.00
8020	Random	IS-MCTS	2	0	2	90	6064290	6.74e+04	1.00	7221	261592719	3.62e+04	0.00
8021	Random	IS-MCTS	0	3	3	79	5452681	6.90e+04	0.00	6288	231867625	3.69e+04	1.00
8022	Random	IS-MCTS	0	1	1	97	6644188	6.85e+04	0.00	14294	465268056	3.25e+04	1.00
8023	Random	IS-MCTS	2	0	2	90	6532734	7.26e+04	1.00	6488	237368232	3.66e+04	0.00
8024	Random	IS-MCTS	1	0	1	100	6980519	6.98e+04	1.00	15242	491705414	3.23e+04	0.00
8025	Random	IS-MCTS	0	1	1	98	6219445	6.35e+04	0.00	16712	547559057	3.28e+04	1.00
8026	Random	IS-MCTS	0	1	1	94	6869968	7.31e+04	0.00	14043	466944152	3.33e+04	1.00
8027	Random	IS-MCTS	0	2	2	89	6507717	7.31e+04	0.00	13307	460321822	3.46e+04	1.00
8028	Random	IS-MCTS	3	0	3	91	6144037	6.75e+04	1.00	6289	230822135	3.67e+04	0.00
8029	Random	IS-MCTS	0	1	1	87	6243050	7.18e+04	0.00	10753	380645021	3.54e+04	1.00
8030	Random	IS-MCTS	1	0	1	99	7078089	7.15e+04	1.00	12531	407918499	3.26e+04	0.00
8031	Random	IS-MCTS	0	2	2	94	6549107	6.97e+04	0.00	10499	365862201	3.48e+04	1.00
8032	Random	IS-MCTS	1	0	1	98	6672804	6.81e+04	1.00	13827	454940706	3.29e+04	0.00
8033	Random	IS-MCTS	2	0	2	98	6856782	7.00e+04	1.00	10373	356119377	3.43e+04	0.00
8034	Random	IS-MCTS	1	0	1	94	6517623	6.93e+04	1.00	8456	294972745	3.49e+04	0.00
8035	Random	IS-MCTS	1	0	1	94	6810017	7.24e+04	1.00	9746	334739949	3.43e+04	0.00
8036	Random	IS-MCTS	1	0	1	95	6624853	6.97e+04	1.00	8673	302935688	3.49e+04	0.00
8037	Random	IS-MCTS	0	2	2	97	6281532	6.48e+04	0.00	11757	413573488	3.52e+04	1.00
8038	Random	IS-MCTS	1	0	1	100	6920756	6.92e+04	1.00	18421	573797395	3.11e+04	0.00
8039	Random	IS-MCTS	2	0	2	94	6647911	7.07e+04	1.00	7733	273968037	3.54e+04	0.00
8040	Random	IS-MCTS	0	1	1	95	6542859	6.89e+04	0.00	9817	435231464	4.43e+04	1.00
8041	Random	IS-MCTS	0	3	3	89	6466413	7.27e+04	0.00	7808	278642816	3.57e+04	1.00
8042	Random	IS-MCTS	1	0	1	95	6509558	6.85e+04	1.00	8407	294671951	3.51e+04	0.00
8043	Random	IS-MCTS	1	0	1	96	6483561	6.75e+04	1.00	10161	348732073	3.43e+04	0.00
8044	Random	IS-MCTS	0	1	1	93	6598655	7.10e+04	0.00	10184	350225347	3.44e+04	1.00
8045	Random	IS-MCTS	0	1	1	96	6595995	6.87e+04	0.00	12820	433048269	3.38e+04	1.00
8046	Random	IS-MCTS	0	2	2	86	5964798	6.94e+04	0.00	11962	416417607	3.48e+04	1.00
8047	Random	IS-MCTS	1	0	1	100	7028689	7.03e+04	1.00	15558	501590534	3.22e+04	0.00
8048	Random	IS-MCTS	0	2	2	97	6804805	7.02e+04	0.00	11806	390096389	3.30e+04	1.00
8049	Random	IS-MCTS	0	1	1	93	5724851	6.16e+04	0.00	10587	368184015	3.48e+04	1.00
8050	Random	IS-MCTS	1	0	1	97	6665838	6.87e+04	1.00	9266	317653679	3.43e+04	0.00
8051	Random	IS-MCTS	1	0	1	97	7041215	7.26e+04	1.00	10437	360174649	3.45e+04	0.00
8052	Random	IS-MCTS	1	0	1	89	6261952	7.04e+04	1.00	9778	335237083	3.43e+04	0.00
8053	Random	IS-MCTS	3	0	3	81	5501434	6.79e+04	1.00	4456	169577790	3.81e+04	0.00
8054	Random	IS-MCTS	0	3	3	82	5788891	7.06e+04	0.00	8884	313798591	3.53e+04	1.00
8055	Random	IS-MCTS	0	2	2	93	6372238	6.85e+04	0.00	10294	361417990	3.51e+04	1.00
8056	Random	IS-MCTS	0	3	3	91	6528402	7.17e+04	0.00	6473	232983664	3.60e+04	1.00
8057	Random	IS-MCTS	0	1	1	95	6901450	7.26e+04	0.00	13933	557615399	4.00e+04	1.00
8058	Random	IS-MCTS	2	0	2	94	6676943	7.10e+04	1.00	8295	291968835	3.52e+04	0.00
8059	Random	IS-MCTS	0	4	4	81	5793671	7.15e+04	0.00	6243	229672023	3.68e+04	1.00
8060	Random	IS-MCTS	1	0	1	98	6727912	6.87e+04	1.00	11627	393857899	3.39e+04	0.00
8061	Random	IS-MCTS	0	1	1	97	6556280	6.76e+04	0.00	12935	437390110	3.38e+04	1.00
8062	Random	IS-MCTS	0	2	2	92	6129684	6.66e+04	0.00	6790	244055146	3.59e+04	1.00
8063	Random	IS-MCTS	0	1	1	98	6965964	7.11e+04	0.00	12939	429349555	3.32e+04	1.00
8064	Random	IS-MCTS	7	0	7	79	5637333	7.14e+04	1.00	3688	139748014	3.79e+04	0.00
8065	Random	IS-MCTS	2	0	2	89	6251888	7.02e+04	1.00	6239	228447813	3.66e+04	0.00
8066	Random	IS-MCTS	1	0	1	93	6732027	7.24e+04	1.00	10200	350119289	3.43e+04	0.00
8067	Random	IS-MCTS	2	0	2	94	6449407	6.86e+04	1.00	9207	391368342	4.25e+04	0.00
8068	Random	IS-MCTS	0	1	1	94	6463455	6.88e+04	0.00	11413	373934618	3.28e+04	1.00
8069	Random	IS-MCTS	2	0	2	97	6622172	6.83e+04	1.00	8325	290961424	3.50e+04	0.00
8070	Random	IS-MCTS	0	2	2	83	5607368	6.76e+04	0.00	8260	300268018	3.64e+04	1.00
8071	Random	IS-MCTS	0	5	5	88	6192759	7.04e+04	0.00	5871	215059218	3.66e+04	1.00
8072	Random	IS-MCTS	0	3	3	92	5753947	6.25e+04	0.00	12672	444325681	3.51e+04	1.00
8073	Random	IS-MCTS	2	0	2	97	6817783	7.03e+04	1.00	9986	349502555	3.50e+04	0.00
8074	Random	IS-MCTS	1	0	1	95	6469889	6.81e+04	1.00	11547	389848178	3.38e+04	0.00
8075	Random	IS-MCTS	3	0	3	89	6198544	6.96e+04	1.00	6190	226031310	3.65e+04	0.00
8076	Random	IS-MCTS	0	1	1	84	5480170	6.52e+04	0.00	6075	220272306	3.63e+04	1.00
8077	Random	IS-MCTS	3	0	3	91	6251629	6.87e+04	1.00	6296	229576438	3.65e+04	0.00
8078	Random	IS-MCTS	1	0	1	99	7026061	7.10e+04	1.00	15696	506685305	3.23e+04	0.00
8079	Random	IS-MCTS	2	0	2	90	6137447	6.82e+04	1.00	6398	232891518	3.64e+04	0.00
8080	Random	IS-MCTS	1	0	1	95	6560119	6.91e+04	1.00	11496	485180963	4.22e+04	0.00
8081	Random	IS-MCTS	1	0	1	99	6952840	7.02e+04	1.00	11156	370592595	3.32e+04	0.00
8082	Random	IS-MCTS	0	1	1	95	6627813	6.98e+04	0.00	10816	371796187	3.44e+04	1.00
8083	Random	IS-MCTS	0	1	1	96	6782974	7.07e+04	0.00	12864	436830921	3.40e+04	1.00
8084	Random	IS-MCTS	1	0	1	93	6516836	7.01e+04	1.00	8988	311955506	3.47e+04	0.00
8085	Random	IS-MCTS	0	3	3	86	5450671	6.34e+04	0.00	8838	313879147	3.55e+04	1.00
8086	Random	IS-MCTS	0	1	1	95	6437642	6.78e+04	0.00	13815	459690247	3.33e+04	1.00
8087	Random	IS-MCTS	3	0	3	96	6679584	6.96e+04	1.00	8370	298571917	3.57e+04	0.00
8088	Random	IS-MCTS	2	0	2	87	6184674	7.11e+04	1.00	5828	217426467	3.73e+04	0.00
8089	Random	IS-MCTS	0	1	1	96	6411914	6.68e+04	0.00	11531	396802398	3.44e+04	1.00
8090	Random	IS-MCTS	1	0	1	94	6794766	7.23e+04	1.00	8900	309467576	3.48e+04	0.00
8091	Random	IS-MCTS	0	1	1	95	6696552	7.05e+04	0.00	15305	511248362	3.34e+04	1.00
8092	Random	IS-MCTS	0	1	1	98	6999203	7.14e+04	0.00	13145	425407729	3.24e+04	1.00
8093	Random	IS-MCTS	0	3	3	87	5679088	6.53e+04	0.00	6963	250702433	3.60e+04	1.00
8094	Random	IS-MCTS	1	0	1	95	6607537	6.96e+04	1.00	10028	344988321	3.44e+04	0.00
8095	Random	IS-MCTS	0	2	2	84	5927550	7.06e+04	0.00	7016	252943983	3.61e+04	1.00
8096	Random	IS-MCTS	0	1	1	95	6687202	7.04e+04	0.00	13917	463195892	3.33e+04	1.00
8097	Random	IS-MCTS	2	0	2	96	6690102	6.97e+04	1.00	8981	313067589	3.49e+04	0.00
8098	Random	IS-MCTS	2	0	2	93	6557942	7.05e+04	1.00	6905	249774440	3.62e+04	0.00
8099	Random	IS-MCTS	2	0	2	93	6433105	6.92e+04	1.00	7139	258714568	3.62e+04	0.00
8100	Random	IS-MCTS	0	1	1	95	6891333	7.25e+04	0.00	18365	611847784	3.33e+04	1.00
8101	Random	IS-MCTS	1	0	1	99	6685585	6.75e+04	1.00	15568	576675682	3.70e+04	0.00
8102	Random	IS-MCTS	0	1	1	85	5931257	6.98e+04	0.00	5872	215033906	3.66e+04	1.00
8103	Random	IS-MCTS	0	1	1	99	6998689	7.07e+04	0.00	13340	443401971	3.32e+04	1.00
8104	Random	IS-MCTS	1	0	1	100	7007132	7.01e+04	1.00	13423	430133350	3.20e+04	0.00
8105	Random	IS-MCTS	1	0	1	93	6909658	7.43e+04	1.00	7004	256355119	3.66e+04	0.00
8106	Random	IS-MCTS	1	0	1	92	6414007	6.97e+04	1.00	11557	386000424	3.34e+04	0.00
8107	Random	IS-MCTS	0	2	2	86	6053820	7.04e+04	0.00	6585	238863986	3.63e+04	1.00
8108	Random	IS-MCTS	1	0	1	95	6704214	7.06e+04	1.00	9907	344825656	3.48e+04	0.00
8109	Random	IS-MCTS	2	0	2	83	5736213	6.91e+04	1.00	5083	189145755	3.72e+04	0.00
8110	Random	IS-MCTS	2	0	2	92	6348641	6.90e+04	1.00	7882	310139402	3.93e+04	0.00
8111	Random	IS-MCTS	0	1	1	94	6678973	7.11e+04	0.00	10259	356966023	3.48e+04	1.00
8112	Random	IS-MCTS	0	1	1	99	6944042	7.01e+04	0.00	13255	431415050	3.25e+04	1.00
8113	Random	IS-MCTS	0	1	1	94	6697794	7.13e+04	0.00	12742	426911646	3.35e+04	1.00
8114	Random	IS-MCTS	2	0	2	94	6444723	6.86e+04	1.00	7450	265732593	3.57e+04	0.00
8115	Random	IS-MCTS	0	1	1	97	6107360	6.30e+04	0.00	12874	429899131	3.34e+04	1.00
8116	Random	IS-MCTS	2	0	2	92	6512430	7.08e+04	1.00	7038	252192441	3.58e+04	0.00
8117	Random	IS-MCTS	2	0	2	89	6386448	7.18e+04	1.00	6603	241136088	3.65e+04	0.00
8118	Random	IS-MCTS	2	0	2	98	6745323	6.88e+04	1.00	10143	349813284	3.45e+04	0.00
8119	Random	IS-MCTS	1	0	1	92	6266567	6.81e+04	1.00	11000	384808849	3.50e+04	0.00
8120	Random	IS-MCTS	1	0	1	92	6498584	7.06e+04	1.00	7681	273807921	3.56e+04	0.00
8121	Random	IS-MCTS	1	0	1	96	6612400	6.89e+04	1.00	11317	384566234	3.40e+04	0.00
8122	Random	IS-MCTS	1	0	1	96	6897363	7.18e+04	1.00	12263	416955580	3.40e+04	0.00
8123	Random	IS-MCTS	0	4	4	89	5987317	6.73e+04	0.00	7723	274544215	3.55e+04	1.00
8124	Random	IS-MCTS	0	3	3	78	5463680	7.00e+04	0.00	6382	230696710	3.61e+04	1.00
8125	Random	IS-MCTS	1	0	1	98	6712219	6.85e+04	1.00	13062	439447791	3.36e+04	0.00
8126	Random	IS-MCTS	5	0	5	83	5934986	7.15e+04	1.00	4701	175458922	3.73e+04	0.00
8127	Random	IS-MCTS	3	0	3	96	6569442	6.84e+04	1.00	8956	316951484	3.54e+04	0.00
8128	Random	IS-MCTS	0	1	1	85	5934808	6.98e+04	0.00	6091	219668025	3.61e+04	1.00
8129	Random	IS-MCTS	0	4	4	80	5761102	7.20e+04	0.00	7566	268962558	3.55e+04	1.00
8130	Random	IS-MCTS	0	2	2	92	6449737	7.01e+04	0.00	7497	267202370	3.56e+04	1.00
8131	Random	IS-MCTS	4	0	4	82	5615615	6.85e+04	1.00	5004	186170857	3.72e+04	0.00
8132	Random	IS-MCTS	3	0	3	88	6220068	7.07e+04	1.00	6470	236390301	3.65e+04	0.00
8133	Random	IS-MCTS	0	1	1	92	6516382	7.08e+04	0.00	8053	287374574	3.57e+04	1.00
8134	Random	IS-MCTS	0	2	2	92	5994491	6.52e+04	0.00	12926	456572458	3.53e+04	1.00
8135	Random	IS-MCTS	0	2	2	90	6331529	7.04e+04	0.00	7168	257605871	3.59e+04	1.00
8136	Random	IS-MCTS	2	0	2	93	6625156	7.12e+04	1.00	7871	281059615	3.57e+04	0.00
8137	Random	IS-MCTS	0	2	2	94	6585227	7.01e+04	0.00	7732	272651298	3.53e+04	1.00
8138	Random	IS-MCTS	2	0	2	97	6595594	6.80e+04	1.00	11577	413000524	3.57e+04	0.00
8139	Random	IS-MCTS	2	0	2	93	6525891	7.02e+04	1.00	7202	257874271	3.58e+04	0.00
8140	Random	IS-MCTS	0	1	1	97	6814159	7.02e+04	0.00	13122	436547223	3.33e+04	1.00
8141	Random	IS-MCTS	0	2	2	95	6561479	6.91e+04	0.00	7823	275541144	3.52e+04	1.00
8142	Random	IS-MCTS	0	1	1	98	6852889	6.99e+04	0.00	12141	420048830	3.46e+04	1.00
8143	Random	IS-MCTS	0	1	1	99	6776519	6.84e+04	0.00	14537	481280915	3.31e+04	1.00
8144	Random	IS-MCTS	1	0	1	100	6870900	6.87e+04	1.00	16038	511921438	3.19e+04	0.00
8145	Random	IS-MCTS	0	1	1	84	5941392	7.07e+04	0.00	9107	321470766	3.53e+04	1.00
8146	Random	IS-MCTS	0	3	3	86	6154885	7.16e+04	0.00	6193	226230422	3.65e+04	1.00
8147	Random	IS-MCTS	1	0	1	96	6755451	7.04e+04	1.00	11448	395862590	3.46e+04	0.00
8148	Random	IS-MCTS	2	0	2	93	6432127	6.92e+04	1.00	8215	287821050	3.50e+04	0.00
8149	Random	IS-MCTS	4	0	4	77	5389925	7.00e+04	1.00	4138	155631995	3.76e+04	0.00
8150	Random	IS-MCTS	1	0	1	96	7030895	7.32e+04	1.00	13492	452956000	3.36e+04	0.00
8151	Random	IS-MCTS	0	2	2	86	6049998	7.03e+04	0.00	6467	237391482	3.67e+04	1.00
8152	Random	IS-MCTS	0	1	1	82	5843696	7.13e+04	0.00	8381	296736248	3.54e+04	1.00
8153	Random	IS-MCTS	0	1	1	95	6695096	7.05e+04	0.00	8415	297260543	3.53e+04	1.00
8154	Random	IS-MCTS	1	0	1	100	6805637	6.81e+04	1.00	13030	432439872	3.32e+04	0.00
8155	Random	IS-MCTS	0	6	6	78	5498234	7.05e+04	0.00	4428	166427675	3.76e+04	1.00
8156	Random	IS-MCTS	0	2	2	96	6687357	6.97e+04	0.00	9994	365446721	3.66e+04	1.00
8157	Random	IS-MCTS	2	0	2	79	5475397	6.93e+04	1.00	5665	210974477	3.72e+04	0.00
8158	Random	IS-MCTS	2	0	2	93	6322243	6.80e+04	1.00	7958	279273064	3.51e+04	0.00
8159	Random	IS-MCTS	1	0	1	91	6419552	7.05e+04	1.00	7959	287154901	3.61e+04	0.00
8160	Random	IS-MCTS	2	0	2	93	6486616	6.97e+04	1.00	8020	285473949	3.56e+04	0.00
8161	Random	IS-MCTS	0	1	1	92	27777572	3.02e+05	0.00	9930	343363433	3.46e+04	1.00
8162	Random	IS-MCTS	0	2	2	93	6350343	6.83e+04	0.00	7728	272622044	3.53e+04	1.00
8163	Random	IS-MCTS	0	1	1	98	6897925	7.04e+04	0.00	12454	420878992	3.38e+04	1.00
8164	Random	IS-MCTS	0	2	2	95	6555683	6.90e+04	0.00	9976	348227786	3.49e+04	1.00
8165	Random	IS-MCTS	1	0	1	91	6348973	6.98e+04	1.00	8248	326399205	3.96e+04	0.00
8166	Random	IS-MCTS	3	0	3	90	6267869	6.96e+04	1.00	5986	215879027	3.61e+04	0.00
8167	Random	IS-MCTS	2	0	2	91	6394233	7.03e+04	1.00	6904	251908272	3.65e+04	0.00
8168	Random	IS-MCTS	0	2	2	89	6198345	6.96e+04	0.00	8281	290537828	3.51e+04	1.00
8169	Random	IS-MCTS	3	0	3	87	6082206	6.99e+04	1.00	5140	190272273	3.70e+04	0.00
8170	Random	IS-MCTS	0	3	3	91	6331587	6.96e+04	0.00	6313	228239724	3.62e+04	1.00
8171	Random	IS-MCTS	2	0	2	97	6096883	6.29e+04	1.00	9126	325862216	3.57e+04	0.00
8172	Random	IS-MCTS	1	0	1	98	6823315	6.96e+04	1.00	16520	542321794	3.28e+04	0.00
8173	Random	IS-MCTS	1	0	1	98	7010262	7.15e+04	1.00	11285	388367717	3.44e+04	0.00
8174	Random	IS-MCTS	1	0	1	93	6523205	7.01e+04	1.00	9064	400253890	4.42e+04	0.00
8175	Random	IS-MCTS	1	0	1	100	6882953	6.88e+04	1.00	16160	524763948	3.25e+04	0.00
8176	Random	IS-MCTS	1	0	1	96	6649981	6.93e+04	1.00	10855	364151926	3.35e+04	0.00
8177	Random	IS-MCTS	0	2	2	87	6051813	6.96e+04	0.00	8663	311335943	3.59e+04	1.00
8178	Random	IS-MCTS	1	0	1	97	6820372	7.03e+04	1.00	9891	342057319	3.46e+04	0.00
8179	Random	IS-MCTS	0	1	1	99	6348193	6.41e+04	0.00	13293	440574435	3.31e+04	1.00
8180	Random	IS-MCTS	1	0	1	98	6877388	7.02e+04	1.00	12992	427079896	3.29e+04	0.00
8181	Random	IS-MCTS	0	2	2	90	6310320	7.01e+04	0.00	8975	314574905	3.51e+04	1.00
8182	Random	IS-MCTS	0	1	1	89	6057651	6.81e+04	0.00	6764	241049784	3.56e+04	1.00
8183	Random	IS-MCTS	0	1	1	91	6225776	6.84e+04	0.00	10988	377637347	3.44e+04	1.00
8184	Random	IS-MCTS	4	0	4	92	6405748	6.96e+04	1.00	6709	240597228	3.59e+04	0.00
8185	Random	IS-MCTS	2	0	2	83	5780968	6.97e+04	1.00	5050	186272790	3.69e+04	0.00
8186	Random	IS-MCTS	4	0	4	90	6509608	7.23e+04	1.00	5788	213415535	3.69e+04	0.00
8187	Random	IS-MCTS	6	0	6	79	5606287	7.10e+04	1.00	3950	150908396	3.82e+04	0.00
8188	Random	IS-MCTS	0	1	1	98	6913790	7.05e+04	0.00	12120	393832004	3.25e+04	1.00
8189	Random	IS-MCTS	0	2	2	84	5686709	6.77e+04	0.00	5834	214160722	3.67e+04	1.00
8190	Random	IS-MCTS	1	0	1	94	6593591	7.01e+04	1.00	9006	319798132	3.55e+04	0.00
8191	Random	IS-MCTS	0	2	2	98	6842247	6.98e+04	0.00	11903	401970261	3.38e+04	1.00
8192	Random	IS-MCTS	1	0	1	99	6881614	6.95e+04	1.00	12606	416190686	3.30e+04	0.00
8193	Random	IS-MCTS	0	1	1	99	6265962	6.33e+04	0.00	14994	493145693	3.29e+04	1.00
8194	Random	IS-MCTS	0	2	2	90	6392116	7.10e+04	0.00	7030	254185384	3.62e+04	1.00
8195	Random	IS-MCTS	2	0	2	95	6709429	7.06e+04	1.00	8921	317233770	3.56e+04	0.00
8196	Random	IS-MCTS	0	1	1	93	6614292	7.11e+04	0.00	10290	354722320	3.45e+04	1.00
8197	Random	IS-MCTS	0	2	2	88	6231997	7.08e+04	0.00	7372	262065011	3.55e+04	1.00
8198	Random	IS-MCTS	2	0	2	95	6538263	6.88e+04	1.00	8890	311613773	3.51e+04	0.00
8199	Random	IS-MCTS	2	0	2	89	6248891	7.02e+04	1.00	5683	212041063	3.73e+04	0.00
8200	Random	IS-MCTS	0	4	4	87	6396588	7.35e+04	0.00	7583	271633472	3.58e+04	1.00
8201	Random	IS-MCTS	1	0	1	94	6558387	6.98e+04	1.00	8738	307055403	3.51e+04	0.00
8202	Random	IS-MCTS	2	0	2	94	6386072	6.79e+04	1.00	6806	248365295	3.65e+04	0.00
8203	Random	IS-MCTS	0	1	1	96	6674541	6.95e+04	0.00	11198	382006587	3.41e+04	1.00
8204	Random	IS-MCTS	1	0	1	91	6422638	7.06e+04	1.00	10496	361470045	3.44e+04	0.00
8205	Random	IS-MCTS	0	1	1	99	6859831	6.93e+04	0.00	12751	427188529	3.35e+04	1.00
8206	Random	IS-MCTS	0	1	1	97	6490714	6.69e+04	0.00	18821	653185340	3.47e+04	1.00
8207	Random	IS-MCTS	1	0	1	98	6924506	7.07e+04	1.00	10244	355846138	3.47e+04	0.00
8208	Random	IS-MCTS	2	0	2	93	6330645	6.81e+04	1.00	6699	240523673	3.59e+04	0.00
8209	Random	IS-MCTS	0	8	8	65	4604034	7.08e+04	0.00	3171	122724936	3.87e+04	1.00
8210	Random	IS-MCTS	0	4	4	83	5854298	7.05e+04	0.00	6307	228455876	3.62e+04	1.00
8211	Random	IS-MCTS	0	1	1	95	6279148	6.61e+04	0.00	11172	405264549	3.63e+04	1.00
8212	Random	IS-MCTS	2	0	2	96	6929448	7.22e+04	1.00	8087	280074024	3.46e+04	0.00
8213	Random	IS-MCTS	0	1	1	99	6868559	6.94e+04	0.00	16356	531847201	3.25e+04	1.00
8214	Random	IS-MCTS	1	0	1	90	6593236	7.33e+04	1.00	10086	347444265	3.44e+04	0.00
8215	Random	IS-MCTS	1	0	1	91	6156104	6.76e+04	1.00	8066	291265711	3.61e+04	0.00
8216	Random	IS-MCTS	2	0	2	94	6595809	7.02e+04	1.00	10553	366943594	3.48e+04	0.00
8217	Random	IS-MCTS	0	2	2	97	6713641	6.92e+04	0.00	10261	357434055	3.48e+04	1.00
8218	Random	IS-MCTS	1	0	1	100	6941084	6.94e+04	1.00	13463	429231880	3.19e+04	0.00
8219	Random	IS-MCTS	1	0	1	90	6292070	6.99e+04	1.00	8061	346843929	4.30e+04	0.00
8220	Random	IS-MCTS	0	2	2	93	6484743	6.97e+04	0.00	7784	277628747	3.57e+04	1.00
8221	Random	IS-MCTS	0	2	2	92	6426766	6.99e+04	0.00	7689	270421397	3.52e+04	1.00
8222	Random	IS-MCTS	0	1	1	94	6409771	6.82e+04	0.00	9243	318480420	3.45e+04	1.00
8223	Random	IS-MCTS	0	2	2	94	6638208	7.06e+04	0.00	8867	312171576	3.52e+04	1.00
8224	Random	IS-MCTS	0	2	2	87	6080280	6.99e+04	0.00	8959	331920794	3.70e+04	1.00
8225	Random	IS-MCTS	0	1	1	98	6892106	7.03e+04	0.00	12953	428114639	3.31e+04	1.00
8226	Random	IS-MCTS	1	0	1	93	6431095	6.92e+04	1.00	10004	346369758	3.46e+04	0.00
8227	Random	IS-MCTS	5	0	5	75	5204388	6.94e+04	1.00	4344	164243665	3.78e+04	0.00
8228	Random	IS-MCTS	0	3	3	93	6524635	7.02e+04	0.00	9019	310626495	3.44e+04	1.00
8229	Random	IS-MCTS	4	0	4	83	5165849	6.22e+04	1.00	4562	173719999	3.81e+04	0.00
8230	Random	IS-MCTS	0	1	1	99	7071711	7.14e+04	0.00	15349	497475229	3.24e+04	1.00
8231	Random	IS-MCTS	0	1	1	97	6816038	7.03e+04	0.00	10109	349403700	3.46e+04	1.00
8232	Random	IS-MCTS	0	2	2	96	6837813	7.12e+04	0.00	11687	403558654	3.45e+04	1.00
8233	Random	IS-MCTS	2	0	2	92	6226907	6.77e+04	1.00	7389	267752517	3.62e+04	0.00
8234	Random	IS-MCTS	1	0	1	98	7106254	7.25e+04	1.00	11843	398089124	3.36e+04	0.00
8235	Random	IS-MCTS	0	2	2	98	7035647	7.18e+04	0.00	10460	362533431	3.47e+04	1.00
8236	Random	IS-MCTS	0	1	1	98	7023567	7.17e+04	0.00	16427	521952588	3.18e+04	1.00
8237	Random	IS-MCTS	0	3	3	91	6158446	6.77e+04	0.00	8503	296888574	3.49e+04	1.00
8238	Random	IS-MCTS	1	0	1	96	6657357	6.93e+04	1.00	11398	391178694	3.43e+04	0.00
8239	Random	IS-MCTS	1	0	1	95	6477537	6.82e+04	1.00	11020	374802024	3.40e+04	0.00
8240	Random	IS-MCTS	1	0	1	98	7012025	7.16e+04	1.00	11097	372223981	3.35e+04	0.00
8241	Random	IS-MCTS	1	0	1	99	6618166	6.69e+04	1.00	13789	463289493	3.36e+04	0.00
8242	Random	IS-MCTS	0	1	1	96	6777358	7.06e+04	0.00	13385	443658329	3.31e+04	1.00
8243	Random	IS-MCTS	3	0	3	88	6117630	6.95e+04	1.00	5622	209992735	3.74e+04	0.00
8244	Random	IS-MCTS	3	0	3	94	6785302	7.22e+04	1.00	6898	246486079	3.57e+04	0.00
8245	Random	IS-MCTS	0	1	1	96	6640075	6.92e+04	0.00	11067	383753597	3.47e+04	1.00
8246	Random	IS-MCTS	1	0	1	97	6810831	7.02e+04	1.00	10938	366716506	3.35e+04	0.00
8247	Random	IS-MCTS	2	0	2	87	6079558	6.99e+04	1.00	6610	241989804	3.66e+04	0.00
8248	Random	IS-MCTS	1	0	1	98	6889185	7.03e+04	1.00	8784	301783155	3.44e+04	0.00
8249	Random	IS-MCTS	0	1	1	98	6944629	7.09e+04	0.00	13289	440020484	3.31e+04	1.00
8250	Random	IS-MCTS	2	0	2	93	6073763	6.53e+04	1.00	8954	318294057	3.55e+04	0.00
8251	Random	IS-MCTS	0	2	2	90	6047949	6.72e+04	0.00	7012	250912624	3.58e+04	1.00
8252	Random	IS-MCTS	0	1	1	95	6680226	7.03e+04	0.00	12388	422589305	3.41e+04	1.00
8253	Random	IS-MCTS	0	2	2	91	6454793	7.09e+04	0.00	8904	313675488	3.52e+04	1.00
8254	Random	IS-MCTS	0	3	3	92	6185784	6.72e+04	0.00	8293	294493856	3.55e+04	1.00
8255	Random	IS-MCTS	0	1	1	98	6680629	6.82e+04	0.00	12597	424481177	3.37e+04	1.00
8256	Random	IS-MCTS	0	1	1	97	6792492	7.00e+04	0.00	11700	387523035	3.31e+04	1.00
8257	Random	IS-MCTS	0	1	1	98	6810826	6.95e+04	0.00	16121	517373129	3.21e+04	1.00
8258	Random	IS-MCTS	3	0	3	97	6874760	7.09e+04	1.00	9113	343275083	3.77e+04	0.00
8259	Random	IS-MCTS	0	1	1	98	6788279	6.93e+04	0.00	13692	451668838	3.30e+04	1.00
8260	Random	IS-MCTS	1	0	1	99	6893962	6.96e+04	1.00	15077	487468317	3.23e+04	0.00
8261	Random	IS-MCTS	2	0	2	96	6822997	7.11e+04	1.00	8849	312117032	3.53e+04	0.00
8262	Random	IS-MCTS	0	1	1	94	6441400	6.85e+04	0.00	8712	339058691	3.89e+04	1.00
8263	Random	IS-MCTS	0	1	1	92	6444102	7.00e+04	0.00	9089	314415387	3.46e+04	1.00
8264	Random	IS-MCTS	1	0	1	96	6819777	7.10e+04	1.00	10511	355182026	3.38e+04	0.00
8265	Random	IS-MCTS	0	1	1	92	6218440	6.76e+04	0.00	9606	333444256	3.47e+04	1.00
8266	Random	IS-MCTS	0	1	1	90	6227668	6.92e+04	0.00	8846	310568956	3.51e+04	1.00
8267	Random	IS-MCTS	0	2	2	74	4589527	6.20e+04	0.00	6394	231426701	3.62e+04	1.00
8268	Random	IS-MCTS	1	0	1	95	6700377	7.05e+04	1.00	12983	437018307	3.37e+04	0.00
8269	Random	IS-MCTS	3	0	3	81	5724191	7.07e+04	1.00	4583	173435804	3.78e+04	0.00
8270	Random	IS-MCTS	2	0	2	94	6465374	6.88e+04	1.00	9047	313968614	3.47e+04	0.00
8271	Random	IS-MCTS	0	2	2	94	6466114	6.88e+04	0.00	8932	312071237	3.49e+04	1.00
8272	Random	IS-MCTS	0	2	2	96	6662878	6.94e+04	0.00	8786	306205468	3.49e+04	1.00
8273	Random	IS-MCTS	1	0	1	98	7043030	7.19e+04	1.00	15118	508402960	3.36e+04	0.00
8274	Random	IS-MCTS	1	0	1	92	6365218	6.92e+04	1.00	8388	295146277	3.52e+04	0.00
8275	Random	IS-MCTS	0	1	1	94	6456118	6.87e+04	0.00	11659	474588352	4.07e+04	1.00
8276	Random	IS-MCTS	5	0	5	84	5890703	7.01e+04	1.00	4838	180512153	3.73e+04	0.00
8277	Random	IS-MCTS	1	0	1	97	6764249	6.97e+04	1.00	8505	297500501	3.50e+04	0.00
8278	Random	IS-MCTS	3	0	3	82	5852857	7.14e+04	1.00	4672	176067738	3.77e+04	0.00
8279	Random	IS-MCTS	2	0	2	92	6451682	7.01e+04	1.00	6212	226251802	3.64e+04	0.00
8280	Random	IS-MCTS	0	1	1	96	6602184	6.88e+04	0.00	11823	398357029	3.37e+04	1.00
8281	Random	IS-MCTS	1	0	1	95	6136644	6.46e+04	1.00	8621	316204405	3.67e+04	0.00
8282	Random	IS-MCTS	0	1	1	87	5959212	6.85e+04	0.00	6610	239558994	3.62e+04	1.00
8283	Random	IS-MCTS	0	1	1	83	5866476	7.07e+04	0.00	6700	245518753	3.66e+04	1.00
8284	Random	IS-MCTS	0	1	1	97	6784219	6.99e+04	0.00	14594	473025296	3.24e+04	1.00
8285	Random	IS-MCTS	1	0	1	96	6676766	6.95e+04	1.00	11520	386418660	3.35e+04	0.00
8286	Random	IS-MCTS	0	1	1	96	6610164	6.89e+04	0.00	11972	390070956	3.26e+04	1.00
8287	Random	IS-MCTS	0	2	2	90	6245715	6.94e+04	0.00	7591	273524839	3.60e+04	1.00
8288	Random	IS-MCTS	2	0	2	89	6265991	7.04e+04	1.00	7924	283703661	3.58e+04	0.00
8289	Random	IS-MCTS	0	1	1	94	6837384	7.27e+04	0.00	15411	523975412	3.40e+04	1.00
8290	Random	IS-MCTS	3	0	3	86	6172364	7.18e+04	1.00	5517	205113053	3.72e+04	0.00
8291	Random	IS-MCTS	2	0	2	94	6680142	7.11e+04	1.00	7847	282057307	3.59e+04	0.00
8292	Random	IS-MCTS	0	1	1	97	6864418	7.08e+04	0.00	10487	350788219	3.34e+04	1.00
8293	Random	IS-MCTS	1	0	1	90	6399596	7.11e+04	1.00	8270	297042950	3.59e+04	0.00
8294	Random	IS-MCTS	0	4	4	92	6330677	6.88e+04	0.00	7497	261991713	3.49e+04	1.00
8295	Random	IS-MCTS	2	0	2	92	6248388	6.79e+04	1.00	6859	251961450	3.67e+04	0.00
8296	Random	IS-MCTS	0	1	1	96	6782954	7.07e+04	0.00	9838	331393949	3.37e+04	1.00
8297	Random	IS-MCTS	0	1	1	87	6032318	6.93e+04	0.00	5748	210175847	3.66e+04	1.00
8298	Random	IS-MCTS	1	0	1	94	6434174	6.84e+04	1.00	7819	278529985	3.56e+04	0.00
8299	Random	IS-MCTS	1	0	1	97	6535901	6.74e+04	1.00	12749	427512208	3.35e+04	0.00
8300	Random	IS-MCTS	1	0	1	99	7215539	7.29e+04	1.00	16056	518630922	3.23e+04	0.00
8301	Random	IS-MCTS	0	1	1	94	6425245	6.84e+04	0.00	10419	360935351	3.46e+04	1.00
8302	Random	IS-MCTS	0	2	2	86	5993343	6.97e+04	0.00	6017	217115153	3.61e+04	1.00
8303	Random	IS-MCTS	2	0	2	91	6471348	7.11e+04	1.00	6468	236830020	3.66e+04	0.00
8304	Random	IS-MCTS	0	2	2	92	5758017	6.26e+04	0.00	7069	253160303	3.58e+04	1.00
8305	Random	IS-MCTS	4	0	4	79	5606571	7.10e+04	1.00	4020	154328205	3.84e+04	0.00
8306	Random	IS-MCTS	0	2	2	93	6609154	7.11e+04	0.00	10166	354004830	3.48e+04	1.00
8307	Random	IS-MCTS	1	0	1	97	6691697	6.90e+04	1.00	12238	413461362	3.38e+04	0.00
8308	Random	IS-MCTS	0	1	1	94	6293781	6.70e+04	0.00	10888	378307709	3.47e+04	1.00
8309	Random	IS-MCTS	4	0	4	88	6163177	7.00e+04	1.00	5562	207665078	3.73e+04	0.00
8310	Random	IS-MCTS	0	1	1	83	5831112	7.03e+04	0.00	9054	317606537	3.51e+04	1.00
8311	Random	IS-MCTS	1	0	1	97	6857554	7.07e+04	1.00	15621	516896380	3.31e+04	0.00
8312	Random	IS-MCTS	0	2	2	92	6506043	7.07e+04	0.00	8662	305325651	3.52e+04	1.00
8313	Random	IS-MCTS	5	0	5	90	5628570	6.25e+04	1.00	7030	253729484	3.61e+04	0.00
8314	Random	IS-MCTS	4	0	4	88	6463087	7.34e+04	1.00	5897	214102333	3.63e+04	0.00
8315	Random	IS-MCTS	0	1	1	98	6646014	6.78e+04	0.00	14398	477554730	3.32e+04	1.00
8316	Random	IS-MCTS	0	1	1	97	6836075	7.05e+04	0.00	12861	416792349	3.24e+04	1.00
8317	Random	IS-MCTS	2	0	2	85	5954768	7.01e+04	1.00	5533	204937476	3.70e+04	0.00
8318	Random	IS-MCTS	0	2	2	90	6356328	7.06e+04	0.00	8066	287785784	3.57e+04	1.00
8319	Random	IS-MCTS	3	0	3	88	6269934	7.12e+04	1.00	5724	211200650	3.69e+04	0.00
8320	Random	IS-MCTS	0	7	7	83	5942440	7.16e+04	0.00	5291	195483395	3.69e+04	1.00
8321	Random	IS-MCTS	1	0	1	96	6923645	7.21e+04	1.00	12911	441920545	3.42e+04	0.00
8322	Random	IS-MCTS	0	1	1	92	6330695	6.88e+04	0.00	17093	570075077	3.34e+04	1.00
8323	Random	IS-MCTS	4	0	4	81	5750290	7.10e+04	1.00	4469	167037794	3.74e+04	0.00
8324	Random	IS-MCTS	0	2	2	92	6419771	6.98e+04	0.00	7292	263227458	3.61e+04	1.00
8325	Random	IS-MCTS	0	1	1	97	6806757	7.02e+04	0.00	15197	498815130	3.28e+04	1.00
8326	Random	IS-MCTS	0	2	2	81	5722457	7.06e+04	0.00	6586	242693082	3.68e+04	1.00
8327	Random	IS-MCTS	0	3	3	85	6010703	7.07e+04	0.00	6433	234567085	3.65e+04	1.00
8328	Random	IS-MCTS	2	0	2	93	6324396	6.80e+04	1.00	7607	266750913	3.51e+04	0.00
8329	Random	IS-MCTS	0	1	1	90	6206456	6.90e+04	0.00	8525	298878350	3.51e+04	1.00
8330	Random	IS-MCTS	0	1	1	91	6397123	7.03e+04	0.00	11630	400832819	3.45e+04	1.00
8331	Random	IS-MCTS	0	1	1	87	5895027	6.78e+04	0.00	6273	228690542	3.65e+04	1.00
8332	Random	IS-MCTS	0	2	2	81	5787066	7.14e+04	0.00	5395	200398260	3.71e+04	1.00
8333	Random	IS-MCTS	1	0	1	98	6797428	6.94e+04	1.00	11706	392459290	3.35e+04	0.00
8334	Random	IS-MCTS	0	1	1	94	6431398	6.84e+04	0.00	14927	508894430	3.41e+04	1.00
8335	Random	IS-MCTS	3	0	3	93	6422264	6.91e+04	1.00	7586	274796367	3.62e+04	0.00
8336	Random	IS-MCTS	5	0	5	89	5775664	6.49e+04	1.00	5929	219482742	3.70e+04	0.00
8337	Random	IS-MCTS	1	0	1	99	6811785	6.88e+04	1.00	19386	622954017	3.21e+04	0.00
8338	Random	IS-MCTS	1	0	1	91	6475765	7.12e+04	1.00	7538	270083462	3.58e+04	0.00
8339	Random	IS-MCTS	4	0	4	89	6279486	7.06e+04	1.00	6280	232596210	3.70e+04	0.00
8340	Random	IS-MCTS	2	0	2	86	6018200	7.00e+04	1.00	6120	282462340	4.62e+04	0.00
8341	Random	IS-MCTS	2	0	2	83	5785374	6.97e+04	1.00	7043	256975646	3.65e+04	0.00
8342	Random	IS-MCTS	0	1	1	99	6915046	6.98e+04	0.00	14920	484530544	3.25e+04	1.00
8343	Random	IS-MCTS	3	0	3	85	5943844	6.99e+04	1.00	5490	206813645	3.77e+04	0.00
8344	Random	IS-MCTS	2	0	2	97	6699737	6.91e+04	1.00	10059	349042790	3.47e+04	0.00
8345	Random	IS-MCTS	0	1	1	96	6622016	6.90e+04	0.00	12856	442308873	3.44e+04	1.00
8346	Random	IS-MCTS	0	1	1	98	6870304	7.01e+04	0.00	12740	419961411	3.30e+04	1.00
8347	Random	IS-MCTS	0	3	3	96	6755870	7.04e+04	0.00	11149	378633587	3.40e+04	1.00
8348	Random	IS-MCTS	1	0	1	96	6990724	7.28e+04	1.00	16274	539717808	3.32e+04	0.00
8349	Random	IS-MCTS	2	0	2	92	5611027	6.10e+04	1.00	6779	247404572	3.65e+04	0.00
8350	Random	IS-MCTS	0	1	1	93	6571748	7.07e+04	0.00	9291	325503695	3.50e+04	1.00
8351	Random	IS-MCTS	0	4	4	85	5997569	7.06e+04	0.00	6140	225855700	3.68e+04	1.00
8352	Random	IS-MCTS	1	0	1	98	6868547	7.01e+04	1.00	12880	420401857	3.26e+04	0.00
8353	Random	IS-MCTS	0	2	2	79	5659142	7.16e+04	0.00	5998	215640382	3.60e+04	1.00
8354	Random	IS-MCTS	0	1	1	95	5976148	6.29e+04	0.00	11003	374103713	3.40e+04	1.00
8355	Random	IS-MCTS	0	3	3	82	5913281	7.21e+04	0.00	6728	244441437	3.63e+04	1.00
8356	Random	IS-MCTS	0	5	5	82	6026358	7.35e+04	0.00	5061	186883738	3.69e+04	1.00
8357	Random	IS-MCTS	0	2	2	87	6214160	7.14e+04	0.00	7151	260206108	3.64e+04	1.00
8358	Random	IS-MCTS	4	0	4	87	6110932	7.02e+04	1.00	5421	196595100	3.63e+04	0.00
8359	Random	IS-MCTS	0	1	1	96	6452127	6.72e+04	0.00	13162	455959574	3.46e+04	1.00
8360	Random	IS-MCTS	0	1	1	93	6704521	7.21e+04	0.00	8331	291860960	3.50e+04	1.00
8361	Random	IS-MCTS	1	0	1	100	7052578	7.05e+04	1.00	20675	665019516	3.22e+04	0.00
8362	Random	IS-MCTS	0	3	3	83	5714686	6.89e+04	0.00	6180	226120140	3.66e+04	1.00
8363	Random	IS-MCTS	0	2	2	89	6142610	6.90e+04	0.00	6537	237466779	3.63e+04	1.00
8364	Random	IS-MCTS	6	0	6	75	5299925	7.07e+04	1.00	3531	134329203	3.80e+04	0.00
8365	Random	IS-MCTS	1	0	1	99	6990715	7.06e+04	1.00	13229	437501252	3.31e+04	0.00
8366	Random	IS-MCTS	0	2	2	91	6345286	6.97e+04	0.00	8665	305109426	3.52e+04	1.00
8367	Random	IS-MCTS	0	3	3	89	6408297	7.20e+04	0.00	6852	250820264	3.66e+04	1.00
8368	Random	IS-MCTS	0	2	2	90	6102603	6.78e+04	0.00	7287	256257394	3.52e+04	1.00
8369	Random	IS-MCTS	3	0	3	94	6731012	7.16e+04	1.00	7143	256107203	3.59e+04	0.00
8370	Random	IS-MCTS	0	1	1	96	6739951	7.02e+04	0.00	9890	341590930	3.45e+04	1.00
8371	Random	IS-MCTS	0	3	3	92	6590577	7.16e+04	0.00	7117	259555585	3.65e+04	1.00
8372	Random	IS-MCTS	0	1	1	96	6642713	6.92e+04	0.00	9655	330003084	3.42e+04	1.00
8373	Random	IS-MCTS	1	0	1	91	6077810	6.68e+04	1.00	6941	249071939	3.59e+04	0.00
8374	Random	IS-MCTS	1	0	1	91	6455387	7.09e+04	1.00	7951	280327179	3.53e+04	0.00
8375	Random	IS-MCTS	0	1	1	99	6990409	7.06e+04	0.00	13885	460122777	3.31e+04	1.00
8376	Random	IS-MCTS	0	3	3	68	4766314	7.01e+04	0.00	9854	348699349	3.54e+04	1.00
8377	Random	IS-MCTS	1	0	1	96	6636398	6.91e+04	1.00	11073	402757973	3.64e+04	0.00
8378	Random	IS-MCTS	1	0	1	99	6850607	6.92e+04	1.00	12010	390851378	3.25e+04	0.00
8379	Random	IS-MCTS	2	0	2	99	6971747	7.04e+04	1.00	10368	354421782	3.42e+04	0.00
8380	Random	IS-MCTS	2	0	2	95	6638259	6.99e+04	1.00	8669	303086868	3.50e+04	0.00
8381	Random	IS-MCTS	2	0	2	91	6630457	7.29e+04	1.00	7896	279897460	3.54e+04	0.00
8382	Random	IS-MCTS	1	0	1	93	6142271	6.60e+04	1.00	8676	312064861	3.60e+04	0.00
8383	Random	IS-MCTS	0	1	1	98	6830126	6.97e+04	0.00	14134	480015888	3.40e+04	1.00
8384	Random	IS-MCTS	0	1	1	96	6720244	7.00e+04	0.00	16081	525623471	3.27e+04	1.00
8385	Random	IS-MCTS	0	2	2	91	6364358	6.99e+04	0.00	8173	294093695	3.60e+04	1.00
8386	Random	IS-MCTS	0	1	1	97	6001067	6.19e+04	0.00	14824	489848703	3.30e+04	1.00
8387	Random	IS-MCTS	0	1	1	96	6778811	7.06e+04	0.00	12251	409735024	3.34e+04	1.00
8388	Random	IS-MCTS	1	0	1	91	6274856	6.90e+04	1.00	8515	302055868	3.55e+04	0.00
8389	Random	IS-MCTS	0	1	1	97	6747480	6.96e+04	0.00	14350	469157869	3.27e+04	1.00
8390	Random	IS-MCTS	1	0	1	98	6470991	6.60e+04	1.00	18193	596986627	3.28e+04	0.00
8391	Random	IS-MCTS	3	0	3	88	6262467	7.12e+04	1.00	6027	222024735	3.68e+04	0.00
8392	Random	IS-MCTS	2	0	2	92	6381215	6.94e+04	1.00	6573	232101401	3.53e+04	0.00
8393	Random	IS-MCTS	0	1	1	99	7018995	7.09e+04	0.00	16031	515958507	3.22e+04	1.00
8394	Random	IS-MCTS	1	0	1	98	6153298	6.28e+04	1.00	11768	398223364	3.38e+04	0.00
8395	Random	IS-MCTS	5	0	5	82	5958500	7.27e+04	1.00	4189	160169336	3.82e+04	0.00
8396	Random	IS-MCTS	0	2	2	91	6352631	6.98e+04	0.00	9391	329709454	3.51e+04	1.00
8397	Random	IS-MCTS	0	1	1	96	6739270	7.02e+04	0.00	12350	412151614	3.34e+04	1.00
8398	Random	IS-MCTS	1	0	1	96	6376448	6.64e+04	1.00	14086	479429721	3.40e+04	0.00
8399	Random	IS-MCTS	1	0	1	100	6877149	6.88e+04	1.00	16972	540527723	3.18e+04	0.00
8400	Random	IS-MCTS	1	0	1	98	6878301	7.02e+04	1.00	12832	431373796	3.36e+04	0.00
8401	Random	IS-MCTS	3	0	3	96	6824263	7.11e+04	1.00	8136	286760406	3.52e+04	0.00
8402	Random	IS-MCTS	1	0	1	98	6342306	6.47e+04	1.00	10908	366982972	3.36e+04	0.00
8403	Random	IS-MCTS	0	1	1	91	6680010	7.34e+04	0.00	15908	537612617	3.38e+04	1.00
8404	Random	IS-MCTS	0	1	1	89	6274036	7.05e+04	0.00	9280	321824482	3.47e+04	1.00
8405	Random	IS-MCTS	0	1	1	90	6158764	6.84e+04	0.00	7683	273527630	3.56e+04	1.00
8406	Random	IS-MCTS	2	0	2	88	5485738	6.23e+04	1.00	7373	265589630	3.60e+04	0.00
8407	Random	IS-MCTS	0	3	3	85	5976820	7.03e+04	0.00	6724	240840070	3.58e+04	1.00
8408	Random	IS-MCTS	2	0	2	89	6296425	7.07e+04	1.00	5937	217771211	3.67e+04	0.00
8409	Random	IS-MCTS	1	0	1	94	6614334	7.04e+04	1.00	7500	273006600	3.64e+04	0.00
8410	Random	IS-MCTS	0	2	2	90	6365080	7.07e+04	0.00	9071	323066032	3.56e+04	1.00
8411	Random	IS-MCTS	0	1	1	99	6569904	6.64e+04	0.00	14492	479415439	3.31e+04	1.00
8412	Random	IS-MCTS	0	1	1	96	6638652	6.92e+04	0.00	12033	398715496	3.31e+04	1.00
8413	Random	IS-MCTS	2	0	2	94	6513774	6.93e+04	1.00	7273	263368188	3.62e+04	0.00
8414	Random	IS-MCTS	1	0	1	90	6270363	6.97e+04	1.00	7714	268413284	3.48e+04	0.00
8415	Random	IS-MCTS	1	0	1	99	6851800	6.92e+04	1.00	13582	474701631	3.50e+04	0.00
8416	Random	IS-MCTS	0	1	1	98	6960016	7.10e+04	0.00	13027	431843004	3.31e+04	1.00
8417	Random	IS-MCTS	0	3	3	82	5725062	6.98e+04	0.00	6972	251496076	3.61e+04	1.00
8418	Random	IS-MCTS	2	0	2	90	6126123	6.81e+04	1.00	7357	263371525	3.58e+04	0.00
8419	Random	IS-MCTS	0	1	1	94	6634634	7.06e+04	0.00	10118	386813397	3.82e+04	1.00
8420	Random	IS-MCTS	1	0	1	88	6261326	7.12e+04	1.00	12652	431079298	3.41e+04	0.00
8421	Random	IS-MCTS	0	2	2	89	6214817	6.98e+04	0.00	10274	361272142	3.52e+04	1.00
8422	Random	IS-MCTS	0	3	3	96	6686707	6.97e+04	0.00	9472	334121919	3.53e+04	1.00
8423	Random	IS-MCTS	2	0	2	81	5772441	7.13e+04	1.00	5185	192278219	3.71e+04	0.00
8424	Random	IS-MCTS	1	0	1	97	6381559	6.58e+04	1.00	12798	429327093	3.35e+04	0.00
8425	Random	IS-MCTS	1	0	1	88	6326220	7.19e+04	1.00	9882	347447251	3.52e+04	0.00
8426	Random	IS-MCTS	1	0	1	97	6626021	6.83e+04	1.00	10470	349805070	3.34e+04	0.00
8427	Random	IS-MCTS	1	0	1	98	6898175	7.04e+04	1.00	17529	587276281	3.35e+04	0.00
8428	Random	IS-MCTS	0	1	1	94	6598466	7.02e+04	0.00	10228	348435748	3.41e+04	1.00
8429	Random	IS-MCTS	0	3	3	95	6627612	6.98e+04	0.00	8198	294774352	3.60e+04	1.00
8430	Random	IS-MCTS	0	1	1	99	6932774	7.00e+04	0.00	15960	506596719	3.17e+04	1.00
8431	Random	IS-MCTS	0	1	1	89	6173259	6.94e+04	0.00	8781	311266662	3.54e+04	1.00
8432	Random	IS-MCTS	0	1	1	93	5728030	6.16e+04	0.00	9313	319693527	3.43e+04	1.00
8433	Random	IS-MCTS	2	0	2	88	5932640	6.74e+04	1.00	6352	233808913	3.68e+04	0.00
8434	Random	IS-MCTS	1	0	1	97	6940931	7.16e+04	1.00	9481	327522534	3.45e+04	0.00
8435	Random	IS-MCTS	0	1	1	86	6232167	7.25e+04	0.00	6938	250857180	3.62e+04	1.00
8436	Random	IS-MCTS	2	0	2	91	6508543	7.15e+04	1.00	8318	296435238	3.56e+04	0.00
8437	Random	IS-MCTS	0	1	1	94	6483811	6.90e+04	0.00	10837	371137884	3.42e+04	1.00
8438	Random	IS-MCTS	0	3	3	89	6375903	7.16e+04	0.00	10852	377025076	3.47e+04	1.00
8439	Random	IS-MCTS	0	4	4	87	6268478	7.21e+04	0.00	6042	224682416	3.72e+04	1.00
8440	Random	IS-MCTS	1	0	1	89	6118370	6.87e+04	1.00	6689	241380951	3.61e+04	0.00
8441	Random	IS-MCTS	5	0	5	72	5206436	7.23e+04	1.00	3527	137624669	3.90e+04	0.00
8442	Random	IS-MCTS	2	0	2	98	6123596	6.25e+04	1.00	10839	382839097	3.53e+04	0.00
8443	Random	IS-MCTS	1	0	1	94	6688476	7.12e+04	1.00	13159	443437393	3.37e+04	0.00
8444	Random	IS-MCTS	0	1	1	96	6727553	7.01e+04	0.00	13132	434140529	3.31e+04	1.00
8445	Random	IS-MCTS	3	0	3	93	6507426	7.00e+04	1.00	6518	236676066	3.63e+04	0.00
8446	Random	IS-MCTS	3	0	3	96	6017381	6.27e+04	1.00	8406	292310445	3.48e+04	0.00
8447	Random	IS-MCTS	1	0	1	97	6768219	6.98e+04	1.00	9769	339822201	3.48e+04	0.00
8448	Random	IS-MCTS	1	0	1	96	6697631	6.98e+04	1.00	10264	347964640	3.39e+04	0.00
8449	Random	IS-MCTS	2	0	2	96	6605836	6.88e+04	1.00	8137	286201409	3.52e+04	0.00
8450	Random	IS-MCTS	0	1	1	99	6716606	6.78e+04	0.00	16425	529041849	3.22e+04	1.00
8451	Random	IS-MCTS	0	1	1	94	6797558	7.23e+04	0.00	10046	352395916	3.51e+04	1.00
8452	Random	IS-MCTS	0	1	1	99	6854306	6.92e+04	0.00	17336	568241870	3.28e+04	1.00
8453	Random	IS-MCTS	0	1	1	89	6226515	7.00e+04	0.00	6522	238278977	3.65e+04	1.00
8454	Random	IS-MCTS	0	2	2	82	5618480	6.85e+04	0.00	6441	232636904	3.61e+04	1.00
8455	Random	IS-MCTS	0	1	1	83	5980844	7.21e+04	0.00	7025	256876410	3.66e+04	1.00
8456	Random	IS-MCTS	0	3	3	97	6921438	7.14e+04	0.00	11521	391619617	3.40e+04	1.00
8457	Random	IS-MCTS	0	2	2	93	6410825	6.89e+04	0.00	7887	276887089	3.51e+04	1.00
8458	Random	IS-MCTS	0	1	1	94	6477643	6.89e+04	0.00	14831	489096447	3.30e+04	1.00
8459	Random	IS-MCTS	1	0	1	98	6397126	6.53e+04	1.00	17435	581520441	3.34e+04	0.00
8460	Random	IS-MCTS	1	0	1	90	6383184	7.09e+04	1.00	7839	274513169	3.50e+04	0.00
8461	Random	IS-MCTS	3	0	3	95	6668132	7.02e+04	1.00	7468	265989649	3.56e+04	0.00
8462	Random	IS-MCTS	1	0	1	96	6841946	7.13e+04	1.00	10022	343174365	3.42e+04	0.00
8463	Random	IS-MCTS	1	0	1	91	5642040	6.20e+04	1.00	8932	313079794	3.51e+04	0.00
8464	Random	IS-MCTS	1	0	1	92	6625732	7.20e+04	1.00	9689	335310393	3.46e+04	0.00
8465	Random	IS-MCTS	3	0	3	85	5982808	7.04e+04	1.00	5636	211159900	3.75e+04	0.00
8466	Random	IS-MCTS	1	0	1	100	7024659	7.02e+04	1.00	15994	513865094	3.21e+04	0.00
8467	Random	IS-MCTS	0	1	1	85	5937035	6.98e+04	0.00	5662	228362998	4.03e+04	1.00
8468	Random	IS-MCTS	0	1	1	95	6496363	6.84e+04	0.00	10914	368455708	3.38e+04	1.00
8469	Random	IS-MCTS	1	0	1	92	6539322	7.11e+04	1.00	8707	302485969	3.47e+04	0.00
8470	Random	IS-MCTS	2	0	2	93	6656663	7.16e+04	1.00	8244	291557800	3.54e+04	0.00
8471	Random	IS-MCTS	0	1	1	87	6177234	7.10e+04	0.00	6286	231881625	3.69e+04	1.00
8472	Random	IS-MCTS	0	1	1	90	6083642	6.76e+04	0.00	8513	325747293	3.83e+04	1.00
8473	Random	IS-MCTS	0	4	4	76	5490900	7.22e+04	0.00	6488	237389736	3.66e+04	1.00
8474	Random	IS-MCTS	2	0	2	87	6227446	7.16e+04	1.00	6341	230013004	3.63e+04	0.00
8475	Random	IS-MCTS	1	0	1	91	6600613	7.25e+04	1.00	11130	391795391	3.52e+04	0.00
8476	Random	IS-MCTS	0	7	7	74	5130698	6.93e+04	0.00	7528	266976491	3.55e+04	1.00
8477	Random	IS-MCTS	1	0	1	94	6378202	6.79e+04	1.00	7876	280086487	3.56e+04	0.00
8478	Random	IS-MCTS	1	0	1	94	6549495	6.97e+04	1.00	14532	487284063	3.35e+04	0.00
8479	Random	IS-MCTS	1	0	1	97	6861346	7.07e+04	1.00	9512	328735288	3.46e+04	0.00
8480	Random	IS-MCTS	0	1	1	95	6730388	7.08e+04	0.00	12698	428083476	3.37e+04	1.00
8481	Random	IS-MCTS	0	1	1	99	6938885	7.01e+04	0.00	15863	507704525	3.20e+04	1.00
8482	Random	IS-MCTS	0	1	1	97	6819668	7.03e+04	0.00	12138	405499595	3.34e+04	1.00
8483	Random	IS-MCTS	3	0	3	91	6377203	7.01e+04	1.00	6731	242808639	3.61e+04	0.00
8484	Random	IS-MCTS	2	0	2	86	6172788	7.18e+04	1.00	6626	238185631	3.59e+04	0.00
8485	Random	IS-MCTS	4	0	4	82	5748086	7.01e+04	1.00	4676	173506876	3.71e+04	0.00
8486	Random	IS-MCTS	0	2	2	98	6250165	6.38e+04	0.00	11542	386959810	3.35e+04	1.00
8487	Random	IS-MCTS	1	0	1	89	6451479	7.25e+04	1.00	7199	260991692	3.63e+04	0.00
8488	Random	IS-MCTS	2	0	2	91	6433358	7.07e+04	1.00	6810	244479147	3.59e+04	0.00
8489	Random	IS-MCTS	0	2	2	84	6008054	7.15e+04	0.00	5852	215367158	3.68e+04	1.00
8490	Random	IS-MCTS	5	0	5	82	5899686	7.19e+04	1.00	5060	186631805	3.69e+04	0.00
8491	Random	IS-MCTS	0	1	1	87	5933482	6.82e+04	0.00	7167	275844741	3.85e+04	1.00
8492	Random	IS-MCTS	1	0	1	96	6888810	7.18e+04	1.00	10534	364036050	3.46e+04	0.00
8493	Random	IS-MCTS	0	1	1	94	6631675	7.05e+04	0.00	12809	428336967	3.34e+04	1.00
8494	Random	IS-MCTS	3	0	3	91	6285506	6.91e+04	1.00	6779	246529140	3.64e+04	0.00
8495	Random	IS-MCTS	0	4	4	87	6015579	6.91e+04	0.00	5422	199602041	3.68e+04	1.00
8496	Random	IS-MCTS	0	1	1	95	6019485	6.34e+04	0.00	12705	423460802	3.33e+04	1.00
8497	Random	IS-MCTS	0	2	2	92	6594990	7.17e+04	0.00	6795	244186741	3.59e+04	1.00
8498	Random	IS-MCTS	0	1	1	92	6595363	7.17e+04	0.00	11195	386767292	3.45e+04	1.00
8499	Random	IS-MCTS	1	0	1	99	6869708	6.94e+04	1.00	16767	540953999	3.23e+04	0.00
8500	Random	IS-MCTS	2	0	2	93	5981466	6.43e+04	1.00	8331	295481598	3.55e+04	0.00
8501	Random	IS-MCTS	2	0	2	89	6184041	6.95e+04	1.00	6078	224284375	3.69e+04	0.00
8502	Random	RMHC	0	2	2	95	6569501	6.92e+04	0.00	95	3257898	3.43e+04	1.00
8503	Random	RMHC	2	0	2	90	6304966	7.01e+04	1.00	89	3123841	3.51e+04	0.00
8504	Random	RMHC	0	1	1	98	6771960	6.91e+04	0.00	98	3411281	3.48e+04	1.00
8505	Random	RMHC	0	2	2	92	6211276	6.75e+04	0.00	92	3225463	3.51e+04	1.00
8506	Random	RMHC	0	1	1	97	6721500	6.93e+04	0.00	97	3370145	3.47e+04	1.00
8507	Random	RMHC	1	0	1	96	6531051	6.80e+04	1.00	95	3288276	3.46e+04	0.00
8508	Random	RMHC	1	0	1	93	6357874	6.84e+04	1.00	92	3200838	3.48e+04	0.00
8509	Random	RMHC	0	3	3	91	6256224	6.87e+04	0.00	91	3122661	3.43e+04	1.00
8510	Random	RMHC	0	1	1	97	6788156	7.00e+04	0.00	97	3322204	3.42e+04	1.00
8511	Random	RMHC	7	0	7	72	5011771	6.96e+04	1.00	71	2431626	3.42e+04	0.00
8512	Random	RMHC	1	0	1	99	6865116	6.93e+04	1.00	98	3381808	3.45e+04	0.00
8513	Random	RMHC	0	1	1	95	6623677	6.97e+04	0.00	95	3265541	3.44e+04	1.00
8514	Random	RMHC	1	0	1	95	6744673	7.10e+04	1.00	94	3256603	3.46e+04	0.00
8515	Random	RMHC	2	0	2	92	6466107	7.03e+04	1.00	91	3161635	3.47e+04	0.00
8516	Random	RMHC	1	0	1	98	6638333	6.77e+04	1.00	97	3312178	3.41e+04	0.00
8517	Random	RMHC	2	0	2	89	6066597	6.82e+04	1.00	88	3056160	3.47e+04	0.00
8518	Random	RMHC	0	1	1	94	6428027	6.84e+04	0.00	94	3258305	3.47e+04	1.00
8519	Random	RMHC	2	0	2	96	6630953	6.91e+04	1.00	95	3290756	3.46e+04	0.00
8520	Random	RMHC	2	0	2	90	6344231	7.05e+04	1.00	89	3097142	3.48e+04	0.00
8521	Random	RMHC	1	0	1	96	6585040	6.86e+04	1.00	95	3330102	3.51e+04	0.00
8522	Random	RMHC	0	1	1	93	6290734	6.76e+04	0.00	93	3186831	3.43e+04	1.00
8523	Random	RMHC	1	0	1	96	6700051	6.98e+04	1.00	95	3275739	3.45e+04	0.00
8524	Random	RMHC	0	1	1	99	6747005	6.82e+04	0.00	99	3391088	3.43e+04	1.00
8525	Random	RMHC	0	1	1	82	5665644	6.91e+04	0.00	82	2820364	3.44e+04	1.00
8526	Random	RMHC	1	0	1	98	7070113	7.21e+04	1.00	97	3415037	3.52e+04	0.00
8527	Random	RMHC	0	3	3	88	6252460	7.11e+04	0.00	88	3058769	3.48e+04	1.00
8528	Random	RMHC	3	0	3	88	6096636	6.93e+04	1.00	87	3016516	3.47e+04	0.00
8529	Random	RMHC	2	0	2	89	6209741	6.98e+04	1.00	88	3047403	3.46e+04	0.00
8530	Random	RMHC	0	1	1	96	6577641	6.85e+04	0.00	96	3343254	3.48e+04	1.00
8531	Random	RMHC	0	1	1	95	6455594	6.80e+04	0.00	95	3277430	3.45e+04	1.00
8532	Random	RMHC	0	2	2	90	6185706	6.87e+04	0.00	90	3097351	3.44e+04	1.00
8533	Random	RMHC	1	0	1	89	6235008	7.01e+04	1.00	88	3077264	3.50e+04	0.00
8534	Random	RMHC	0	1	1	99	7048043	7.12e+04	0.00	99	3396992	3.43e+04	1.00
8535	Random	RMHC	0	7	7	72	5130288	7.13e+04	0.00	72	2484758	3.45e+04	1.00
8536	Random	RMHC	1	0	1	94	6609623	7.03e+04	1.00	93	3237448	3.48e+04	0.00
8537	Random	RMHC	2	0	2	87	5890783	6.77e+04	1.00	86	3004400	3.49e+04	0.00
8538	Random	RMHC	4	0	4	85	5899366	6.94e+04	1.00	84	2920193	3.48e+04	0.00
8539	Random	RMHC	1	0	1	96	6662593	6.94e+04	1.00	95	3286156	3.46e+04	0.00
8540	Random	RMHC	0	2	2	90	6150527	6.83e+04	0.00	90	3098620	3.44e+04	1.00
8541	Random	RMHC	0	3	3	84	5835565	6.95e+04	0.00	84	2952657	3.52e+04	1.00
8542	Random	RMHC	3	0	3	87	6081253	6.99e+04	1.00	86	3009779	3.50e+04	0.00
8543	Random	RMHC	0	2	2	95	6456859	6.80e+04	0.00	95	3297915	3.47e+04	1.00
8544	Random	RMHC	0	1	1	89	6172227	6.94e+04	0.00	89	3080418	3.46e+04	1.00
8545	Random	RMHC	0	3	3	88	6260542	7.11e+04	0.00	88	3111843	3.54e+04	1.00
8546	Random	RMHC	0	3	3	91	6139013	6.75e+04	0.00	91	3125969	3.44e+04	1.00
8547	Random	RMHC	0	3	3	96	6651407	6.93e+04	0.00	96	3341689	3.48e+04	1.00
8548	Random	RMHC	0	1	1	97	6657924	6.86e+04	0.00	97	3353322	3.46e+04	1.00
8549	Random	RMHC	0	7	7	60	4160627	6.93e+04	0.00	60	2080920	3.47e+04	1.00
8550	Random	RMHC	0	2	2	91	6164940	6.77e+04	0.00	91	3105081	3.41e+04	1.00
8551	Random	RMHC	1	0	1	100	6867537	6.87e+04	1.00	99	3448382	3.48e+04	0.00
8552	Random	RMHC	0	4	4	74	5018897	6.78e+04	0.00	74	2582154	3.49e+04	1.00
8553	Random	RMHC	1	0	1	97	6645497	6.85e+04	1.00	96	3308782	3.45e+04	0.00
8554	Random	RMHC	0	4	4	84	5766499	6.86e+04	0.00	84	2894648	3.45e+04	1.00
8555	Random	RMHC	0	1	1	95	6698835	7.05e+04	0.00	95	3339855	3.52e+04	1.00
8556	Random	RMHC	1	0	1	98	6899202	7.04e+04	1.00	97	3376335	3.48e+04	0.00
8557	Random	RMHC	0	6	6	84	5828419	6.94e+04	0.00	84	2946137	3.51e+04	1.00
8558	Random	RMHC	0	2	2	83	5730250	6.90e+04	0.00	83	2886672	3.48e+04	1.00
8559	Random	RMHC	0	2	2	96	6836918	7.12e+04	0.00	96	3324906	3.46e+04	1.00
8560	Random	RMHC	0	2	2	92	6315386	6.86e+04	0.00	92	3169687	3.45e+04	1.00
8561	Random	RMHC	0	2	2	90	6094400	6.77e+04	0.00	90	3114507	3.46e+04	1.00
8562	Random	RMHC	0	1	1	99	6714513	6.78e+04	0.00	99	3419601	3.45e+04	1.00
8563	Random	RMHC	1	0	1	91	6179840	6.79e+04	1.00	90	3161596	3.51e+04	0.00
8564	Random	RMHC	3	0	3	90	6278535	6.98e+04	1.00	89	3072512	3.45e+04	0.00
8565	Random	RMHC	0	2	2	96	6587129	6.86e+04	0.00	96	3345221	3.48e+04	1.00
8566	Random	RMHC	0	1	1	96	6556425	6.83e+04	0.00	96	3259050	3.39e+04	1.00
8567	Random	RMHC	3	0	3	87	5890417	6.77e+04	1.00	86	2991608	3.48e+04	0.00
8568	Random	RMHC	0	1	1	97	6706501	6.91e+04	0.00	97	3358536	3.46e+04	1.00
8569	Random	RMHC	1	0	1	96	6676070	6.95e+04	1.00	95	3275961	3.45e+04	0.00
8570	Random	RMHC	0	2	2	87	6128760	7.04e+04	0.00	87	3065254	3.52e+04	1.00
8571	Random	RMHC	1	0	1	92	6330114	6.88e+04	1.00	91	3182740	3.50e+04	0.00
8572	Random	RMHC	2	0	2	87	6030870	6.93e+04	1.00	86	2988976	3.48e+04	0.00
8573	Random	RMHC	0	2	2	94	6609870	7.03e+04	0.00	94	3296335	3.51e+04	1.00
8574	Random	RMHC	0	1	1	97	6980670	7.20e+04	0.00	97	3427549	3.53e+04	1.00
8575	Random	RMHC	1	0	1	99	7056572	7.13e+04	1.00	98	3411550	3.48e+04	0.00
8576	Random	RMHC	0	1	1	95	6730747	7.08e+04	0.00	95	3298291	3.47e+04	1.00
8577	Random	RMHC	0	1	1	96	6797868	7.08e+04	0.00	96	3361138	3.50e+04	1.00
8578	Random	RMHC	0	3	3	89	6333590	7.12e+04	0.00	89	3107240	3.49e+04	1.00
8579	Random	RMHC	0	1	1	95	6484628	6.83e+04	0.00	95	3309146	3.48e+04	1.00
8580	Random	RMHC	1	0	1	93	6332962	6.81e+04	1.00	92	3139068	3.41e+04	0.00
8581	Random	RMHC	1	0	1	95	6491989	6.83e+04	1.00	94	3272619	3.48e+04	0.00
8582	Random	RMHC	1	0	1	98	6801383	6.94e+04	1.00	97	3352869	3.46e+04	0.00
8583	Random	RMHC	0	1	1	98	6789267	6.93e+04	0.00	98	3429817	3.50e+04	1.00
8584	Random	RMHC	1	0	1	97	6699662	6.91e+04	1.00	96	3264518	3.40e+04	0.00
8585	Random	RMHC	0	1	1	96	6645887	6.92e+04	0.00	96	3366167	3.51e+04	1.00
8586	Random	RMHC	3	0	3	90	6242660	6.94e+04	1.00	89	3079142	3.46e+04	0.00
8587	Random	RMHC	0	2	2	87	5944782	6.83e+04	0.00	87	2996210	3.44e+04	1.00
8588	Random	RMHC	1	0	1	97	6679420	6.89e+04	1.00	96	3328345	3.47e+04	0.00
8589	Random	RMHC	0	2	2	96	6619925	6.90e+04	0.00	96	3300929	3.44e+04	1.00
8590	Random	RMHC	1	0	1	99	6784181	6.85e+04	1.00	98	3381176	3.45e+04	0.00
8591	Random	RMHC	1	0	1	97	6683240	6.89e+04	1.00	96	3322726	3.46e+04	0.00
8592	Random	RMHC	0	1	1	98	6809095	6.95e+04	0.00	98	3407312	3.48e+04	1.00
8593	Random	RMHC	0	1	1	97	6647875	6.85e+04	0.00	97	3342957	3.45e+04	1.00
8594	Random	RMHC	0	3	3	93	6404661	6.89e+04	0.00	93	3226343	3.47e+04	1.00
8595	Random	RMHC	1	0	1	96	6799159	7.08e+04	1.00	95	3322427	3.50e+04	0.00
8596	Random	RMHC	1	0	1	97	6793130	7.00e+04	1.00	96	3309634	3.45e+04	0.00
8597	Random	RMHC	0	2	2	90	6313897	7.02e+04	0.00	90	3115443	3.46e+04	1.00
8598	Random	RMHC	1	0	1	98	6724568	6.86e+04	1.00	97	3334084	3.44e+04	0.00
8599	Random	RMHC	0	2	2	93	6307756	6.78e+04	0.00	93	3289478	3.54e+04	1.00
8600	Random	RMHC	0	1	1	98	6734896	6.87e+04	0.00	98	3354151	3.42e+04	1.00
8601	Random	RMHC	0	1	1	97	6625372	6.83e+04	0.00	97	3382264	3.49e+04	1.00
8602	Random	RMHC	5	0	5	94	6376632	6.78e+04	1.00	93	3240128	3.48e+04	0.00
8603	Random	RMHC	2	0	2	92	6321585	6.87e+04	1.00	91	3163384	3.48e+04	0.00
8604	Random	RMHC	1	0	1	97	6713636	6.92e+04	1.00	96	3283409	3.42e+04	0.00
8605	Random	RMHC	0	1	1	97	6756003	6.96e+04	0.00	97	3406532	3.51e+04	1.00
8606	Random	RMHC	1	0	1	99	6904328	6.97e+04	1.00	98	3446343	3.52e+04	0.00
8607	Random	RMHC	0	1	1	93	6513178	7.00e+04	0.00	93	3234139	3.48e+04	1.00
8608	Random	RMHC	0	5	5	87	6146578	7.07e+04	0.00	87	3033705	3.49e+04	1.00
8609	Random	RMHC	0	2	2	96	6520987	6.79e+04	0.00	96	3348336	3.49e+04	1.00
8610	Random	RMHC	0	1	1	95	6463692	6.80e+04	0.00	95	3303108	3.48e+04	1.00
8611	Random	RMHC	0	1	1	96	6562641	6.84e+04	0.00	96	3285405	3.42e+04	1.00
8612	Random	RMHC	1	0	1	92	6284073	6.83e+04	1.00	91	3125780	3.43e+04	0.00
8613	Random	RMHC	0	2	2	88	6080709	6.91e+04	0.00	88	3055380	3.47e+04	1.00
8614	Random	RMHC	1	0	1	96	6566671	6.84e+04	1.00	95	3288784	3.46e+04	0.00
8615	Random	RMHC	0	1	1	94	6418416	6.83e+04	0.00	94	3240510	3.45e+04	1.00
8616	Random	RMHC	1	0	1	93	6330582	6.81e+04	1.00	92	3168444	3.44e+04	0.00
8617	Random	RMHC	0	2	2	94	6430178	6.84e+04	0.00	94	3263404	3.47e+04	1.00
8618	Random	RMHC	0	1	1	91	6334619	6.96e+04	0.00	91	3150067	3.46e+04	1.00
8619	Random	RMHC	0	2	2	84	5944637	7.08e+04	0.00	84	2945658	3.51e+04	1.00
8620	Random	RMHC	0	3	3	85	5808347	6.83e+04	0.00	85	2966355	3.49e+04	1.00
8621	Random	RMHC	0	4	4	71	4963102	6.99e+04	0.00	71	2448711	3.45e+04	1.00
8622	Random	RMHC	0	3	3	92	6521996	7.09e+04	0.00	92	3227533	3.51e+04	1.00
8623	Random	RMHC	1	0	1	75	5127922	6.84e+04	1.00	74	2570396	3.47e+04	0.00
8624	Random	RMHC	0	4	4	81	5511200	6.80e+04	0.00	81	2755356	3.40e+04	1.00
8625	Random	RMHC	0	1	1	92	6489506	7.05e+04	0.00	92	3198602	3.48e+04	1.00
8626	Random	RMHC	1	0	1	93	6393601	6.87e+04	1.00	92	9817777	1.07e+05	0.00
8627	Random	RMHC	0	2	2	88	5989694	6.81e+04	0.00	88	3087146	3.51e+04	1.00
8628	Random	RMHC	7	0	7	84	5869821	6.99e+04	1.00	83	2848875	3.43e+04	0.00
8629	Random	RMHC	3	0	3	82	5578970	6.80e+04	1.00	81	2870879	3.54e+04	0.00
8630	Random	RMHC	0	1	1	99	7059757	7.13e+04	0.00	99	3420665	3.46e+04	1.00
8631	Random	RMHC	1	0	1	100	6965992	6.97e+04	1.00	99	3433438	3.47e+04	0.00
8632	Random	RMHC	1	0	1	95	6569490	6.92e+04	1.00	94	3245837	3.45e+04	0.00
8633	Random	RMHC	0	3	3	88	6186117	7.03e+04	0.00	88	3117287	3.54e+04	1.00
8634	Random	RMHC	3	0	3	92	6294574	6.84e+04	1.00	91	3171609	3.49e+04	0.00
8635	Random	RMHC	1	0	1	96	6656282	6.93e+04	1.00	95	3293447	3.47e+04	0.00
8636	Random	RMHC	1	0	1	98	6800020	6.94e+04	1.00	97	3354000	3.46e+04	0.00
8637	Random	RMHC	0	2	2	84	5787331	6.89e+04	0.00	84	2947950	3.51e+04	1.00
8638	Random	RMHC	1	0	1	91	6216796	6.83e+04	1.00	90	3081894	3.42e+04	0.00
8639	Random	RMHC	0	2	2	93	6311135	6.79e+04	0.00	93	3207481	3.45e+04	1.00
8640	Random	RMHC	2	0	2	94	6454914	6.87e+04	1.00	93	3255883	3.50e+04	0.00
8641	Random	RMHC	0	2	2	94	6574973	6.99e+04	0.00	94	3246973	3.45e+04	1.00
8642	Random	RMHC	0	1	1	95	6648876	7.00e+04	0.00	95	3233647	3.40e+04	1.00
8643	Random	RMHC	1	0	1	96	6804595	7.09e+04	1.00	95	3323630	3.50e+04	0.00
8644	Random	RMHC	0	4	4	85	6084187	7.16e+04	0.00	85	2956523	3.48e+04	1.00
8645	Random	RMHC	0	1	1	91	6210231	6.82e+04	0.00	91	3159380	3.47e+04	1.00
8646	Random	RMHC	0	3	3	87	6065889	6.97e+04	0.00	87	3006377	3.46e+04	1.00
8647	Random	RMHC	1	0	1	90	6162246	6.85e+04	1.00	89	3101264	3.48e+04	0.00
8648	Random	RMHC	0	1	1	83	5708110	6.88e+04	0.00	83	2878715	3.47e+04	1.00
8649	Random	RMHC	6	0	6	84	5715803	6.80e+04	1.00	83	2850174	3.43e+04	0.00
8650	Random	RMHC	1	0	1	95	6626764	6.98e+04	1.00	94	3259482	3.47e+04	0.00
8651	Random	RMHC	0	1	1	98	6857324	7.00e+04	0.00	98	3392109	3.46e+04	1.00
8652	Random	RMHC	0	2	2	94	6579815	7.00e+04	0.00	94	3273730	3.48e+04	1.00
8653	Random	RMHC	0	1	1	94	6657340	7.08e+04	0.00	94	3232322	3.44e+04	1.00
8654	Random	RMHC	4	0	4	87	6083574	6.99e+04	1.00	86	2993518	3.48e+04	0.00
8655	Random	RMHC	2	0	2	92	6331757	6.88e+04	1.00	91	3165033	3.48e+04	0.00
8656	Random	RMHC	0	3	3	90	6285612	6.98e+04	0.00	90	3075109	3.42e+04	1.00
8657	Random	RMHC	2	0	2	93	6388788	6.87e+04	1.00	92	3190006	3.47e+04	0.00
8658	Random	RMHC	0	1	1	97	6548495	6.75e+04	0.00	97	3316127	3.42e+04	1.00
8659	Random	RMHC	1	0	1	98	6686011	6.82e+04	1.00	97	3399534	3.50e+04	0.00
8660	Random	RMHC	1	0	1	99	6830906	6.90e+04	1.00	98	3390046	3.46e+04	0.00
8661	Random	RMHC	2	0	2	93	6297962	6.77e+04	1.00	92	3201477	3.48e+04	0.00
8662	Random	RMHC	0	1	1	94	6424157	6.83e+04	0.00	94	3253355	3.46e+04	1.00
8663	Random	RMHC	2	0	2	94	6489733	6.90e+04	1.00	93	3229309	3.47e+04	0.00
8664	Random	RMHC	0	1	1	88	6180197	7.02e+04	0.00	88	3028244	3.44e+04	1.00
8665	Random	RMHC	1	0	1	92	6295698	6.84e+04	1.00	91	3115678	3.42e+04	0.00
8666	Random	RMHC	1	0	1	90	6132084	6.81e+04	1.00	89	3079217	3.46e+04	0.00
8667	Random	RMHC	3	0	3	95	6609255	6.96e+04	1.00	94	3268607	3.48e+04	0.00
8668	Random	RMHC	2	0	2	95	6670192	7.02e+04	1.00	94	3261482	3.47e+04	0.00
8669	Random	RMHC	3	0	3	86	6014325	6.99e+04	1.00	85	2974561	3.50e+04	0.00
8670	Random	RMHC	0	2	2	90	6244923	6.94e+04	0.00	90	3104102	3.45e+04	1.00
8671	Random	RMHC	0	3	3	74	5145511	6.95e+04	0.00	74	2590479	3.50e+04	1.00
8672	Random	RMHC	0	1	1	95	6508622	6.85e+04	0.00	95	3277527	3.45e+04	1.00
8673	Random	RMHC	0	2	2	90	6305603	7.01e+04	0.00	90	3131060	3.48e+04	1.00
8674	Random	RMHC	1	0	1	95	6567940	6.91e+04	1.00	94	3257849	3.47e+04	0.00
8675	Random	RMHC	0	2	2	87	5914521	6.80e+04	0.00	87	3015648	3.47e+04	1.00
8676	Random	RMHC	0	2	2	91	6336236	6.96e+04	0.00	91	3166135	3.48e+04	1.00
8677	Random	RMHC	0	3	3	89	6255299	7.03e+04	0.00	89	3081778	3.46e+04	1.00
8678	Random	RMHC	0	1	1	96	6615601	6.89e+04	0.00	96	3292919	3.43e+04	1.00
8679	Random	RMHC	0	1	1	95	6515790	6.86e+04	0.00	95	3300624	3.47e+04	1.00
8680	Random	RMHC	1	0	1	94	6426210	6.84e+04	1.00	93	3222450	3.47e+04	0.00
8681	Random	RMHC	0	2	2	82	5658795	6.90e+04	0.00	82	2879573	3.51e+04	1.00
8682	Random	RMHC	0	2	2	93	6313882	6.79e+04	0.00	93	3230764	3.47e+04	1.00
8683	Random	RMHC	0	1	1	94	6411190	6.82e+04	0.00	94	3255573	3.46e+04	1.00
8684	Random	RMHC	1	0	1	95	6463180	6.80e+04	1.00	94	3253960	3.46e+04	0.00
8685	Random	RMHC	0	1	1	96	6647829	6.92e+04	0.00	96	3315433	3.45e+04	1.00
8686	Random	RMHC	0	1	1	96	6560671	6.83e+04	0.00	96	3296069	3.43e+04	1.00
8687	Random	RMHC	4	0	4	89	6266241	7.04e+04	1.00	88	3074661	3.49e+04	0.00
8688	Random	RMHC	0	1	1	92	6306986	6.86e+04	0.00	92	3174640	3.45e+04	1.00
8689	Random	RMHC	0	1	1	89	6134670	6.89e+04	0.00	89	3090061	3.47e+04	1.00
8690	Random	RMHC	0	1	1	90	6329574	7.03e+04	0.00	90	3111696	3.46e+04	1.00
8691	Random	RMHC	2	0	2	86	6006705	6.98e+04	1.00	85	2943935	3.46e+04	0.00
8692	Random	RMHC	0	1	1	94	6450466	6.86e+04	0.00	94	3235672	3.44e+04	1.00
8693	Random	RMHC	0	2	2	82	5621299	6.86e+04	0.00	82	2869899	3.50e+04	1.00
8694	Random	RMHC	0	1	1	93	6386826	6.87e+04	0.00	93	3321869	3.57e+04	1.00
8695	Random	RMHC	3	0	3	78	5341941	6.85e+04	1.00	77	2647956	3.44e+04	0.00
8696	Random	RMHC	1	0	1	96	6649103	6.93e+04	1.00	95	3329399	3.50e+04	0.00
8697	Random	RMHC	2	0	2	97	6638254	6.84e+04	1.00	96	3309606	3.45e+04	0.00
8698	Random	RMHC	0	1	1	89	6040238	6.79e+04	0.00	89	3055247	3.43e+04	1.00
8699	Random	RMHC	0	1	1	97	6751505	6.96e+04	0.00	97	3358916	3.46e+04	1.00
8700	Random	RMHC	0	4	4	89	6135011	6.89e+04	0.00	89	3054213	3.43e+04	1.00
8701	Random	RMHC	1	0	1	97	6719291	6.93e+04	1.00	96	3285587	3.42e+04	0.00
8702	Random	RMHC	0	1	1	95	6547311	6.89e+04	0.00	95	3273069	3.45e+04	1.00
8703	Random	RMHC	1	0	1	98	6751778	6.89e+04	1.00	97	3367087	3.47e+04	0.00
8704	Random	RMHC	0	1	1	90	6184971	6.87e+04	0.00	90	3082570	3.43e+04	1.00
8705	Random	RMHC	0	2	2	84	5805690	6.91e+04	0.00	84	2887745	3.44e+04	1.00
8706	Random	RMHC	0	1	1	97	6940322	7.15e+04	0.00	97	3341859	3.45e+04	1.00
8707	Random	RMHC	0	3	3	96	6766274	7.05e+04	0.00	96	3327988	3.47e+04	1.00
8708	Random	RMHC	0	1	1	94	6613040	7.04e+04	0.00	94	3248205	3.46e+04	1.00
8709	Random	RMHC	3	0	3	93	6430495	6.91e+04	1.00	92	3192821	3.47e+04	0.00
8710	Random	RMHC	0	1	1	95	6452212	6.79e+04	0.00	95	3258306	3.43e+04	1.00
8711	Random	RMHC	0	2	2	96	6645288	6.92e+04	0.00	96	3324665	3.46e+04	1.00
8712	Random	RMHC	1	0	1	98	6692689	6.83e+04	1.00	97	3350545	3.45e+04	0.00
8713	Random	RMHC	2	0	2	87	5944433	6.83e+04	1.00	86	2998465	3.49e+04	0.00
8714	Random	RMHC	0	2	2	97	6851762	7.06e+04	0.00	97	3377467	3.48e+04	1.00
8715	Random	RMHC	0	1	1	93	6567693	7.06e+04	0.00	93	3238895	3.48e+04	1.00
8716	Random	RMHC	3	0	3	91	6171830	6.78e+04	1.00	90	3098029	3.44e+04	0.00
8717	Random	RMHC	4	0	4	85	5854117	6.89e+04	1.00	84	2936716	3.50e+04	0.00
8718	Random	RMHC	4	0	4	88	6186907	7.03e+04	1.00	87	3034060	3.49e+04	0.00
8719	Random	RMHC	0	2	2	91	6168980	6.78e+04	0.00	91	3166268	3.48e+04	1.00
8720	Random	RMHC	1	0	1	99	6820087	6.89e+04	1.00	98	3380286	3.45e+04	0.00
8721	Random	RMHC	0	3	3	92	6267609	6.81e+04	0.00	92	3179363	3.46e+04	1.00
8722	Random	RMHC	0	5	5	84	5850347	6.96e+04	0.00	84	2947166	3.51e+04	1.00
8723	Random	RMHC	0	2	2	82	5611847	6.84e+04	0.00	82	2896496	3.53e+04	1.00
8724	Random	RMHC	1	0	1	92	6548703	7.12e+04	1.00	91	3142569	3.45e+04	0.00
8725	Random	RMHC	0	1	1	90	6070964	6.75e+04	0.00	90	3110644	3.46e+04	1.00
8726	Random	RMHC	1	0	1	99	6766014	6.83e+04	1.00	98	3339007	3.41e+04	0.00
8727	Random	RMHC	1	0	1	80	5537746	6.92e+04	1.00	79	2733712	3.46e+04	0.00
8728	Random	RMHC	1	0	1	99	6831973	6.90e+04	1.00	98	3384135	3.45e+04	0.00
8729	Random	RMHC	2	0	2	98	6779849	6.92e+04	1.00	97	3397339	3.50e+04	0.00
8730	Random	RMHC	0	3	3	85	5774616	6.79e+04	0.00	85	2918062	3.43e+04	1.00
8731	Random	RMHC	2	0	2	93	6477996	6.97e+04	1.00	92	3193885	3.47e+04	0.00
8732	Random	RMHC	3	0	3	79	5562063	7.04e+04	1.00	78	2721815	3.49e+04	0.00
8733	Random	RMHC	2	0	2	93	6457335	6.94e+04	1.00	92	3206876	3.49e+04	0.00
8734	Random	RMHC	1	0	1	92	6568603	7.14e+04	1.00	91	3165298	3.48e+04	0.00
8735	Random	RMHC	1	0	1	99	6841357	6.91e+04	1.00	98	3393219	3.46e+04	0.00
8736	Random	RMHC	1	0	1	97	6679624	6.89e+04	1.00	96	3300662	3.44e+04	0.00
8737	Random	RMHC	0	1	1	98	6728566	6.87e+04	0.00	98	3374534	3.44e+04	1.00
8738	Random	RMHC	3	0	3	84	5735854	6.83e+04	1.00	83	2861146	3.45e+04	0.00
8739	Random	RMHC	1	0	1	99	6793031	6.86e+04	1.00	98	3379065	3.45e+04	0.00
8740	Random	RMHC	0	2	2	91	6290625	6.91e+04	0.00	91	3144079	3.46e+04	1.00
8741	Random	RMHC	0	1	1	97	6850249	7.06e+04	0.00	97	3432332	3.54e+04	1.00
8742	Random	RMHC	1	0	1	100	6927900	6.93e+04	1.00	99	3441472	3.48e+04	0.00
8743	Random	RMHC	0	2	2	94	6587849	7.01e+04	0.00	94	3270785	3.48e+04	1.00
8744	Random	RMHC	3	0	3	92	6607463	7.18e+04	1.00	91	3189286	3.50e+04	0.00
8745	Random	RMHC	0	2	2	90	6210571	6.90e+04	0.00	90	3133337	3.48e+04	1.00
8746	Random	RMHC	1	0	1	93	6347045	6.82e+04	1.00	92	3166573	3.44e+04	0.00
8747	Random	RMHC	0	1	1	94	6420197	6.83e+04	0.00	94	3239229	3.45e+04	1.00
8748	Random	RMHC	1	0	1	93	6506910	7.00e+04	1.00	92	3229951	3.51e+04	0.00
8749	Random	RMHC	1	0	1	98	7013327	7.16e+04	1.00	97	3394888	3.50e+04	0.00
8750	Random	RMHC	0	1	1	93	6721095	7.23e+04	0.00	93	3257583	3.50e+04	1.00
8751	Random	RMHC	0	3	3	71	4791984	6.75e+04	0.00	71	2461715	3.47e+04	1.00
8752	Random	RMHC	1	0	1	97	6645924	6.85e+04	1.00	96	3313855	3.45e+04	0.00
8753	Random	RMHC	0	5	5	82	5696269	6.95e+04	0.00	82	2865210	3.49e+04	1.00
8754	Random	RMHC	0	5	5	75	5274642	7.03e+04	0.00	75	2610525	3.48e+04	1.00
8755	Random	RMHC	0	5	5	86	5964134	6.94e+04	0.00	86	2990387	3.48e+04	1.00
8756	Random	RMHC	2	0	2	86	5921173	6.89e+04	1.00	85	2933278	3.45e+04	0.00
8757	Random	RMHC	2	0	2	98	6849525	6.99e+04	1.00	97	3421120	3.53e+04	0.00
8758	Random	RMHC	0	3	3	89	6173282	6.94e+04	0.00	89	3093427	3.48e+04	1.00
8759	Random	RMHC	1	0	1	100	6888108	6.89e+04	1.00	99	3416975	3.45e+04	0.00
8760	Random	RMHC	2	0	2	93	6630265	7.13e+04	1.00	92	3179653	3.46e+04	0.00
8761	Random	RMHC	0	1	1	93	6292147	6.77e+04	0.00	93	3211861	3.45e+04	1.00
8762	Random	RMHC	1	0	1	93	6342981	6.82e+04	1.00	92	3185604	3.46e+04	0.00
8763	Random	RMHC	4	0	4	78	5334827	6.84e+04	1.00	77	2665259	3.46e+04	0.00
8764	Random	RMHC	0	1	1	98	6675083	6.81e+04	0.00	98	3364785	3.43e+04	1.00
8765	Random	RMHC	2	0	2	86	5919879	6.88e+04	1.00	85	2963435	3.49e+04	0.00
8766	Random	RMHC	3	0	3	89	6261888	7.04e+04	1.00	88	3089725	3.51e+04	0.00
8767	Random	RMHC	0	1	1	97	6648170	6.85e+04	0.00	97	3360344	3.46e+04	1.00
8768	Random	RMHC	0	1	1	93	6332404	6.81e+04	0.00	93	3215110	3.46e+04	1.00
8769	Random	RMHC	0	3	3	85	5864731	6.90e+04	0.00	85	2944719	3.46e+04	1.00
8770	Random	RMHC	1	0	1	92	6540799	7.11e+04	1.00	91	3195575	3.51e+04	0.00
8771	Random	RMHC	0	2	2	92	6245500	6.79e+04	0.00	92	3191770	3.47e+04	1.00
8772	Random	RMHC	0	1	1	97	6647146	6.85e+04	0.00	97	3341138	3.44e+04	1.00
8773	Random	RMHC	1	0	1	94	6438242	6.85e+04	1.00	93	3205219	3.45e+04	0.00
8774	Random	RMHC	1	0	1	98	6716451	6.85e+04	1.00	97	3312203	3.41e+04	0.00
8775	Random	RMHC	1	0	1	93	6362970	6.84e+04	1.00	92	3195061	3.47e+04	0.00
8776	Random	RMHC	0	1	1	99	6817215	6.89e+04	0.00	99	3440685	3.48e+04	1.00
8777	Random	RMHC	0	1	1	91	6351856	6.98e+04	0.00	91	3135799	3.45e+04	1.00
8778	Random	RMHC	0	1	1	93	6583055	7.08e+04	0.00	93	3231936	3.48e+04	1.00
8779	Random	RMHC	2	0	2	87	5928937	6.81e+04	1.00	86	2978916	3.46e+04	0.00
8780	Random	RMHC	3	0	3	83	5700385	6.87e+04	1.00	82	2851471	3.48e+04	0.00
8781	Random	RMHC	1	0	1	96	6583798	6.86e+04	1.00	95	3295707	3.47e+04	0.00
8782	Random	RMHC	0	2	2	86	5955127	6.92e+04	0.00	86	3022786	3.51e+04	1.00
8783	Random	RMHC	2	0	2	96	6646478	6.92e+04	1.00	95	3280250	3.45e+04	0.00
8784	Random	RMHC	2	0	2	86	6003652	6.98e+04	1.00	85	2951134	3.47e+04	0.00
8785	Random	RMHC	0	1	1	92	6316280	6.87e+04	0.00	92	3212637	3.49e+04	1.00
8786	Random	RMHC	0	1	1	94	6409880	6.82e+04	0.00	94	3249803	3.46e+04	1.00
8787	Random	RMHC	1	0	1	97	6718294	6.93e+04	1.00	96	3282834	3.42e+04	0.00
8788	Random	RMHC	2	0	2	94	6559578	6.98e+04	1.00	93	3244846	3.49e+04	0.00
8789	Random	RMHC	2	0	2	95	6716609	7.07e+04	1.00	94	3283378	3.49e+04	0.00
8790	Random	RMHC	0	1	1	97	6975561	7.19e+04	0.00	97	3414706	3.52e+04	1.00
8791	Random	RMHC	0	1	1	87	6191808	7.12e+04	0.00	87	3050365	3.51e+04	1.00
8792	Random	RMHC	3	0	3	88	6244518	7.10e+04	1.00	87	3014584	3.47e+04	0.00
8793	Random	RMHC	0	2	2	96	6872875	7.16e+04	0.00	96	3345583	3.48e+04	1.00
8794	Random	RMHC	3	0	3	96	6789353	7.07e+04	1.00	95	3277554	3.45e+04	0.00
8795	Random	RMHC	0	1	1	98	6965353	7.11e+04	0.00	98	3392043	3.46e+04	1.00
8796	Random	RMHC	2	0	2	97	6928697	7.14e+04	1.00	96	3341642	3.48e+04	0.00
8797	Random	RMHC	0	1	1	88	6168651	7.01e+04	0.00	88	3084518	3.51e+04	1.00
8798	Random	RMHC	0	1	1	96	6502532	6.77e+04	0.00	96	3278879	3.42e+04	1.00
8799	Random	RMHC	2	0	2	91	6239658	6.86e+04	1.00	90	3150192	3.50e+04	0.00
8800	Random	RMHC	2	0	2	94	6471742	6.88e+04	1.00	93	3219993	3.46e+04	0.00
8801	Random	RMHC	0	2	2	87	6071861	6.98e+04	0.00	87	3035155	3.49e+04	1.00
8802	Random	RMHC	0	1	1	94	6398895	6.81e+04	0.00	94	3232639	3.44e+04	1.00
8803	Random	RMHC	0	2	2	96	6481558	6.75e+04	0.00	96	3281490	3.42e+04	1.00
8804	Random	RMHC	0	1	1	99	6746504	6.81e+04	0.00	99	3447542	3.48e+04	1.00
8805	Random	RMHC	1	0	1	95	6491403	6.83e+04	1.00	94	3245495	3.45e+04	0.00
8806	Random	RMHC	1	0	1	99	6731930	6.80e+04	1.00	98	3367434	3.44e+04	0.00
8807	Random	RMHC	0	2	2	95	6535878	6.88e+04	0.00	95	3278742	3.45e+04	1.00
8808	Random	RMHC	1	0	1	93	6359837	6.84e+04	1.00	92	3229176	3.51e+04	0.00
8809	Random	RMHC	3	0	3	76	5204549	6.85e+04	1.00	75	2582806	3.44e+04	0.00
8810	Random	RMHC	0	1	1	94	6400181	6.81e+04	0.00	94	3221071	3.43e+04	1.00
8811	Random	RMHC	1	0	1	98	6734160	6.87e+04	1.00	97	3336479	3.44e+04	0.00
8812	Random	RMHC	0	2	2	93	6485361	6.97e+04	0.00	93	3222531	3.47e+04	1.00
8813	Random	RMHC	0	1	1	95	6668954	7.02e+04	0.00	95	3274124	3.45e+04	1.00
8814	Random	RMHC	0	6	6	85	5921232	6.97e+04	0.00	85	2917249	3.43e+04	1.00
8815	Random	RMHC	2	0	2	91	6180502	6.79e+04	1.00	90	3099345	3.44e+04	0.00
8816	Random	RMHC	2	0	2	94	6490405	6.90e+04	1.00	93	3218474	3.46e+04	0.00
8817	Random	RMHC	0	3	3	90	6336032	7.04e+04	0.00	90	3125390	3.47e+04	1.00
8818	Random	RMHC	1	0	1	73	5007442	6.86e+04	1.00	72	2476247	3.44e+04	0.00
8819	Random	RMHC	0	2	2	89	6067560	6.82e+04	0.00	89	3092261	3.47e+04	1.00
8820	Random	RMHC	4	0	4	78	5331519	6.84e+04	1.00	77	2659653	3.45e+04	0.00
8821	Random	RMHC	0	4	4	92	6301115	6.85e+04	0.00	92	3152859	3.43e+04	1.00
8822	Random	RMHC	2	0	2	88	6127444	6.96e+04	1.00	87	3001760	3.45e+04	0.00
8823	Random	RMHC	0	1	1	98	6797953	6.94e+04	0.00	98	3417431	3.49e+04	1.00
8824	Random	RMHC	0	3	3	95	6780758	7.14e+04	0.00	95	3308907	3.48e+04	1.00
8825	Random	RMHC	0	2	2	89	6028190	6.77e+04	0.00	89	3079309	3.46e+04	1.00
8826	Random	RMHC	0	1	1	94	6425139	6.84e+04	0.00	94	3247353	3.45e+04	1.00
8827	Random	RMHC	0	1	1	93	6415403	6.90e+04	0.00	93	3233257	3.48e+04	1.00
8828	Random	RMHC	1	0	1	92	6427907	6.99e+04	1.00	91	3223125	3.54e+04	0.00
8829	Random	RMHC	1	0	1	97	6854315	7.07e+04	1.00	96	3336646	3.48e+04	0.00
8830	Random	RMHC	0	1	1	99	6971262	7.04e+04	0.00	99	3433647	3.47e+04	1.00
8831	Random	RMHC	3	0	3	91	6456984	7.10e+04	1.00	90	3136065	3.48e+04	0.00
8832	Random	RMHC	1	0	1	95	6562665	6.91e+04	1.00	94	3220189	3.43e+04	0.00
8833	Random	RMHC	0	2	2	89	6056924	6.81e+04	0.00	89	3100480	3.48e+04	1.00
8834	Random	RMHC	0	1	1	91	6307446	6.93e+04	0.00	91	3148071	3.46e+04	1.00
8835	Random	RMHC	1	0	1	97	6846174	7.06e+04	1.00	96	3334577	3.47e+04	0.00
8836	Random	RMHC	1	0	1	89	6223965	6.99e+04	1.00	88	3059035	3.48e+04	0.00
8837	Random	RMHC	4	0	4	86	5890856	6.85e+04	1.00	85	2954463	3.48e+04	0.00
8838	Random	RMHC	3	0	3	93	6477024	6.96e+04	1.00	92	3177818	3.45e+04	0.00
8839	Random	RMHC	1	0	1	90	6370976	7.08e+04	1.00	89	3066473	3.45e+04	0.00
8840	Random	RMHC	1	0	1	96	6502389	6.77e+04	1.00	95	3306166	3.48e+04	0.00
8841	Random	RMHC	0	3	3	91	6219989	6.84e+04	0.00	91	3167731	3.48e+04	1.00
8842	Random	RMHC	0	2	2	93	6535256	7.03e+04	0.00	93	3217567	3.46e+04	1.00
8843	Random	RMHC	1	0	1	93	6623209	7.12e+04	1.00	92	3231975	3.51e+04	0.00
8844	Random	RMHC	0	3	3	87	5924458	6.81e+04	0.00	87	3054442	3.51e+04	1.00
8845	Random	RMHC	1	0	1	95	6560083	6.91e+04	1.00	94	3276821	3.49e+04	0.00
8846	Random	RMHC	1	0	1	98	6709220	6.85e+04	1.00	97	3381851	3.49e+04	0.00
8847	Random	RMHC	0	1	1	99	6849248	6.92e+04	0.00	99	3410241	3.44e+04	1.00
8848	Random	RMHC	1	0	1	99	6746571	6.81e+04	1.00	98	3370386	3.44e+04	0.00
8849	Random	RMHC	0	1	1	98	6755220	6.89e+04	0.00	98	3395263	3.46e+04	1.00
8850	Random	RMHC	1	0	1	96	6596443	6.87e+04	1.00	95	3287261	3.46e+04	0.00
8851	Random	RMHC	2	0	2	99	6835625	6.90e+04	1.00	98	3396602	3.47e+04	0.00
8852	Random	RMHC	0	1	1	98	6638828	6.77e+04	0.00	98	3383687	3.45e+04	1.00
8853	Random	RMHC	2	0	2	96	6549909	6.82e+04	1.00	95	3319268	3.49e+04	0.00
8854	Random	RMHC	0	2	2	90	6200645	6.89e+04	0.00	90	3083054	3.43e+04	1.00
8855	Random	RMHC	1	0	1	97	6802970	7.01e+04	1.00	96	3322925	3.46e+04	0.00
8856	Random	RMHC	0	1	1	94	6490928	6.91e+04	0.00	94	3217335	3.42e+04	1.00
8857	Random	RMHC	0	1	1	93	6576882	7.07e+04	0.00	93	3261508	3.51e+04	1.00
8858	Random	RMHC	1	0	1	95	6570516	6.92e+04	1.00	94	3196858	3.40e+04	0.00
8859	Random	RMHC	0	1	1	96	6528581	6.80e+04	0.00	96	3307848	3.45e+04	1.00
8860	Random	RMHC	0	3	3	84	5781296	6.88e+04	0.00	84	2897427	3.45e+04	1.00
8861	Random	RMHC	0	5	5	84	5784657	6.89e+04	0.00	84	2920649	3.48e+04	1.00
8862	Random	RMHC	1	0	1	97	6629481	6.83e+04	1.00	96	3302024	3.44e+04	0.00
8863	Random	RMHC	2	0	2	94	6399127	6.81e+04	1.00	93	3223590	3.47e+04	0.00
8864	Random	RMHC	0	1	1	97	6570843	6.77e+04	0.00	97	3322098	3.42e+04	1.00
8865	Random	RMHC	1	0	1	99	6755297	6.82e+04	1.00	98	3343421	3.41e+04	0.00
8866	Random	RMHC	0	3	3	88	6056699	6.88e+04	0.00	88	3043314	3.46e+04	1.00
8867	Random	RMHC	0	1	1	97	6837874	7.05e+04	0.00	97	3384844	3.49e+04	1.00
8868	Random	RMHC	0	2	2	83	5830470	7.02e+04	0.00	83	2862464	3.45e+04	1.00
8869	Random	RMHC	3	0	3	90	6374613	7.08e+04	1.00	89	3139670	3.53e+04	0.00
8870	Random	RMHC	5	0	5	79	5437221	6.88e+04	1.00	78	2692508	3.45e+04	0.00
8871	Random	RMHC	5	0	5	87	6122015	7.04e+04	1.00	86	3007030	3.50e+04	0.00
8872	Random	RMHC	1	0	1	98	6680567	6.82e+04	1.00	97	3342713	3.45e+04	0.00
8873	Random	RMHC	0	1	1	98	6733466	6.87e+04	0.00	98	3409862	3.48e+04	1.00
8874	Random	RMHC	0	4	4	81	5814750	7.18e+04	0.00	81	2847523	3.52e+04	1.00
8875	Random	RMHC	0	1	1	94	6464217	6.88e+04	0.00	94	3231877	3.44e+04	1.00
8876	Random	RMHC	2	0	2	94	6629129	7.05e+04	1.00	93	3187057	3.43e+04	0.00
8877	Random	RMHC	0	1	1	92	6538810	7.11e+04	0.00	92	3202563	3.48e+04	1.00
8878	Random	RMHC	2	0	2	97	6632717	6.84e+04	1.00	96	3337327	3.48e+04	0.00
8879	Random	RMHC	0	1	1	98	6748942	6.89e+04	0.00	98	3370720	3.44e+04	1.00
8880	Random	RMHC	0	2	2	94	6457075	6.87e+04	0.00	94	3311497	3.52e+04	1.00
8881	Random	RMHC	2	0	2	93	6294463	6.77e+04	1.00	92	3157639	3.43e+04	0.00
8882	Random	RMHC	0	6	6	80	5506256	6.88e+04	0.00	80	2777884	3.47e+04	1.00
8883	Random	RMHC	0	1	1	95	6484323	6.83e+04	0.00	95	3316531	3.49e+04	1.00
8884	Random	RMHC	0	2	2	93	6286267	6.76e+04	0.00	93	3201673	3.44e+04	1.00
8885	Random	RMHC	0	1	1	93	6500690	6.99e+04	0.00	93	3225310	3.47e+04	1.00
8886	Random	RMHC	1	0	1	95	6611562	6.96e+04	1.00	94	3268157	3.48e+04	0.00
8887	Random	RMHC	0	2	2	95	6629688	6.98e+04	0.00	95	3289861	3.46e+04	1.00
8888	Random	RMHC	0	3	3	95	6715046	7.07e+04	0.00	95	3315719	3.49e+04	1.00
8889	Random	RMHC	0	1	1	92	6537283	7.11e+04	0.00	92	3201234	3.48e+04	1.00
8890	Random	RMHC	0	5	5	89	6076254	6.83e+04	0.00	89	3070084	3.45e+04	1.00
8891	Random	RMHC	0	1	1	99	6754529	6.82e+04	0.00	99	3427495	3.46e+04	1.00
8892	Random	RMHC	3	0	3	95	6485731	6.83e+04	1.00	94	9544050	1.02e+05	0.00
8893	Random	RMHC	0	1	1	95	6591524	6.94e+04	0.00	95	3307293	3.48e+04	1.00
8894	Random	RMHC	1	0	1	98	6660057	6.80e+04	1.00	97	3341832	3.45e+04	0.00
8895	Random	RMHC	0	3	3	89	6146867	6.91e+04	0.00	89	3050029	3.43e+04	1.00
8896	Random	RMHC	3	0	3	93	6634804	7.13e+04	1.00	92	3231512	3.51e+04	0.00
8897	Random	RMHC	2	0	2	97	6651097	6.86e+04	1.00	96	3351813	3.49e+04	0.00
8898	Random	RMHC	1	0	1	100	6871169	6.87e+04	1.00	99	3400868	3.44e+04	0.00
8899	Random	RMHC	2	0	2	98	6767784	6.91e+04	1.00	97	3350291	3.45e+04	0.00
8900	Random	RMHC	0	1	1	94	6463298	6.88e+04	0.00	94	3332811	3.55e+04	1.00
8901	Random	RMHC	2	0	2	91	6237799	6.85e+04	1.00	90	3136825	3.49e+04	0.00
8902	Random	RMHC	1	0	1	89	6186062	6.95e+04	1.00	88	3073935	3.49e+04	0.00
8903	Random	RMHC	2	0	2	94	6716191	7.14e+04	1.00	93	3231118	3.47e+04	0.00
8904	Random	RMHC	0	1	1	94	6448964	6.86e+04	0.00	94	3285108	3.49e+04	1.00
8905	Random	RMHC	0	2	2	80	5500478	6.88e+04	0.00	80	2790821	3.49e+04	1.00
8906	Random	RMHC	1	0	1	99	7004653	7.08e+04	1.00	98	3379381	3.45e+04	0.00
8907	Random	RMHC	0	1	1	94	6661070	7.09e+04	0.00	94	3276872	3.49e+04	1.00
8908	Random	RMHC	0	2	2	87	6262953	7.20e+04	0.00	87	3008038	3.46e+04	1.00
8909	Random	RMHC	3	0	3	90	6173292	6.86e+04	1.00	89	3089028	3.47e+04	0.00
8910	Random	RMHC	0	1	1	99	6883664	6.95e+04	0.00	99	3420433	3.45e+04	1.00
8911	Random	RMHC	0	3	3	89	6228776	7.00e+04	0.00	89	3135032	3.52e+04	1.00
8912	Random	RMHC	3	0	3	90	6156693	6.84e+04	1.00	89	3097065	3.48e+04	0.00
8913	Random	RMHC	0	1	1	96	6576063	6.85e+04	0.00	96	3324810	3.46e+04	1.00
8914	Random	RMHC	0	1	1	94	6426495	6.84e+04	0.00	94	3282955	3.49e+04	1.00
8915	Random	RMHC	2	0	2	86	5897752	6.86e+04	1.00	85	2975588	3.50e+04	0.00
8916	Random	RMHC	1	0	1	99	6847355	6.92e+04	1.00	98	3360412	3.43e+04	0.00
8917	Random	RMHC	2	0	2	91	6435774	7.07e+04	1.00	90	3169625	3.52e+04	0.00
8918	Random	RMHC	1	0	1	98	6698914	6.84e+04	1.00	97	3383585	3.49e+04	0.00
8919	Random	RMHC	0	1	1	95	6567638	6.91e+04	0.00	95	3309981	3.48e+04	1.00
8920	Random	RMHC	0	1	1	96	6520425	6.79e+04	0.00	96	3326168	3.46e+04	1.00
8921	Random	RMHC	1	0	1	94	6419140	6.83e+04	1.00	93	3214159	3.46e+04	0.00
8922	Random	RMHC	1	0	1	93	6418120	6.90e+04	1.00	92	3234252	3.52e+04	0.00
8923	Random	RMHC	0	1	1	97	6820020	7.03e+04	0.00	97	3386308	3.49e+04	1.00
8924	Random	RMHC	0	1	1	95	6688854	7.04e+04	0.00	95	3328759	3.50e+04	1.00
8925	Random	RMHC	0	1	1	96	6704731	6.98e+04	0.00	96	3318135	3.46e+04	1.00
8926	Random	RMHC	1	0	1	95	6738169	7.09e+04	1.00	94	3267658	3.48e+04	0.00
8927	Random	RMHC	2	0	2	98	7044071	7.19e+04	1.00	97	3378928	3.48e+04	0.00
8928	Random	RMHC	2	0	2	96	6828174	7.11e+04	1.00	95	3323101	3.50e+04	0.00
8929	Random	RMHC	1	0	1	91	6260060	6.88e+04	1.00	90	3119500	3.47e+04	0.00
8930	Random	RMHC	0	1	1	95	6516242	6.86e+04	0.00	95	3314580	3.49e+04	1.00
8931	Random	RMHC	1	0	1	99	6800375	6.87e+04	1.00	98	3383819	3.45e+04	0.00
8932	Random	RMHC	1	0	1	93	6433797	6.92e+04	1.00	92	3174969	3.45e+04	0.00
8933	Random	RMHC	0	1	1	84	5751434	6.85e+04	0.00	84	2926373	3.48e+04	1.00
8934	Random	RMHC	0	1	1	95	6573450	6.92e+04	0.00	95	3317524	3.49e+04	1.00
8935	Random	RMHC	1	0	1	100	6918855	6.92e+04	1.00	99	3429204	3.46e+04	0.00
8936	Random	RMHC	3	0	3	83	5645026	6.80e+04	1.00	82	2818009	3.44e+04	0.00
8937	Random	RMHC	0	4	4	86	6041698	7.03e+04	0.00	86	2992743	3.48e+04	1.00
8938	Random	RMHC	1	0	1	100	6901435	6.90e+04	1.00	99	3448680	3.48e+04	0.00
8939	Random	RMHC	1	0	1	98	6708773	6.85e+04	1.00	97	3352191	3.46e+04	0.00
8940	Random	RMHC	1	0	1	92	6298040	6.85e+04	1.00	91	3134740	3.44e+04	0.00
8941	Random	RMHC	1	0	1	88	6013342	6.83e+04	1.00	87	3017785	3.47e+04	0.00
8942	Random	RMHC	0	3	3	82	5667319	6.91e+04	0.00	82	2855880	3.48e+04	1.00
8943	Random	RMHC	1	0	1	94	6407727	6.82e+04	1.00	93	3226141	3.47e+04	0.00
8944	Random	RMHC	1	0	1	98	6654284	6.79e+04	1.00	97	3350279	3.45e+04	0.00
8945	Random	RMHC	0	4	4	86	6095823	7.09e+04	0.00	86	3007875	3.50e+04	1.00
8946	Random	RMHC	1	0	1	96	6648868	6.93e+04	1.00	95	3291180	3.46e+04	0.00
8947	Random	RMHC	0	1	1	98	6724568	6.86e+04	0.00	98	3374342	3.44e+04	1.00
8948	Random	RMHC	0	2	2	95	6582573	6.93e+04	0.00	95	3289525	3.46e+04	1.00
8949	Random	RMHC	0	1	1	98	6730920	6.87e+04	0.00	98	3372077	3.44e+04	1.00
8950	Random	RMHC	1	0	1	98	6747863	6.89e+04	1.00	97	3411363	3.52e+04	0.00
8951	Random	RMHC	0	2	2	93	6456639	6.94e+04	0.00	93	3221930	3.46e+04	1.00
8952	Random	RMHC	1	0	1	96	6636460	6.91e+04	1.00	95	3265802	3.44e+04	0.00
8953	Random	RMHC	2	0	2	97	6714133	6.92e+04	1.00	96	3411627	3.55e+04	0.00
8954	Random	RMHC	1	0	1	98	6709518	6.85e+04	1.00	97	3301039	3.40e+04	0.00
8955	Random	RMHC	0	1	1	97	6610304	6.81e+04	0.00	97	3365615	3.47e+04	1.00
8956	Random	RMHC	3	0	3	75	5060137	6.75e+04	1.00	74	2588125	3.50e+04	0.00
8957	Random	RMHC	3	0	3	91	6226253	6.84e+04	1.00	90	3141561	3.49e+04	0.00
8958	Random	RMHC	1	0	1	99	6779536	6.85e+04	1.00	98	3466750	3.54e+04	0.00
8959	Random	RMHC	1	0	1	98	6730277	6.87e+04	1.00	97	3353322	3.46e+04	0.00
8960	Random	RMHC	0	2	2	89	6096168	6.85e+04	0.00	89	3046788	3.42e+04	1.00
8961	Random	RMHC	0	3	3	95	6683710	7.04e+04	0.00	95	3288724	3.46e+04	1.00
8962	Random	RMHC	1	0	1	94	6674277	7.10e+04	1.00	93	3243048	3.49e+04	0.00
8963	Random	RMHC	2	0	2	98	6753439	6.89e+04	1.00	97	3357216	3.46e+04	0.00
8964	Random	RMHC	0	2	2	96	6660657	6.94e+04	0.00	96	3496924	3.64e+04	1.00
8965	Random	RMHC	0	1	1	99	6802141	6.87e+04	0.00	99	3401738	3.44e+04	1.00
8966	Random	RMHC	1	0	1	100	6943167	6.94e+04	1.00	99	3382218	3.42e+04	0.00
8967	Random	RMHC	1	0	1	91	6461953	7.10e+04	1.00	90	3151249	3.50e+04	0.00
8968	Random	RMHC	2	0	2	96	6525304	6.80e+04	1.00	95	3274785	3.45e+04	0.00
8969	Random	RMHC	2	0	2	91	6263229	6.88e+04	1.00	90	3165619	3.52e+04	0.00
8970	Random	RMHC	2	0	2	88	6170892	7.01e+04	1.00	87	3009241	3.46e+04	0.00
8971	Random	RMHC	1	0	1	91	6214564	6.83e+04	1.00	90	3070061	3.41e+04	0.00
8972	Random	RMHC	2	0	2	82	5591294	6.82e+04	1.00	81	2763122	3.41e+04	0.00
8973	Random	RMHC	0	4	4	74	5354818	7.24e+04	0.00	74	2572009	3.48e+04	1.00
8974	Random	RMHC	0	1	1	94	6706202	7.13e+04	0.00	94	3236225	3.44e+04	1.00
8975	Random	RMHC	0	1	1	96	6601375	6.88e+04	0.00	96	3354910	3.49e+04	1.00
8976	Random	RMHC	2	0	2	94	6406626	6.82e+04	1.00	93	3204121	3.45e+04	0.00
8977	Random	RMHC	1	0	1	99	6794516	6.86e+04	1.00	98	3411353	3.48e+04	0.00
8978	Random	RMHC	2	0	2	98	6768151	6.91e+04	1.00	97	3335241	3.44e+04	0.00
8979	Random	RMHC	1	0	1	99	6827713	6.90e+04	1.00	98	3436716	3.51e+04	0.00
8980	Random	RMHC	0	1	1	99	6832321	6.90e+04	0.00	99	3397654	3.43e+04	1.00
8981	Random	RMHC	1	0	1	95	6537321	6.88e+04	1.00	94	3302523	3.51e+04	0.00
8982	Random	RMHC	1	0	1	98	6734130	6.87e+04	1.00	97	3330361	3.43e+04	0.00
8983	Random	RMHC	0	2	2	91	6229060	6.85e+04	0.00	91	3143922	3.45e+04	1.00
8984	Random	RMHC	2	0	2	94	6422188	6.83e+04	1.00	93	3200090	3.44e+04	0.00
8985	Random	RMHC	0	2	2	93	6434362	6.92e+04	0.00	93	3228743	3.47e+04	1.00
8986	Random	RMHC	1	0	1	94	6535524	6.95e+04	1.00	93	3191708	3.43e+04	0.00
8987	Random	RMHC	0	1	1	93	6494580	6.98e+04	0.00	93	3234560	3.48e+04	1.00
8988	Random	RMHC	1	0	1	99	6836159	6.91e+04	1.00	98	3393773	3.46e+04	0.00
8989	Random	RMHC	1	0	1	99	6872934	6.94e+04	1.00	98	3408492	3.48e+04	0.00
8990	Random	RMHC	2	0	2	93	6736373	7.24e+04	1.00	92	3233322	3.51e+04	0.00
8991	Random	RMHC	1	0	1	84	5798919	6.90e+04	1.00	83	2861815	3.45e+04	0.00
8992	Random	RMHC	0	1	1	96	6660265	6.94e+04	0.00	96	3285615	3.42e+04	1.00
8993	Random	RMHC	1	0	1	97	6770690	6.98e+04	1.00	96	3312801	3.45e+04	0.00
8994	Random	RMHC	1	0	1	84	5803303	6.91e+04	1.00	83	2873163	3.46e+04	0.00
8995	Random	RMHC	0	2	2	86	5889085	6.85e+04	0.00	86	2996764	3.48e+04	1.00
8996	Random	RMHC	0	2	2	83	5859157	7.06e+04	0.00	83	2888662	3.48e+04	1.00
8997	Random	RMHC	0	2	2	94	6472807	6.89e+04	0.00	94	3290473	3.50e+04	1.00
8998	Random	RMHC	0	1	1	95	6519104	6.86e+04	0.00	95	3270650	3.44e+04	1.00
8999	Random	RMHC	0	2	2	88	6200142	7.05e+04	0.00	88	3037390	3.45e+04	1.00
9000	Random	RMHC	1	0	1	97	6706761	6.91e+04	1.00	96	3314701	3.45e+04	0.00
9001	Random	RMHC	3	0	3	92	6302804	6.85e+04	1.00	91	3164216	3.48e+04	0.00
9002	Random	OSLA	0	1	1	91	7093063	7.79e+04	0.00	91	3021633	3.32e+04	1.00
9003	Random	OSLA	1	0	1	95	7797821	8.21e+04	1.00	94	3020983	3.21e+04	0.00
9004	Random	OSLA	3	0	3	94	7693740	8.18e+04	1.00	93	3028573	3.26e+04	0.00
9005	Random	OSLA	1	0	1	98	8027327	8.19e+04	1.00	97	3185308	3.28e+04	0.00
9006	Random	OSLA	0	1	1	90	7354222	8.17e+04	0.00	90	3127545	3.48e+04	1.00
9007	Random	OSLA	1	0	1	98	8425186	8.60e+04	1.00	97	3231061	3.33e+04	0.00
9008	Random	OSLA	3	0	3	89	7425845	8.34e+04	1.00	88	2803117	3.19e+04	0.00
9009	Random	OSLA	1	0	1	97	6798701	7.01e+04	1.00	96	3030331	3.16e+04	0.00
9010	Random	OSLA	0	1	1	96	8023145	8.36e+04	0.00	96	3178758	3.31e+04	1.00
9011	Random	OSLA	1	0	1	96	7938498	8.27e+04	1.00	95	3116117	3.28e+04	0.00
9012	Random	OSLA	1	0	1	99	8308224	8.39e+04	1.00	98	3181118	3.25e+04	0.00
9013	Random	OSLA	2	0	2	96	8099206	8.44e+04	1.00	95	3153582	3.32e+04	0.00
9014	Random	OSLA	0	4	4	87	7209101	8.29e+04	0.00	87	2809016	3.23e+04	1.00
9015	Random	OSLA	1	0	1	99	7587832	7.66e+04	1.00	98	3180800	3.25e+04	0.00
9016	Random	OSLA	0	1	1	97	8002237	8.25e+04	0.00	97	3233123	3.33e+04	1.00
9017	Random	OSLA	0	2	2	95	7963942	8.38e+04	0.00	95	3097141	3.26e+04	1.00
9018	Random	OSLA	0	1	1	94	8071388	8.59e+04	0.00	94	3073514	3.27e+04	1.00
9019	Random	OSLA	0	3	3	93	7853076	8.44e+04	0.00	93	3037356	3.27e+04	1.00
9020	Random	OSLA	0	3	3	92	7638992	8.30e+04	0.00	92	3025061	3.29e+04	1.00
9021	Random	OSLA	1	0	1	99	7916201	8.00e+04	1.00	98	3225127	3.29e+04	0.00
9022	Random	OSLA	0	1	1	99	8538057	8.62e+04	0.00	99	3280438	3.31e+04	1.00
9023	Random	OSLA	0	7	7	76	6287331	8.27e+04	0.00	76	2443243	3.21e+04	1.00
9024	Random	OSLA	0	1	1	90	7604017	8.45e+04	0.00	90	2934080	3.26e+04	1.00
9025	Random	OSLA	1	0	1	88	7236036	8.22e+04	1.00	87	2837197	3.26e+04	0.00
9026	Random	OSLA	0	2	2	89	7851857	8.82e+04	0.00	89	2889512	3.25e+04	1.00
9027	Random	OSLA	0	1	1	86	7328173	8.52e+04	0.00	86	2817953	3.28e+04	1.00
9028	Random	OSLA	1	0	1	98	8855938	9.04e+04	1.00	97	3227040	3.33e+04	0.00
9029	Random	OSLA	3	0	3	96	7752379	8.08e+04	1.00	95	3097295	3.26e+04	0.00
9030	Random	OSLA	0	1	1	90	7189234	7.99e+04	0.00	90	2873729	3.19e+04	1.00
9031	Random	OSLA	1	0	1	88	7211994	8.20e+04	1.00	87	2849069	3.27e+04	0.00
9032	Random	OSLA	3	0	3	92	6612488	7.19e+04	1.00	91	2821905	3.10e+04	0.00
9033	Random	OSLA	0	1	1	87	7188943	8.26e+04	0.00	87	2835223	3.26e+04	1.00
9034	Random	OSLA	1	0	1	98	8324616	8.49e+04	1.00	97	3134875	3.23e+04	0.00
9035	Random	OSLA	1	0	1	96	7910652	8.24e+04	1.00	95	3099312	3.26e+04	0.00
9036	Random	OSLA	0	3	3	84	6307524	7.51e+04	0.00	84	2703428	3.22e+04	1.00
9037	Random	OSLA	0	2	2	93	7531601	8.10e+04	0.00	93	3098715	3.33e+04	1.00
9038	Random	OSLA	0	1	1	99	8311189	8.40e+04	0.00	99	3281772	3.31e+04	1.00
9039	Random	OSLA	0	1	1	92	7536943	8.19e+04	0.00	92	3006842	3.27e+04	1.00
9040	Random	OSLA	0	2	2	91	8093412	8.89e+04	0.00	91	2943296	3.23e+04	1.00
9041	Random	OSLA	0	1	1	88	6855377	7.79e+04	0.00	88	2858596	3.25e+04	1.00
9042	Random	OSLA	0	1	1	97	7729215	7.97e+04	0.00	97	3191174	3.29e+04	1.00
9043	Random	OSLA	0	1	1	89	7243580	8.14e+04	0.00	89	2919472	3.28e+04	1.00
9044	Random	OSLA	0	2	2	89	7301862	8.20e+04	0.00	89	2915687	3.28e+04	1.00
9045	Random	OSLA	0	6	6	62	4942923	7.97e+04	0.00	62	2002264	3.23e+04	1.00
9046	Random	OSLA	1	0	1	95	8101185	8.53e+04	1.00	94	3099186	3.30e+04	0.00
9047	Random	OSLA	2	0	2	93	8099319	8.71e+04	1.00	92	3046105	3.31e+04	0.00
9048	Random	OSLA	0	1	1	87	7148102	8.22e+04	0.00	87	2856941	3.28e+04	1.00
9049	Random	OSLA	0	6	6	78	6675446	8.56e+04	0.00	78	2550866	3.27e+04	1.00
9050	Random	OSLA	0	3	3	93	7372343	7.93e+04	0.00	93	3087194	3.32e+04	1.00
9051	Random	OSLA	1	0	1	95	8194000	8.63e+04	1.00	94	3083230	3.28e+04	0.00
9052	Random	OSLA	1	0	1	99	8224595	8.31e+04	1.00	98	3206080	3.27e+04	0.00
9053	Random	OSLA	1	0	1	96	7785505	8.11e+04	1.00	95	3096990	3.26e+04	0.00
9054	Random	OSLA	3	0	3	93	7143731	7.68e+04	1.00	92	2999223	3.26e+04	0.00
9055	Random	OSLA	0	1	1	96	7108447	7.40e+04	0.00	96	3109746	3.24e+04	1.00
9056	Random	OSLA	1	0	1	94	7294105	7.76e+04	1.00	93	3039175	3.27e+04	0.00
9057	Random	OSLA	1	0	1	98	7580341	7.74e+04	1.00	97	3186777	3.29e+04	0.00
9058	Random	OSLA	1	0	1	99	8088568	8.17e+04	1.00	98	3106180	3.17e+04	0.00
9059	Random	OSLA	0	1	1	89	7551635	8.48e+04	0.00	89	2888679	3.25e+04	1.00
9060	Random	OSLA	2	0	2	96	8316538	8.66e+04	1.00	95	3098592	3.26e+04	0.00
9061	Random	OSLA	2	0	2	92	7634915	8.30e+04	1.00	91	2971146	3.26e+04	0.00
9062	Random	OSLA	0	2	2	95	8124795	8.55e+04	0.00	95	3057304	3.22e+04	1.00
9063	Random	OSLA	3	0	3	90	8139355	9.04e+04	1.00	89	3003478	3.37e+04	0.00
9064	Random	OSLA	0	3	3	84	6979199	8.31e+04	0.00	84	2710475	3.23e+04	1.00
9065	Random	OSLA	0	2	2	86	7324721	8.52e+04	0.00	86	2822968	3.28e+04	1.00
9066	Random	OSLA	0	2	2	84	6766773	8.06e+04	0.00	84	2732757	3.25e+04	1.00
9067	Random	OSLA	3	0	3	89	7401278	8.32e+04	1.00	88	2907634	3.30e+04	0.00
9068	Random	OSLA	0	2	2	90	7439677	8.27e+04	0.00	90	2974963	3.31e+04	1.00
9069	Random	OSLA	0	1	1	96	8339921	8.69e+04	0.00	96	3144638	3.28e+04	1.00
9070	Random	OSLA	0	2	2	91	7587081	8.34e+04	0.00	91	3001438	3.30e+04	1.00
9071	Random	OSLA	0	1	1	90	8080515	8.98e+04	0.00	90	2944289	3.27e+04	1.00
9072	Random	OSLA	4	0	4	93	7827636	8.42e+04	1.00	92	3008882	3.27e+04	0.00
9073	Random	OSLA	1	0	1	99	8340796	8.43e+04	1.00	98	3214413	3.28e+04	0.00
9074	Random	OSLA	0	1	1	88	7397574	8.41e+04	0.00	88	2849368	3.24e+04	1.00
9075	Random	OSLA	1	0	1	93	7559802	8.13e+04	1.00	92	3177685	3.45e+04	0.00
9076	Random	OSLA	2	0	2	97	7984576	8.23e+04	1.00	96	3135352	3.27e+04	0.00
9077	Random	OSLA	1	0	1	97	7130030	7.35e+04	1.00	96	3068588	3.20e+04	0.00
9078	Random	OSLA	0	1	1	95	7554536	7.95e+04	0.00	95	3147381	3.31e+04	1.00
9079	Random	OSLA	0	1	1	98	8709413	8.89e+04	0.00	98	3219468	3.29e+04	1.00
9080	Random	OSLA	0	1	1	88	7170710	8.15e+04	0.00	88	2801687	3.18e+04	1.00
9081	Random	OSLA	1	0	1	92	7587042	8.25e+04	1.00	91	2959032	3.25e+04	0.00
9082	Random	OSLA	1	0	1	100	8488308	8.49e+04	1.00	99	3203802	3.24e+04	0.00
9083	Random	OSLA	0	1	1	93	7477286	8.04e+04	0.00	93	3051117	3.28e+04	1.00
9084	Random	OSLA	3	0	3	83	6684995	8.05e+04	1.00	82	2606833	3.18e+04	0.00
9085	Random	OSLA	1	0	1	96	7480736	7.79e+04	1.00	95	3141940	3.31e+04	0.00
9086	Random	OSLA	1	0	1	99	8543030	8.63e+04	1.00	98	3209584	3.28e+04	0.00
9087	Random	OSLA	0	1	1	90	7895468	8.77e+04	0.00	90	2950677	3.28e+04	1.00
9088	Random	OSLA	0	2	2	93	7592827	8.16e+04	0.00	93	3026415	3.25e+04	1.00
9089	Random	OSLA	0	1	1	93	7411715	7.97e+04	0.00	93	3046795	3.28e+04	1.00
9090	Random	OSLA	0	2	2	98	8113872	8.28e+04	0.00	98	3238630	3.30e+04	1.00
9091	Random	OSLA	0	1	1	88	7253426	8.24e+04	0.00	88	2865755	3.26e+04	1.00
9092	Random	OSLA	0	1	1	97	8285727	8.54e+04	0.00	97	3152406	3.25e+04	1.00
9093	Random	OSLA	0	3	3	89	7024458	7.89e+04	0.00	89	2912505	3.27e+04	1.00
9094	Random	OSLA	1	0	1	97	8061985	8.31e+04	1.00	96	3159268	3.29e+04	0.00
9095	Random	OSLA	0	1	1	96	7622107	7.94e+04	0.00	96	3178275	3.31e+04	1.00
9096	Random	OSLA	1	0	1	90	7915341	8.79e+04	1.00	89	2981764	3.35e+04	0.00
9097	Random	OSLA	0	1	1	94	7455880	7.93e+04	0.00	94	3082351	3.28e+04	1.00
9098	Random	OSLA	0	1	1	87	7085950	8.14e+04	0.00	87	2813635	3.23e+04	1.00
9099	Random	OSLA	0	2	2	96	6934989	7.22e+04	0.00	96	3134758	3.27e+04	1.00
9100	Random	OSLA	1	0	1	94	7035520	7.48e+04	1.00	93	2971817	3.20e+04	0.00
9101	Random	OSLA	3	0	3	96	7815869	8.14e+04	1.00	95	3104688	3.27e+04	0.00
9102	Random	OSLA	3	0	3	78	6066728	7.78e+04	1.00	77	2446963	3.18e+04	0.00
9103	Random	OSLA	3	0	3	97	8369431	8.63e+04	1.00	96	3166997	3.30e+04	0.00
9104	Random	OSLA	0	1	1	98	7920786	8.08e+04	0.00	98	3187258	3.25e+04	1.00
9105	Random	OSLA	2	0	2	97	8254338	8.51e+04	1.00	96	3143814	3.27e+04	0.00
9106	Random	OSLA	2	0	2	91	7350552	8.08e+04	1.00	90	2910475	3.23e+04	0.00
9107	Random	OSLA	0	2	2	97	8102373	8.35e+04	0.00	97	3116838	3.21e+04	1.00
9108	Random	OSLA	0	1	1	92	7703711	8.37e+04	0.00	92	3010210	3.27e+04	1.00
9109	Random	OSLA	0	3	3	88	7278558	8.27e+04	0.00	88	2875863	3.27e+04	1.00
9110	Random	OSLA	0	2	2	94	7129847	7.58e+04	0.00	94	3036738	3.23e+04	1.00
9111	Random	OSLA	0	1	1	90	7726950	8.59e+04	0.00	90	3031667	3.37e+04	1.00
9112	Random	OSLA	1	0	1	95	7889060	8.30e+04	1.00	94	3045972	3.24e+04	0.00
9113	Random	OSLA	0	2	2	88	7480670	8.50e+04	0.00	88	2856302	3.25e+04	1.00
9114	Random	OSLA	1	0	1	97	8231105	8.49e+04	1.00	96	3165146	3.30e+04	0.00
9115	Random	OSLA	0	2	2	85	7036572	8.28e+04	0.00	85	2746425	3.23e+04	1.00
9116	Random	OSLA	2	0	2	97	7660661	7.90e+04	1.00	96	3160958	3.29e+04	0.00
9117	Random	OSLA	1	0	1	90	7690135	8.54e+04	1.00	89	2954430	3.32e+04	0.00
9118	Random	OSLA	1	0	1	100	7854531	7.85e+04	1.00	99	3249876	3.28e+04	0.00
9119	Random	OSLA	1	0	1	96	7943539	8.27e+04	1.00	95	3110661	3.27e+04	0.00
9120	Random	OSLA	0	3	3	87	7299339	8.39e+04	0.00	87	2904279	3.34e+04	1.00
9121	Random	OSLA	0	1	1	99	7919541	8.00e+04	0.00	99	3232641	3.27e+04	1.00
9122	Random	OSLA	0	1	1	94	6791583	7.23e+04	0.00	94	2986886	3.18e+04	1.00
9123	Random	OSLA	3	0	3	81	6799250	8.39e+04	1.00	80	2624189	3.28e+04	0.00
9124	Random	OSLA	0	2	2	97	7734584	7.97e+04	0.00	97	3162457	3.26e+04	1.00
9125	Random	OSLA	1	0	1	92	7579241	8.24e+04	1.00	91	2957739	3.25e+04	0.00
9126	Random	OSLA	0	3	3	83	6643818	8.00e+04	0.00	83	2697701	3.25e+04	1.00
9127	Random	OSLA	1	0	1	88	7734000	8.79e+04	1.00	87	2818389	3.24e+04	0.00
9128	Random	OSLA	0	1	1	95	7932720	8.35e+04	0.00	95	3118440	3.28e+04	1.00
9129	Random	OSLA	1	0	1	86	7313791	8.50e+04	1.00	85	2760573	3.25e+04	0.00
9130	Random	OSLA	2	0	2	92	7566628	8.22e+04	1.00	91	2922878	3.21e+04	0.00
9131	Random	OSLA	3	0	3	87	7411647	8.52e+04	1.00	86	2809433	3.27e+04	0.00
9132	Random	OSLA	1	0	1	97	7502158	7.73e+04	1.00	96	3151872	3.28e+04	0.00
9133	Random	OSLA	0	1	1	96	8059496	8.40e+04	0.00	96	3154958	3.29e+04	1.00
9134	Random	OSLA	1	0	1	95	7739041	8.15e+04	1.00	94	3091846	3.29e+04	0.00
9135	Random	OSLA	0	1	1	91	7754392	8.52e+04	0.00	91	2988757	3.28e+04	1.00
9136	Random	OSLA	1	0	1	100	7883835	7.88e+04	1.00	99	3251520	3.28e+04	0.00
9137	Random	OSLA	0	1	1	96	8044671	8.38e+04	0.00	96	3177794	3.31e+04	1.00
9138	Random	OSLA	0	1	1	90	7853863	8.73e+04	0.00	90	2920701	3.25e+04	1.00
9139	Random	OSLA	0	3	3	88	7342480	8.34e+04	0.00	88	2900335	3.30e+04	1.00
9140	Random	OSLA	0	2	2	96	7853934	8.18e+04	0.00	96	3155460	3.29e+04	1.00
9141	Random	OSLA	0	1	1	94	7641910	8.13e+04	0.00	94	3093277	3.29e+04	1.00
9142	Random	OSLA	0	3	3	96	7773585	8.10e+04	0.00	96	3169014	3.30e+04	1.00
9143	Random	OSLA	1	0	1	95	8104700	8.53e+04	1.00	94	3095532	3.29e+04	0.00
9144	Random	OSLA	0	3	3	91	7905724	8.69e+04	0.00	91	3020840	3.32e+04	1.00
9145	Random	OSLA	1	0	1	94	6591081	7.01e+04	1.00	93	2920665	3.14e+04	0.00
9146	Random	OSLA	3	0	3	98	8634290	8.81e+04	1.00	97	3247657	3.35e+04	0.00
9147	Random	OSLA	3	0	3	82	6647595	8.11e+04	1.00	81	2640070	3.26e+04	0.00
9148	Random	OSLA	1	0	1	99	7531513	7.61e+04	1.00	98	3183498	3.25e+04	0.00
9149	Random	OSLA	0	2	2	92	7777313	8.45e+04	0.00	92	3008963	3.27e+04	1.00
9150	Random	OSLA	3	0	3	86	6996266	8.14e+04	1.00	85	2755796	3.24e+04	0.00
9151	Random	OSLA	0	1	1	98	8295349	8.46e+04	0.00	98	3232471	3.30e+04	1.00
9152	Random	OSLA	0	1	1	96	7650107	7.97e+04	0.00	96	3131316	3.26e+04	1.00
9153	Random	OSLA	0	4	4	93	7737957	8.32e+04	0.00	93	3055632	3.29e+04	1.00
9154	Random	OSLA	0	1	1	98	7901056	8.06e+04	0.00	98	3142108	3.21e+04	1.00
9155	Random	OSLA	1	0	1	95	7928073	8.35e+04	1.00	94	3097777	3.30e+04	0.00
9156	Random	OSLA	0	4	4	85	6647368	7.82e+04	0.00	85	2764778	3.25e+04	1.00
9157	Random	OSLA	0	2	2	90	7009373	7.79e+04	0.00	90	2944645	3.27e+04	1.00
9158	Random	OSLA	1	0	1	92	7453424	8.10e+04	1.00	91	2919185	3.21e+04	0.00
9159	Random	OSLA	0	1	1	98	7959833	8.12e+04	0.00	98	3233756	3.30e+04	1.00
9160	Random	OSLA	3	0	3	86	7122825	8.28e+04	1.00	85	2765585	3.25e+04	0.00
9161	Random	OSLA	1	0	1	97	7684472	7.92e+04	1.00	96	3167010	3.30e+04	0.00
9162	Random	OSLA	1	0	1	85	7497332	8.82e+04	1.00	84	2763345	3.29e+04	0.00
9163	Random	OSLA	1	0	1	96	8171648	8.51e+04	1.00	95	3101944	3.27e+04	0.00
9164	Random	OSLA	0	5	5	80	6626627	8.28e+04	0.00	80	2599165	3.25e+04	1.00
9165	Random	OSLA	2	0	2	92	7779738	8.46e+04	1.00	91	2982065	3.28e+04	0.00
9166	Random	OSLA	0	3	3	94	7508172	7.99e+04	0.00	94	3116478	3.32e+04	1.00
9167	Random	OSLA	2	0	2	94	7951031	8.46e+04	1.00	93	3038199	3.27e+04	0.00
9168	Random	OSLA	0	4	4	73	5298049	7.26e+04	0.00	73	2298316	3.15e+04	1.00
9169	Random	OSLA	0	5	5	78	6059346	7.77e+04	0.00	78	2507026	3.21e+04	1.00
9170	Random	OSLA	0	1	1	95	8409493	8.85e+04	0.00	95	3151765	3.32e+04	1.00
9171	Random	OSLA	0	1	1	93	7886448	8.48e+04	0.00	93	3053329	3.28e+04	1.00
9172	Random	OSLA	2	0	2	83	6895922	8.31e+04	1.00	82	2693202	3.28e+04	0.00
9173	Random	OSLA	1	0	1	94	8016550	8.53e+04	1.00	93	3038544	3.27e+04	0.00
9174	Random	OSLA	1	0	1	93	7582067	8.15e+04	1.00	92	3005449	3.27e+04	0.00
9175	Random	OSLA	1	0	1	98	7956913	8.12e+04	1.00	97	3234285	3.33e+04	0.00
9176	Random	OSLA	1	0	1	98	8205930	8.37e+04	1.00	97	3150981	3.25e+04	0.00
9177	Random	OSLA	0	1	1	95	8127035	8.55e+04	0.00	95	3117093	3.28e+04	1.00
9178	Random	OSLA	1	0	1	98	8103975	8.27e+04	1.00	97	3105251	3.20e+04	0.00
9179	Random	OSLA	0	3	3	87	7456032	8.57e+04	0.00	87	2882762	3.31e+04	1.00
9180	Random	OSLA	1	0	1	96	8065481	8.40e+04	1.00	95	3116981	3.28e+04	0.00
9181	Random	OSLA	0	1	1	85	6269889	7.38e+04	0.00	85	2770507	3.26e+04	1.00
9182	Random	OSLA	0	5	5	89	7124158	8.00e+04	0.00	89	2926404	3.29e+04	1.00
9183	Random	OSLA	0	2	2	90	7785713	8.65e+04	0.00	90	2973246	3.30e+04	1.00
9184	Random	OSLA	0	1	1	96	8221310	8.56e+04	0.00	96	3222828	3.36e+04	1.00
9185	Random	OSLA	1	0	1	98	8039954	8.20e+04	1.00	97	3205715	3.30e+04	0.00
9186	Random	OSLA	0	2	2	96	8369053	8.72e+04	0.00	96	3135107	3.27e+04	1.00
9187	Random	OSLA	0	2	2	93	7460953	8.02e+04	0.00	93	3038435	3.27e+04	1.00
9188	Random	OSLA	0	2	2	84	6820336	8.12e+04	0.00	84	2740919	3.26e+04	1.00
9189	Random	OSLA	0	1	1	93	7625545	8.20e+04	0.00	93	3048691	3.28e+04	1.00
9190	Random	OSLA	0	3	3	90	6809323	7.57e+04	0.00	90	2858594	3.18e+04	1.00
9191	Random	OSLA	0	1	1	94	8184137	8.71e+04	0.00	94	3124343	3.32e+04	1.00
9192	Random	OSLA	0	4	4	83	7184986	8.66e+04	0.00	83	2750008	3.31e+04	1.00
9193	Random	OSLA	1	0	1	93	7742792	8.33e+04	1.00	92	3018839	3.28e+04	0.00
9194	Random	OSLA	1	0	1	97	7483778	7.72e+04	1.00	96	3113616	3.24e+04	0.00
9195	Random	OSLA	0	1	1	88	7561824	8.59e+04	0.00	88	2866526	3.26e+04	1.00
9196	Random	OSLA	0	1	1	98	8399818	8.57e+04	0.00	98	3243018	3.31e+04	1.00
9197	Random	OSLA	1	0	1	93	7690314	8.27e+04	1.00	92	3034620	3.30e+04	0.00
9198	Random	OSLA	0	1	1	89	7402443	8.32e+04	0.00	89	2937564	3.30e+04	1.00
9199	Random	OSLA	2	0	2	88	7262908	8.25e+04	1.00	87	2854605	3.28e+04	0.00
9200	Random	OSLA	0	1	1	96	7970508	8.30e+04	0.00	96	3164383	3.30e+04	1.00
9201	Random	OSLA	1	0	1	91	7973772	8.76e+04	1.00	90	2937648	3.26e+04	0.00
9202	Random	OSLA	1	0	1	97	7930143	8.18e+04	1.00	96	3118006	3.25e+04	0.00
9203	Random	OSLA	1	0	1	99	8153495	8.24e+04	1.00	98	3228791	3.29e+04	0.00
9204	Random	OSLA	0	1	1	94	8313879	8.84e+04	0.00	94	3046688	3.24e+04	1.00
9205	Random	OSLA	3	0	3	83	6462300	7.79e+04	1.00	82	2651826	3.23e+04	0.00
9206	Random	OSLA	0	1	1	99	8558091	8.64e+04	0.00	99	3206040	3.24e+04	1.00
9207	Random	OSLA	0	2	2	95	8203118	8.63e+04	0.00	95	3200161	3.37e+04	1.00
9208	Random	OSLA	1	0	1	95	7212065	7.59e+04	1.00	94	3068393	3.26e+04	0.00
9209	Random	OSLA	1	0	1	94	7470320	7.95e+04	1.00	93	3037182	3.27e+04	0.00
9210	Random	OSLA	0	1	1	93	7357019	7.91e+04	0.00	93	3026700	3.25e+04	1.00
9211	Random	OSLA	1	0	1	93	7487942	8.05e+04	1.00	92	3005905	3.27e+04	0.00
9212	Random	OSLA	0	1	1	97	8192037	8.45e+04	0.00	97	3181498	3.28e+04	1.00
9213	Random	OSLA	1	0	1	94	6986957	7.43e+04	1.00	93	2971266	3.19e+04	0.00
9214	Random	OSLA	0	3	3	90	7384741	8.21e+04	0.00	90	2918384	3.24e+04	1.00
9215	Random	OSLA	2	0	2	95	8540015	8.99e+04	1.00	94	3130161	3.33e+04	0.00
9216	Random	OSLA	2	0	2	98	7834243	7.99e+04	1.00	97	3186669	3.29e+04	0.00
9217	Random	OSLA	0	3	3	90	7427726	8.25e+04	0.00	90	2952077	3.28e+04	1.00
9218	Random	OSLA	1	0	1	98	6880021	7.02e+04	1.00	97	3148623	3.25e+04	0.00
9219	Random	OSLA	2	0	2	96	7868832	8.20e+04	1.00	95	3100615	3.26e+04	0.00
9220	Random	OSLA	1	0	1	98	7672522	7.83e+04	1.00	97	3144649	3.24e+04	0.00
9221	Random	OSLA	0	2	2	92	7467300	8.12e+04	0.00	92	3043220	3.31e+04	1.00
9222	Random	OSLA	0	1	1	95	7670728	8.07e+04	0.00	95	3095624	3.26e+04	1.00
9223	Random	OSLA	1	0	1	94	7333487	7.80e+04	1.00	93	3049470	3.28e+04	0.00
9224	Random	OSLA	2	0	2	83	6952596	8.38e+04	1.00	82	2695926	3.29e+04	0.00
9225	Random	OSLA	0	3	3	91	7571846	8.32e+04	0.00	91	3000794	3.30e+04	1.00
9226	Random	OSLA	1	0	1	96	8255340	8.60e+04	1.00	95	3155967	3.32e+04	0.00
9227	Random	OSLA	2	0	2	89	7786055	8.75e+04	1.00	88	2920122	3.32e+04	0.00
9228	Random	OSLA	0	2	2	93	7845323	8.44e+04	0.00	93	3019173	3.25e+04	1.00
9229	Random	OSLA	0	4	4	86	7351676	8.55e+04	0.00	86	2851941	3.32e+04	1.00
9230	Random	OSLA	0	1	1	91	8122253	8.93e+04	0.00	91	2984440	3.28e+04	1.00
9231	Random	OSLA	1	0	1	91	7892342	8.67e+04	1.00	90	2956177	3.28e+04	0.00
9232	Random	OSLA	0	1	1	93	8206314	8.82e+04	0.00	93	3057513	3.29e+04	1.00
9233	Random	OSLA	0	1	1	93	7927516	8.52e+04	0.00	93	3055600	3.29e+04	1.00
9234	Random	OSLA	0	2	2	93	8010959	8.61e+04	0.00	93	2979309	3.20e+04	1.00
9235	Random	OSLA	0	1	1	93	7874942	8.47e+04	0.00	93	3077482	3.31e+04	1.00
9236	Random	OSLA	3	0	3	86	6443211	7.49e+04	1.00	85	2733652	3.22e+04	0.00
9237	Random	OSLA	2	0	2	95	8029397	8.45e+04	1.00	94	3072569	3.27e+04	0.00
9238	Random	OSLA	0	2	2	90	7828636	8.70e+04	0.00	90	2937491	3.26e+04	1.00
9239	Random	OSLA	0	2	2	85	6956093	8.18e+04	0.00	85	2795245	3.29e+04	1.00
9240	Random	OSLA	0	1	1	91	7655121	8.41e+04	0.00	91	2990310	3.29e+04	1.00
9241	Random	OSLA	0	1	1	93	7871409	8.46e+04	0.00	93	3033815	3.26e+04	1.00
9242	Random	OSLA	0	1	1	98	7622235	7.78e+04	0.00	98	3209597	3.28e+04	1.00
9243	Random	OSLA	3	0	3	76	6268861	8.25e+04	1.00	75	2456001	3.27e+04	0.00
9244	Random	OSLA	0	3	3	85	6970554	8.20e+04	0.00	85	2754799	3.24e+04	1.00
9245	Random	OSLA	2	0	2	82	7041314	8.59e+04	1.00	81	2670091	3.30e+04	0.00
9246	Random	OSLA	1	0	1	89	7542007	8.47e+04	1.00	88	2921473	3.32e+04	0.00
9247	Random	OSLA	1	0	1	94	7231606	7.69e+04	1.00	93	3017063	3.24e+04	0.00
9248	Random	OSLA	3	0	3	93	7736156	8.32e+04	1.00	92	2962516	3.22e+04	0.00
9249	Random	OSLA	1	0	1	93	7985827	8.59e+04	1.00	92	3075935	3.34e+04	0.00
9250	Random	OSLA	2	0	2	73	5722918	7.84e+04	1.00	72	2325009	3.23e+04	0.00
9251	Random	OSLA	0	1	1	95	8152765	8.58e+04	0.00	95	3155716	3.32e+04	1.00
9252	Random	OSLA	0	1	1	98	8133475	8.30e+04	0.00	98	3198623	3.26e+04	1.00
9253	Random	OSLA	2	0	2	93	6930076	7.45e+04	1.00	92	3037449	3.30e+04	0.00
9254	Random	OSLA	0	4	4	86	6987508	8.13e+04	0.00	86	2793091	3.25e+04	1.00
9255	Random	OSLA	1	0	1	95	8056443	8.48e+04	1.00	94	3055440	3.25e+04	0.00
9256	Random	OSLA	1	0	1	96	8171468	8.51e+04	1.00	95	3140464	3.31e+04	0.00
9257	Random	OSLA	1	0	1	91	7436828	8.17e+04	1.00	90	2911027	3.23e+04	0.00
9258	Random	OSLA	0	1	1	91	6824049	7.50e+04	0.00	91	2827147	3.11e+04	1.00
9259	Random	OSLA	2	0	2	98	7749013	7.91e+04	1.00	97	3182569	3.28e+04	0.00
9260	Random	OSLA	0	1	1	99	8272859	8.36e+04	0.00	99	3271811	3.30e+04	1.00
9261	Random	OSLA	2	0	2	92	7320017	7.96e+04	1.00	91	3002697	3.30e+04	0.00
9262	Random	OSLA	0	4	4	86	6912847	8.04e+04	0.00	86	2809463	3.27e+04	1.00
9263	Random	OSLA	0	2	2	95	7902866	8.32e+04	0.00	95	3129155	3.29e+04	1.00
9264	Random	OSLA	0	1	1	95	8023208	8.45e+04	0.00	95	3109816	3.27e+04	1.00
9265	Random	OSLA	1	0	1	94	7979140	8.49e+04	1.00	93	3056005	3.29e+04	0.00
9266	Random	OSLA	0	2	2	91	7336438	8.06e+04	0.00	91	2986251	3.28e+04	1.00
9267	Random	OSLA	2	0	2	91	7744545	8.51e+04	1.00	90	2961962	3.29e+04	0.00
9268	Random	OSLA	0	1	1	94	8222289	8.75e+04	0.00	94	3100381	3.30e+04	1.00
9269	Random	OSLA	0	4	4	90	7590717	8.43e+04	0.00	90	2967537	3.30e+04	1.00
9270	Random	OSLA	0	1	1	97	8021132	8.27e+04	0.00	97	3165950	3.26e+04	1.00
9271	Random	OSLA	3	0	3	88	7453939	8.47e+04	1.00	87	2863537	3.29e+04	0.00
9272	Random	OSLA	0	1	1	94	7683925	8.17e+04	0.00	94	3051515	3.25e+04	1.00
9273	Random	OSLA	0	1	1	86	7471162	8.69e+04	0.00	86	2801509	3.26e+04	1.00
9274	Random	OSLA	0	2	2	88	7251513	8.24e+04	0.00	88	2872524	3.26e+04	1.00
9275	Random	OSLA	0	3	3	87	7530526	8.66e+04	0.00	87	2858812	3.29e+04	1.00
9276	Random	OSLA	1	0	1	98	8223920	8.39e+04	1.00	97	3126019	3.22e+04	0.00
9277	Random	OSLA	1	0	1	99	8723163	8.81e+04	1.00	98	3293591	3.36e+04	0.00
9278	Random	OSLA	0	1	1	98	8637253	8.81e+04	0.00	98	3259075	3.33e+04	1.00
9279	Random	OSLA	0	2	2	92	7112237	7.73e+04	0.00	92	3013494	3.28e+04	1.00
9280	Random	OSLA	0	2	2	97	8236295	8.49e+04	0.00	97	3156905	3.25e+04	1.00
9281	Random	OSLA	1	0	1	98	6948521	7.09e+04	1.00	97	3065995	3.16e+04	0.00
9282	Random	OSLA	0	1	1	96	7821189	8.15e+04	0.00	96	3079284	3.21e+04	1.00
9283	Random	OSLA	0	2	2	90	7248418	8.05e+04	0.00	90	2945853	3.27e+04	1.00
9284	Random	OSLA	2	0	2	95	7448067	7.84e+04	1.00	94	3092804	3.29e+04	0.00
9285	Random	OSLA	1	0	1	97	8131091	8.38e+04	1.00	96	3134259	3.26e+04	0.00
9286	Random	OSLA	0	2	2	87	7470239	8.59e+04	0.00	87	2842744	3.27e+04	1.00
9287	Random	OSLA	1	0	1	95	7771604	8.18e+04	1.00	94	3082427	3.28e+04	0.00
9288	Random	OSLA	1	0	1	97	8334300	8.59e+04	1.00	96	3175238	3.31e+04	0.00
9289	Random	OSLA	3	0	3	90	7765097	8.63e+04	1.00	89	2941632	3.31e+04	0.00
9290	Random	OSLA	1	0	1	99	8642147	8.73e+04	1.00	98	3231611	3.30e+04	0.00
9291	Random	OSLA	0	4	4	89	7622144	8.56e+04	0.00	89	2958052	3.32e+04	1.00
9292	Random	OSLA	0	1	1	97	8068071	8.32e+04	0.00	97	3140445	3.24e+04	1.00
9293	Random	OSLA	0	3	3	88	7957030	9.04e+04	0.00	88	2927275	3.33e+04	1.00
9294	Random	OSLA	0	2	2	91	7969176	8.76e+04	0.00	91	2979803	3.27e+04	1.00
9295	Random	OSLA	1	0	1	95	7767331	8.18e+04	1.00	94	3040232	3.23e+04	0.00
9296	Random	OSLA	2	0	2	94	7884422	8.39e+04	1.00	93	3088797	3.32e+04	0.00
9297	Random	OSLA	0	1	1	91	7845631	8.62e+04	0.00	91	2997696	3.29e+04	1.00
9298	Random	OSLA	4	0	4	83	7011697	8.45e+04	1.00	82	2632122	3.21e+04	0.00
9299	Random	OSLA	1	0	1	99	8142020	8.22e+04	1.00	98	3200615	3.27e+04	0.00
9300	Random	OSLA	0	1	1	93	7580850	8.15e+04	0.00	93	3080776	3.31e+04	1.00
9301	Random	OSLA	2	0	2	91	7622348	8.38e+04	1.00	90	2925560	3.25e+04	0.00
9302	Random	OSLA	0	1	1	90	7351261	8.17e+04	0.00	90	2973847	3.30e+04	1.00
9303	Random	OSLA	1	0	1	99	7775847	7.85e+04	1.00	98	3140336	3.20e+04	0.00
9304	Random	OSLA	1	0	1	97	7912078	8.16e+04	1.00	96	3085702	3.21e+04	0.00
9305	Random	OSLA	1	0	1	99	8070570	8.15e+04	1.00	98	3182355	3.25e+04	0.00
9306	Random	OSLA	0	2	2	90	7089722	7.88e+04	0.00	90	2882497	3.20e+04	1.00
9307	Random	OSLA	2	0	2	90	7500369	8.33e+04	1.00	89	2934520	3.30e+04	0.00
9308	Random	OSLA	0	2	2	86	7119600	8.28e+04	0.00	86	2837031	3.30e+04	1.00
9309	Random	OSLA	0	1	1	97	7701566	7.94e+04	0.00	97	3183554	3.28e+04	1.00
9310	Random	OSLA	0	2	2	91	7202460	7.91e+04	0.00	91	2958035	3.25e+04	1.00
9311	Random	OSLA	0	2	2	92	7520422	8.17e+04	0.00	92	3036056	3.30e+04	1.00
9312	Random	OSLA	0	1	1	94	7949352	8.46e+04	0.00	94	3063854	3.26e+04	1.00
9313	Random	OSLA	0	1	1	92	7590635	8.25e+04	0.00	92	3072899	3.34e+04	1.00
9314	Random	OSLA	2	0	2	95	7835138	8.25e+04	1.00	94	3066046	3.26e+04	0.00
9315	Random	OSLA	0	3	3	73	5936477	8.13e+04	0.00	73	2375866	3.25e+04	1.00
9316	Random	OSLA	0	1	1	91	7322633	8.05e+04	0.00	91	3014701	3.31e+04	1.00
9317	Random	OSLA	2	0	2	89	7727838	8.68e+04	1.00	88	2913611	3.31e+04	0.00
9318	Random	OSLA	0	1	1	87	7508772	8.63e+04	0.00	87	2876695	3.31e+04	1.00
9319	Random	OSLA	0	3	3	94	7973744	8.48e+04	0.00	94	3082383	3.28e+04	1.00
9320	Random	OSLA	0	8	8	60	4747174	7.91e+04	0.00	60	1896108	3.16e+04	1.00
9321	Random	OSLA	0	1	1	95	8358725	8.80e+04	0.00	95	3144872	3.31e+04	1.00
9322	Random	OSLA	0	1	1	94	7628198	8.12e+04	0.00	94	3052001	3.25e+04	1.00
9323	Random	OSLA	0	2	2	87	7650192	8.79e+04	0.00	87	2842081	3.27e+04	1.00
9324	Random	OSLA	0	1	1	93	7798010	8.38e+04	0.00	93	3071667	3.30e+04	1.00
9325	Random	OSLA	4	0	4	93	7221491	7.77e+04	1.00	92	3004348	3.27e+04	0.00
9326	Random	OSLA	1	0	1	99	7041624	7.11e+04	1.00	98	3114575	3.18e+04	0.00
9327	Random	OSLA	0	3	3	85	6430573	7.57e+04	0.00	85	2754021	3.24e+04	1.00
9328	Random	OSLA	1	0	1	100	8708784	8.71e+04	1.00	99	3219586	3.25e+04	0.00
9329	Random	OSLA	2	0	2	86	7076242	8.23e+04	1.00	85	2787635	3.28e+04	0.00
9330	Random	OSLA	1	0	1	95	7778122	8.19e+04	1.00	94	3004663	3.20e+04	0.00
9331	Random	OSLA	1	0	1	100	8277013	8.28e+04	1.00	99	3234605	3.27e+04	0.00
9332	Random	OSLA	2	0	2	90	7780809	8.65e+04	1.00	89	2902098	3.26e+04	0.00
9333	Random	OSLA	1	0	1	89	7536061	8.47e+04	1.00	88	2891198	3.29e+04	0.00
9334	Random	OSLA	1	0	1	90	6981100	7.76e+04	1.00	89	2896435	3.25e+04	0.00
9335	Random	OSLA	1	0	1	98	8473843	8.65e+04	1.00	97	3236702	3.34e+04	0.00
9336	Random	OSLA	1	0	1	97	7926885	8.17e+04	1.00	96	3264355	3.40e+04	0.00
9337	Random	OSLA	2	0	2	88	7286104	8.28e+04	1.00	87	2905121	3.34e+04	0.00
9338	Random	OSLA	2	0	2	95	8245403	8.68e+04	1.00	94	3068341	3.26e+04	0.00
9339	Random	OSLA	0	1	1	97	8106101	8.36e+04	0.00	97	3202097	3.30e+04	1.00
9340	Random	OSLA	0	4	4	78	5897107	7.56e+04	0.00	78	2513836	3.22e+04	1.00
9341	Random	OSLA	0	2	2	94	8006840	8.52e+04	0.00	94	3116479	3.32e+04	1.00
9342	Random	OSLA	1	0	1	87	7139461	8.21e+04	1.00	86	2800907	3.26e+04	0.00
9343	Random	OSLA	0	1	1	91	6854483	7.53e+04	0.00	91	2977485	3.27e+04	1.00
9344	Random	OSLA	1	0	1	94	8190455	8.71e+04	1.00	93	3103453	3.34e+04	0.00
9345	Random	OSLA	1	0	1	97	8031752	8.28e+04	1.00	96	3144577	3.28e+04	0.00
9346	Random	OSLA	1	0	1	95	7101663	7.48e+04	1.00	94	3051921	3.25e+04	0.00
9347	Random	OSLA	0	2	2	92	7167665	7.79e+04	0.00	92	3009254	3.27e+04	1.00
9348	Random	OSLA	1	0	1	95	8001589	8.42e+04	1.00	94	3108867	3.31e+04	0.00
9349	Random	OSLA	3	0	3	89	5942182	6.68e+04	1.00	88	2765970	3.14e+04	0.00
9350	Random	OSLA	0	1	1	94	7520695	8.00e+04	0.00	94	3065958	3.26e+04	1.00
9351	Random	OSLA	2	0	2	94	7352074	7.82e+04	1.00	93	3066616	3.30e+04	0.00
9352	Random	OSLA	0	2	2	89	7350578	8.26e+04	0.00	89	2881931	3.24e+04	1.00
9353	Random	OSLA	3	0	3	95	8330022	8.77e+04	1.00	94	3124349	3.32e+04	0.00
9354	Random	OSLA	1	0	1	99	8537804	8.62e+04	1.00	98	3194601	3.26e+04	0.00
9355	Random	OSLA	0	2	2	94	7623481	8.11e+04	0.00	94	3076735	3.27e+04	1.00
9356	Random	OSLA	0	3	3	93	6989396	7.52e+04	0.00	93	2913324	3.13e+04	1.00
9357	Random	OSLA	2	0	2	91	7746666	8.51e+04	1.00	90	2943637	3.27e+04	0.00
9358	Random	OSLA	5	0	5	90	7549920	8.39e+04	1.00	89	2926460	3.29e+04	0.00
9359	Random	OSLA	0	2	2	94	7660904	8.15e+04	0.00	94	3110601	3.31e+04	1.00
9360	Random	OSLA	0	2	2	88	6957979	7.91e+04	0.00	88	2873125	3.26e+04	1.00
9361	Random	OSLA	0	2	2	94	7914754	8.42e+04	0.00	94	3065054	3.26e+04	1.00
9362	Random	OSLA	1	0	1	90	7629236	8.48e+04	1.00	89	2880686	3.24e+04	0.00
9363	Random	OSLA	4	0	4	88	7418521	8.43e+04	1.00	87	2870092	3.30e+04	0.00
9364	Random	OSLA	0	1	1	99	8353117	8.44e+04	0.00	99	3218647	3.25e+04	1.00
9365	Random	OSLA	0	1	1	96	8219947	8.56e+04	0.00	96	3165177	3.30e+04	1.00
9366	Random	OSLA	1	0	1	98	8387091	8.56e+04	1.00	97	3167193	3.27e+04	0.00
9367	Random	OSLA	0	1	1	99	7719809	7.80e+04	0.00	99	3231667	3.26e+04	1.00
9368	Random	OSLA	0	1	1	97	7697893	7.94e+04	0.00	97	3197614	3.30e+04	1.00
9369	Random	OSLA	1	0	1	96	8016121	8.35e+04	1.00	95	3158374	3.32e+04	0.00
9370	Random	OSLA	0	1	1	97	7838959	8.08e+04	0.00	97	3099697	3.20e+04	1.00
9371	Random	OSLA	3	0	3	91	7062718	7.76e+04	1.00	90	2867112	3.19e+04	0.00
9372	Random	OSLA	4	0	4	90	7906073	8.78e+04	1.00	89	2861690	3.22e+04	0.00
9373	Random	OSLA	1	0	1	99	8302013	8.39e+04	1.00	98	3218657	3.28e+04	0.00
9374	Random	OSLA	1	0	1	98	7711957	7.87e+04	1.00	97	3133665	3.23e+04	0.00
9375	Random	OSLA	1	0	1	92	7354340	7.99e+04	1.00	91	2982214	3.28e+04	0.00
9376	Random	OSLA	2	0	2	91	7993632	8.78e+04	1.00	90	2919622	3.24e+04	0.00
9377	Random	OSLA	0	2	2	91	7615393	8.37e+04	0.00	91	2996573	3.29e+04	1.00
9378	Random	OSLA	0	1	1	97	7778500	8.02e+04	0.00	97	3119570	3.22e+04	1.00
9379	Random	OSLA	0	3	3	76	6556022	8.63e+04	0.00	76	2453092	3.23e+04	1.00
9380	Random	OSLA	0	2	2	91	7637866	8.39e+04	0.00	91	2973818	3.27e+04	1.00
9381	Random	OSLA	0	1	1	96	7970097	8.30e+04	0.00	96	3106966	3.24e+04	1.00
9382	Random	OSLA	0	2	2	87	7067859	8.12e+04	0.00	87	2846198	3.27e+04	1.00
9383	Random	OSLA	0	1	1	94	8459586	9.00e+04	0.00	94	3117664	3.32e+04	1.00
9384	Random	OSLA	3	0	3	92	7746623	8.42e+04	1.00	91	2952490	3.24e+04	0.00
9385	Random	OSLA	1	0	1	98	7864665	8.03e+04	1.00	97	3184695	3.28e+04	0.00
9386	Random	OSLA	1	0	1	97	7820092	8.06e+04	1.00	96	3121453	3.25e+04	0.00
9387	Random	OSLA	0	2	2	84	7535033	8.97e+04	0.00	84	2741115	3.26e+04	1.00
9388	Random	OSLA	0	1	1	94	7135456	7.59e+04	0.00	94	3094211	3.29e+04	1.00
9389	Random	OSLA	0	1	1	92	7586214	8.25e+04	0.00	92	3048958	3.31e+04	1.00
9390	Random	OSLA	0	1	1	92	7693451	8.36e+04	0.00	92	3046567	3.31e+04	1.00
9391	Random	OSLA	0	1	1	93	7872795	8.47e+04	0.00	93	3053109	3.28e+04	1.00
9392	Random	OSLA	1	0	1	87	7287115	8.38e+04	1.00	86	2806210	3.26e+04	0.00
9393	Random	OSLA	2	0	2	92	8233306	8.95e+04	1.00	91	2972219	3.27e+04	0.00
9394	Random	OSLA	5	0	5	91	6493077	7.14e+04	1.00	90	2802846	3.11e+04	0.00
9395	Random	OSLA	0	6	6	83	6592603	7.94e+04	0.00	83	2714622	3.27e+04	1.00
9396	Random	OSLA	1	0	1	88	7397435	8.41e+04	1.00	87	2788900	3.21e+04	0.00
9397	Random	OSLA	0	1	1	96	8370106	8.72e+04	0.00	96	3181513	3.31e+04	1.00
9398	Random	OSLA	2	0	2	95	8420699	8.86e+04	1.00	94	3058617	3.25e+04	0.00
9399	Random	OSLA	0	1	1	94	7411434	7.88e+04	0.00	94	3118587	3.32e+04	1.00
9400	Random	OSLA	0	2	2	88	7336158	8.34e+04	0.00	88	2856698	3.25e+04	1.00
9401	Random	OSLA	0	2	2	79	6420707	8.13e+04	0.00	79	2600315	3.29e+04	1.00
9402	Random	OSLA	1	0	1	98	8284524	8.45e+04	1.00	97	3185850	3.28e+04	0.00
9403	Random	OSLA	0	1	1	97	8220678	8.47e+04	0.00	97	3199999	3.30e+04	1.00
9404	Random	OSLA	0	2	2	97	8474892	8.74e+04	0.00	97	3150303	3.25e+04	1.00
9405	Random	OSLA	1	0	1	89	7540933	8.47e+04	1.00	88	2885219	3.28e+04	0.00
9406	Random	OSLA	3	0	3	87	7507318	8.63e+04	1.00	86	2822181	3.28e+04	0.00
9407	Random	OSLA	1	0	1	92	7622315	8.29e+04	1.00	91	2971445	3.27e+04	0.00
9408	Random	OSLA	1	0	1	93	7427030	7.99e+04	1.00	92	3036466	3.30e+04	0.00
9409	Random	OSLA	1	0	1	95	7517955	7.91e+04	1.00	94	3053275	3.25e+04	0.00
9410	Random	OSLA	0	2	2	91	7841003	8.62e+04	0.00	91	2978122	3.27e+04	1.00
9411	Random	OSLA	2	0	2	85	7260602	8.54e+04	1.00	84	2753807	3.28e+04	0.00
9412	Random	OSLA	3	0	3	85	7145571	8.41e+04	1.00	84	2799993	3.33e+04	0.00
9413	Random	OSLA	2	0	2	91	7868600	8.65e+04	1.00	90	2968773	3.30e+04	0.00
9414	Random	OSLA	1	0	1	91	7640926	8.40e+04	1.00	90	2960430	3.29e+04	0.00
9415	Random	OSLA	1	0	1	97	8066020	8.32e+04	1.00	96	3181936	3.31e+04	0.00
9416	Random	OSLA	1	0	1	99	8161027	8.24e+04	1.00	98	3225051	3.29e+04	0.00
9417	Random	OSLA	2	0	2	97	6868643	7.08e+04	1.00	96	3063842	3.19e+04	0.00
9418	Random	OSLA	0	3	3	87	7295961	8.39e+04	0.00	87	2838861	3.26e+04	1.00
9419	Random	OSLA	2	0	2	89	7830451	8.80e+04	1.00	88	2911125	3.31e+04	0.00
9420	Random	OSLA	0	3	3	92	7394449	8.04e+04	0.00	92	2939072	3.19e+04	1.00
9421	Random	OSLA	1	0	1	91	7824040	8.60e+04	1.00	90	3011054	3.35e+04	0.00
9422	Random	OSLA	0	3	3	91	7581351	8.33e+04	0.00	91	2985118	3.28e+04	1.00
9423	Random	OSLA	0	1	1	98	8085589	8.25e+04	0.00	98	3257797	3.32e+04	1.00
9424	Random	OSLA	0	2	2	87	7308165	8.40e+04	0.00	87	2832972	3.26e+04	1.00
9425	Random	OSLA	1	0	1	97	8565100	8.83e+04	1.00	96	3201914	3.34e+04	0.00
9426	Random	OSLA	0	1	1	90	7408364	8.23e+04	0.00	90	2973084	3.30e+04	1.00
9427	Random	OSLA	4	0	4	80	6751103	8.44e+04	1.00	79	2596907	3.29e+04	0.00
9428	Random	OSLA	2	0	2	94	7287036	7.75e+04	1.00	93	3043438	3.27e+04	0.00
9429	Random	OSLA	0	1	1	94	6993154	7.44e+04	0.00	94	3082723	3.28e+04	1.00
9430	Random	OSLA	4	0	4	93	7829073	8.42e+04	1.00	92	3019544	3.28e+04	0.00
9431	Random	OSLA	0	2	2	92	7411927	8.06e+04	0.00	92	3007148	3.27e+04	1.00
9432	Random	OSLA	0	1	1	92	7585733	8.25e+04	0.00	92	3037577	3.30e+04	1.00
9433	Random	OSLA	0	1	1	95	7702874	8.11e+04	0.00	95	3109187	3.27e+04	1.00
9434	Random	OSLA	2	0	2	87	7105373	8.17e+04	1.00	86	2784064	3.24e+04	0.00
9435	Random	OSLA	0	1	1	96	8109840	8.45e+04	0.00	96	3169272	3.30e+04	1.00
9436	Random	OSLA	0	1	1	94	8116991	8.64e+04	0.00	94	3118975	3.32e+04	1.00
9437	Random	OSLA	0	6	6	79	6590845	8.34e+04	0.00	79	2574715	3.26e+04	1.00
9438	Random	OSLA	1	0	1	94	8007511	8.52e+04	1.00	93	3069889	3.30e+04	0.00
9439	Random	OSLA	0	2	2	93	6912737	7.43e+04	0.00	93	2992190	3.22e+04	1.00
9440	Random	OSLA	0	1	1	95	7871919	8.29e+04	0.00	95	3128405	3.29e+04	1.00
9441	Random	OSLA	0	2	2	82	6902657	8.42e+04	0.00	82	2675126	3.26e+04	1.00
9442	Random	OSLA	0	6	6	77	6679347	8.67e+04	0.00	77	2529699	3.29e+04	1.00
9443	Random	OSLA	1	0	1	93	8450624	9.09e+04	1.00	92	3026222	3.29e+04	0.00
9444	Random	OSLA	0	1	1	93	7627971	8.20e+04	0.00	93	3045476	3.27e+04	1.00
9445	Random	OSLA	2	0	2	92	7674049	8.34e+04	1.00	91	2977646	3.27e+04	0.00
9446	Random	OSLA	0	3	3	85	7299294	8.59e+04	0.00	85	2734858	3.22e+04	1.00
9447	Random	OSLA	0	1	1	99	8473132	8.56e+04	0.00	99	3288035	3.32e+04	1.00
9448	Random	OSLA	0	3	3	96	8123637	8.46e+04	0.00	96	3102493	3.23e+04	1.00
9449	Random	OSLA	1	0	1	99	8270043	8.35e+04	1.00	98	3251983	3.32e+04	0.00
9450	Random	OSLA	0	7	7	76	6405976	8.43e+04	0.00	76	2475275	3.26e+04	1.00
9451	Random	OSLA	1	0	1	92	7992030	8.69e+04	1.00	91	2995002	3.29e+04	0.00
9452	Random	OSLA	0	2	2	92	6933117	7.54e+04	0.00	92	2992206	3.25e+04	1.00
9453	Random	OSLA	3	0	3	91	7787325	8.56e+04	1.00	90	2977508	3.31e+04	0.00
9454	Random	OSLA	1	0	1	98	8672806	8.85e+04	1.00	97	3168220	3.27e+04	0.00
9455	Random	OSLA	0	2	2	95	7837167	8.25e+04	0.00	95	3125899	3.29e+04	1.00
9456	Random	OSLA	3	0	3	93	8335878	8.96e+04	1.00	92	3042210	3.31e+04	0.00
9457	Random	OSLA	1	0	1	99	8245630	8.33e+04	1.00	98	3214216	3.28e+04	0.00
9458	Random	OSLA	1	0	1	99	7913341	7.99e+04	1.00	98	3209063	3.27e+04	0.00
9459	Random	OSLA	2	0	2	90	7576489	8.42e+04	1.00	89	2906263	3.27e+04	0.00
9460	Random	OSLA	0	3	3	88	7526305	8.55e+04	0.00	88	2880350	3.27e+04	1.00
9461	Random	OSLA	1	0	1	91	7813110	8.59e+04	1.00	90	2980695	3.31e+04	0.00
9462	Random	OSLA	0	1	1	91	6514715	7.16e+04	0.00	91	2889825	3.18e+04	1.00
9463	Random	OSLA	0	2	2	78	6432554	8.25e+04	0.00	78	2536518	3.25e+04	1.00
9464	Random	OSLA	1	0	1	98	8485082	8.66e+04	1.00	97	3181121	3.28e+04	0.00
9465	Random	OSLA	0	1	1	97	8139632	8.39e+04	0.00	97	3157312	3.25e+04	1.00
9466	Random	OSLA	0	1	1	94	8003338	8.51e+04	0.00	94	3101497	3.30e+04	1.00
9467	Random	OSLA	0	1	1	94	7949858	8.46e+04	0.00	94	3092777	3.29e+04	1.00
9468	Random	OSLA	0	4	4	94	7547312	8.03e+04	0.00	94	3019492	3.21e+04	1.00
9469	Random	OSLA	0	2	2	87	7083247	8.14e+04	0.00	87	2829783	3.25e+04	1.00
9470	Random	OSLA	1	0	1	99	7795881	7.87e+04	1.00	98	3191803	3.26e+04	0.00
9471	Random	OSLA	0	2	2	91	7339959	8.07e+04	0.00	91	2995567	3.29e+04	1.00
9472	Random	OSLA	1	0	1	93	7951421	8.55e+04	1.00	92	2974244	3.23e+04	0.00
9473	Random	OSLA	1	0	1	98	7818508	7.98e+04	1.00	97	3182719	3.28e+04	0.00
9474	Random	OSLA	0	1	1	94	8133719	8.65e+04	0.00	94	3073577	3.27e+04	1.00
9475	Random	OSLA	0	2	2	95	7717064	8.12e+04	0.00	95	3136451	3.30e+04	1.00
9476	Random	OSLA	0	1	1	93	7327330	7.88e+04	0.00	93	2988483	3.21e+04	1.00
9477	Random	OSLA	0	2	2	94	8067636	8.58e+04	0.00	94	3066297	3.26e+04	1.00
9478	Random	OSLA	0	2	2	93	7190971	7.73e+04	0.00	93	2990812	3.22e+04	1.00
9479	Random	OSLA	0	3	3	90	7319622	8.13e+04	0.00	90	2954515	3.28e+04	1.00
9480	Random	OSLA	5	0	5	84	7062580	8.41e+04	1.00	83	2701143	3.25e+04	0.00
9481	Random	OSLA	0	2	2	93	7672674	8.25e+04	0.00	93	3049540	3.28e+04	1.00
9482	Random	OSLA	2	0	2	91	7341510	8.07e+04	1.00	90	2951367	3.28e+04	0.00
9483	Random	OSLA	1	0	1	92	7965403	8.66e+04	1.00	91	3012730	3.31e+04	0.00
9484	Random	OSLA	0	2	2	87	7308237	8.40e+04	0.00	87	2821720	3.24e+04	1.00
9485	Random	OSLA	0	3	3	86	6056286	7.04e+04	0.00	86	2724993	3.17e+04	1.00
9486	Random	OSLA	0	2	2	87	7366162	8.47e+04	0.00	87	2873337	3.30e+04	1.00
9487	Random	OSLA	2	0	2	90	7445140	8.27e+04	1.00	89	2893639	3.25e+04	0.00
9488	Random	OSLA	1	0	1	92	7874795	8.56e+04	1.00	91	2992392	3.29e+04	0.00
9489	Random	OSLA	4	0	4	94	7725369	8.22e+04	1.00	93	3051116	3.28e+04	0.00
9490	Random	OSLA	0	1	1	96	7388026	7.70e+04	0.00	96	3143189	3.27e+04	1.00
9491	Random	OSLA	0	2	2	93	7712554	8.29e+04	0.00	93	3029713	3.26e+04	1.00
9492	Random	OSLA	0	2	2	85	7226409	8.50e+04	0.00	85	2803476	3.30e+04	1.00
9493	Random	OSLA	0	1	1	87	7484801	8.60e+04	0.00	87	2845404	3.27e+04	1.00
9494	Random	OSLA	1	0	1	95	8109738	8.54e+04	1.00	94	3103285	3.30e+04	0.00
9495	Random	OSLA	0	1	1	92	7551627	8.21e+04	0.00	92	3047564	3.31e+04	1.00
9496	Random	OSLA	0	3	3	93	7415789	7.97e+04	0.00	93	2974822	3.20e+04	1.00
9497	Random	OSLA	0	1	1	96	8438330	8.79e+04	0.00	96	3178311	3.31e+04	1.00
9498	Random	OSLA	0	4	4	88	7587253	8.62e+04	0.00	88	2886498	3.28e+04	1.00
9499	Random	OSLA	1	0	1	99	8170303	8.25e+04	1.00	98	3229686	3.30e+04	0.00
9500	Random	OSLA	0	2	2	93	7333727	7.89e+04	0.00	93	2962307	3.19e+04	1.00
9501	Random	OSLA	0	1	1	95	7727135	8.13e+04	0.00	95	3146869	3.31e+04	1.00
9502	Random	MAST	0	1	1	96	6604350	6.88e+04	0.00	12638	421022261	3.33e+04	1.00
9503	Random	MAST	0	3	3	94	6516751	6.93e+04	0.00	9766	346590198	3.55e+04	1.00
9504	Random	MAST	0	1	1	88	6247935	7.10e+04	0.00	6715	238760967	3.56e+04	1.00
9505	Random	MAST	0	1	1	98	6949618	7.09e+04	0.00	15845	513143683	3.24e+04	1.00
9506	Random	MAST	0	2	2	90	6347805	7.05e+04	0.00	7912	281565112	3.56e+04	1.00
9507	Random	MAST	0	3	3	89	5790355	6.51e+04	0.00	6906	251564045	3.64e+04	1.00
9508	Random	MAST	3	0	3	94	6499287	6.91e+04	1.00	7328	263669240	3.60e+04	0.00
9509	Random	MAST	1	0	1	99	7015317	7.09e+04	1.00	10721	364140582	3.40e+04	0.00
9510	Random	MAST	1	0	1	97	6898159	7.11e+04	1.00	11774	388986533	3.30e+04	0.00
9511	Random	MAST	1	0	1	98	6771935	6.91e+04	1.00	12924	434659308	3.36e+04	0.00
9512	Random	MAST	2	0	2	98	6827944	6.97e+04	1.00	10632	367913396	3.46e+04	0.00
9513	Random	MAST	0	1	1	97	6676438	6.88e+04	0.00	12963	433187953	3.34e+04	1.00
9514	Random	MAST	3	0	3	94	6491825	6.91e+04	1.00	8004	285732605	3.57e+04	0.00
9515	Random	MAST	0	2	2	93	6273440	6.75e+04	0.00	8120	286536486	3.53e+04	1.00
9516	Random	MAST	0	3	3	90	5670935	6.30e+04	0.00	6800	243016503	3.57e+04	1.00
9517	Random	MAST	0	1	1	95	6836205	7.20e+04	0.00	10469	359722838	3.44e+04	1.00
9518	Random	MAST	1	0	1	98	6748273	6.89e+04	1.00	12328	402674913	3.27e+04	0.00
9519	Random	MAST	0	2	2	90	6137865	6.82e+04	0.00	6625	238616188	3.60e+04	1.00
9520	Random	MAST	1	0	1	98	6839204	6.98e+04	1.00	10324	350312088	3.39e+04	0.00
9521	Random	MAST	0	1	1	99	7100144	7.17e+04	0.00	19191	627842323	3.27e+04	1.00
9522	Random	MAST	0	1	1	98	6804894	6.94e+04	0.00	13276	436945431	3.29e+04	1.00
9523	Random	MAST	0	1	1	95	6885153	7.25e+04	0.00	12585	425521408	3.38e+04	1.00
9524	Random	MAST	1	0	1	94	5876221	6.25e+04	1.00	9010	323814619	3.59e+04	0.00
9525	Random	MAST	0	1	1	93	6474437	6.96e+04	0.00	10237	358363366	3.50e+04	1.00
9526	Random	MAST	0	2	2	95	6709860	7.06e+04	0.00	8795	305505204	3.47e+04	1.00
9527	Random	MAST	0	2	2	88	6088432	6.92e+04	0.00	6343	233480779	3.68e+04	1.00
9528	Random	MAST	1	0	1	91	6222580	6.84e+04	1.00	8812	367359919	4.17e+04	0.00
9529	Random	MAST	1	0	1	94	6630131	7.05e+04	1.00	11861	402525845	3.39e+04	0.00
9530	Random	MAST	1	0	1	91	6652656	7.31e+04	1.00	9568	329312749	3.44e+04	0.00
9531	Random	MAST	2	0	2	97	6829963	7.04e+04	1.00	10456	365630745	3.50e+04	0.00
9532	Random	MAST	5	0	5	85	5976153	7.03e+04	1.00	5063	187496427	3.70e+04	0.00
9533	Random	MAST	0	2	2	88	5688036	6.46e+04	0.00	7589	272647865	3.59e+04	1.00
9534	Random	MAST	0	1	1	97	6865681	7.08e+04	0.00	13252	428178826	3.23e+04	1.00
9535	Random	MAST	1	0	1	94	6605585	7.03e+04	1.00	7732	278448813	3.60e+04	0.00
9536	Random	MAST	0	2	2	90	6340617	7.05e+04	0.00	10968	372448144	3.40e+04	1.00
9537	Random	MAST	0	1	1	98	6619813	6.75e+04	0.00	11428	386787532	3.38e+04	1.00
9538	Random	MAST	2	0	2	96	6731554	7.01e+04	1.00	7841	275955688	3.52e+04	0.00
9539	Random	MAST	2	0	2	90	6346489	7.05e+04	1.00	6823	246576873	3.61e+04	0.00
9540	Random	MAST	0	2	2	78	5512058	7.07e+04	0.00	7712	279957315	3.63e+04	1.00
9541	Random	MAST	0	1	1	99	7010558	7.08e+04	0.00	17657	577096013	3.27e+04	1.00
9542	Random	MAST	0	2	2	87	6220789	7.15e+04	0.00	9674	342258413	3.54e+04	1.00
9543	Random	MAST	0	2	2	94	6742223	7.17e+04	0.00	8644	303401271	3.51e+04	1.00
9544	Random	MAST	0	1	1	94	6610536	7.03e+04	0.00	12489	420801468	3.37e+04	1.00
9545	Random	MAST	2	0	2	96	6827581	7.11e+04	1.00	10885	374556790	3.44e+04	0.00
9546	Random	MAST	4	0	4	83	5375519	6.48e+04	1.00	4637	173637732	3.74e+04	0.00
9547	Random	MAST	1	0	1	88	6244173	7.10e+04	1.00	6734	244205798	3.63e+04	0.00
9548	Random	MAST	0	4	4	78	5692557	7.30e+04	0.00	8584	304283024	3.54e+04	1.00
9549	Random	MAST	0	1	1	90	6131445	6.81e+04	0.00	8133	284070913	3.49e+04	1.00
9550	Random	MAST	0	1	1	96	6655102	6.93e+04	0.00	13222	497125065	3.76e+04	1.00
9551	Random	MAST	0	1	1	94	6497955	6.91e+04	0.00	8864	308819989	3.48e+04	1.00
9552	Random	MAST	1	0	1	96	6870322	7.16e+04	1.00	12618	419917165	3.33e+04	0.00
9553	Random	MAST	0	2	2	97	6702826	6.91e+04	0.00	10465	360285831	3.44e+04	1.00
9554	Random	MAST	2	0	2	93	6437117	6.92e+04	1.00	9140	319431994	3.49e+04	0.00
9555	Random	MAST	0	1	1	96	6015586	6.27e+04	0.00	11019	378210366	3.43e+04	1.00
9556	Random	MAST	0	1	1	99	6938891	7.01e+04	0.00	18214	580860930	3.19e+04	1.00
9557	Random	MAST	0	1	1	96	6567967	6.84e+04	0.00	12759	434304518	3.40e+04	1.00
9558	Random	MAST	1	0	1	92	6497102	7.06e+04	1.00	9827	343649995	3.50e+04	0.00
9559	Random	MAST	0	1	1	98	6756880	6.89e+04	0.00	14393	466598274	3.24e+04	1.00
9560	Random	MAST	0	1	1	96	6837891	7.12e+04	0.00	12432	411762348	3.31e+04	1.00
9561	Random	MAST	0	1	1	98	7019152	7.16e+04	0.00	15859	525112465	3.31e+04	1.00
9562	Random	MAST	1	0	1	97	6611183	6.82e+04	1.00	12814	422315169	3.30e+04	0.00
9563	Random	MAST	0	1	1	96	6862143	7.15e+04	0.00	12120	408148885	3.37e+04	1.00
9564	Random	MAST	2	0	2	90	6466002	7.18e+04	1.00	5802	212284541	3.66e+04	0.00
9565	Random	MAST	0	1	1	99	6823405	6.89e+04	0.00	13690	452042379	3.30e+04	1.00
9566	Random	MAST	1	0	1	95	6666748	7.02e+04	1.00	8271	293292745	3.55e+04	0.00
9567	Random	MAST	0	1	1	90	6332092	7.04e+04	0.00	10480	365833545	3.49e+04	1.00
9568	Random	MAST	0	3	3	90	6306812	7.01e+04	0.00	7088	251788144	3.55e+04	1.00
9569	Random	MAST	0	3	3	84	5959701	7.09e+04	0.00	7009	251023277	3.58e+04	1.00
9570	Random	MAST	4	0	4	88	6283540	7.14e+04	1.00	5507	203273576	3.69e+04	0.00
9571	Random	MAST	0	1	1	91	6364714	6.99e+04	0.00	6950	329552538	4.74e+04	1.00
9572	Random	MAST	2	0	2	90	6267396	6.96e+04	1.00	6125	222838591	3.64e+04	0.00
9573	Random	MAST	0	2	2	91	6334036	6.96e+04	0.00	6568	235498280	3.59e+04	1.00
9574	Random	MAST	0	1	1	84	6195962	7.38e+04	0.00	7431	262977522	3.54e+04	1.00
9575	Random	MAST	0	2	2	92	6354326	6.91e+04	0.00	7526	268041847	3.56e+04	1.00
9576	Random	MAST	0	4	4	85	5926687	6.97e+04	0.00	6939	251626302	3.63e+04	1.00
9577	Random	MAST	1	0	1	93	6160851	6.62e+04	1.00	10696	370949614	3.47e+04	0.00
9578	Random	MAST	0	1	1	98	6701008	6.84e+04	0.00	13992	454972760	3.25e+04	1.00
9579	Random	MAST	1	0	1	94	6660271	7.09e+04	1.00	10571	372422656	3.52e+04	0.00
9580	Random	MAST	1	0	1	97	6877669	7.09e+04	1.00	12332	422814315	3.43e+04	0.00
9581	Random	MAST	1	0	1	94	5897799	6.27e+04	1.00	8816	308143474	3.50e+04	0.00
9582	Random	MAST	0	4	4	90	6372224	7.08e+04	0.00	8647	307347653	3.55e+04	1.00
9583	Random	MAST	0	1	1	98	6910666	7.05e+04	0.00	16526	540660697	3.27e+04	1.00
9584	Random	MAST	4	0	4	90	6530256	7.26e+04	1.00	6562	234992336	3.58e+04	0.00
9585	Random	MAST	0	1	1	99	6899643	6.97e+04	0.00	14828	503895322	3.40e+04	1.00
9586	Random	MAST	1	0	1	100	6877263	6.88e+04	1.00	15585	495143555	3.18e+04	0.00
9587	Random	MAST	1	0	1	85	5929429	6.98e+04	1.00	5914	214730777	3.63e+04	0.00
9588	Random	MAST	1	0	1	93	6507947	7.00e+04	1.00	9242	318761887	3.45e+04	0.00
9589	Random	MAST	0	1	1	96	6819014	7.10e+04	0.00	11201	380092360	3.39e+04	1.00
9590	Random	MAST	1	0	1	90	6165990	6.85e+04	1.00	6362	230732240	3.63e+04	0.00
9591	Random	MAST	1	0	1	98	6882167	7.02e+04	1.00	13472	444541088	3.30e+04	0.00
9592	Random	MAST	1	0	1	99	7125729	7.20e+04	1.00	12505	415030316	3.32e+04	0.00
9593	Random	MAST	0	5	5	76	5455661	7.18e+04	0.00	4294	161662223	3.76e+04	1.00
9594	Random	MAST	0	3	3	92	6207199	6.75e+04	0.00	6295	246784225	3.92e+04	1.00
9595	Random	MAST	0	2	2	94	6525293	6.94e+04	0.00	8177	292844564	3.58e+04	1.00
9596	Random	MAST	0	5	5	79	5621342	7.12e+04	0.00	6428	232715188	3.62e+04	1.00
9597	Random	MAST	0	1	1	90	6091183	6.77e+04	0.00	7319	265862577	3.63e+04	1.00
9598	Random	MAST	3	0	3	90	6271961	6.97e+04	1.00	6069	221478926	3.65e+04	0.00
9599	Random	MAST	0	2	2	91	6136918	6.74e+04	0.00	8503	314224987	3.70e+04	1.00
9600	Random	MAST	3	0	3	92	6257486	6.80e+04	1.00	6430	232130896	3.61e+04	0.00
9601	Random	MAST	3	0	3	98	6910077	7.05e+04	1.00	10939	375442313	3.43e+04	0.00
9602	Random	MAST	2	0	2	90	6455418	7.17e+04	1.00	6678	244015451	3.65e+04	0.00
9603	Random	MAST	0	2	2	96	6659063	6.94e+04	0.00	9647	336575746	3.49e+04	1.00
9604	Random	MAST	1	0	1	100	6750008	6.75e+04	1.00	19680	624718409	3.17e+04	0.00
9605	Random	MAST	0	1	1	99	6955610	7.03e+04	0.00	20250	660854734	3.26e+04	1.00
9606	Random	MAST	0	1	1	91	6184142	6.80e+04	0.00	7378	261771452	3.55e+04	1.00
9607	Random	MAST	1	0	1	82	5858219	7.14e+04	1.00	6086	225401407	3.70e+04	0.00
9608	Random	MAST	1	0	1	96	6047189	6.30e+04	1.00	16243	538605164	3.32e+04	0.00
9609	Random	MAST	0	2	2	96	6508315	6.78e+04	0.00	8950	312371483	3.49e+04	1.00
9610	Random	MAST	0	1	1	97	6754946	6.96e+04	0.00	16500	538948099	3.27e+04	1.00
9611	Random	MAST	2	0	2	93	6549051	7.04e+04	1.00	7716	279236781	3.62e+04	0.00
9612	Random	MAST	0	5	5	84	5819645	6.93e+04	0.00	6782	245885227	3.63e+04	1.00
9613	Random	MAST	0	1	1	98	6906719	7.05e+04	0.00	14187	466443863	3.29e+04	1.00
9614	Random	MAST	5	0	5	85	6194474	7.29e+04	1.00	5117	188983263	3.69e+04	0.00
9615	Random	MAST	2	0	2	96	6750271	7.03e+04	1.00	8961	318154436	3.55e+04	0.00
9616	Random	MAST	0	1	1	84	5848973	6.96e+04	0.00	9455	333870218	3.53e+04	1.00
9617	Random	MAST	2	0	2	90	6493215	7.21e+04	1.00	7313	262065577	3.58e+04	0.00
9618	Random	MAST	1	0	1	93	6664060	7.17e+04	1.00	10035	345484648	3.44e+04	0.00
9619	Random	MAST	0	3	3	92	6209259	6.75e+04	0.00	7781	275432432	3.54e+04	1.00
9620	Random	MAST	0	1	1	99	6985241	7.06e+04	0.00	13783	445394654	3.23e+04	1.00
9621	Random	MAST	0	1	1	92	5739163	6.24e+04	0.00	10379	361220297	3.48e+04	1.00
9622	Random	MAST	0	3	3	91	6517404	7.16e+04	0.00	7967	286184431	3.59e+04	1.00
9623	Random	MAST	1	0	1	86	6198073	7.21e+04	1.00	8698	314051112	3.61e+04	0.00
9624	Random	MAST	3	0	3	90	6114501	6.79e+04	1.00	7136	259351316	3.63e+04	0.00
9625	Random	MAST	1	0	1	98	6864331	7.00e+04	1.00	13429	491261280	3.66e+04	0.00
9626	Random	MAST	4	0	4	94	6615906	7.04e+04	1.00	7690	273038421	3.55e+04	0.00
9627	Random	MAST	3	0	3	96	6800371	7.08e+04	1.00	8332	294982827	3.54e+04	0.00
9628	Random	MAST	1	0	1	96	6542710	6.82e+04	1.00	11481	387314616	3.37e+04	0.00
9629	Random	MAST	1	0	1	98	6742762	6.88e+04	1.00	15406	564389351	3.66e+04	0.00
9630	Random	MAST	0	1	1	93	6659270	7.16e+04	0.00	12273	417020996	3.40e+04	1.00
9631	Random	MAST	0	1	1	94	6641837	7.07e+04	0.00	8635	305992333	3.54e+04	1.00
9632	Random	MAST	0	1	1	94	6551831	6.97e+04	0.00	12450	427987311	3.44e+04	1.00
9633	Random	MAST	0	1	1	98	6660148	6.80e+04	0.00	12746	432066659	3.39e+04	1.00
9634	Random	MAST	0	1	1	99	6915421	6.99e+04	0.00	15253	497085515	3.26e+04	1.00
9635	Random	MAST	0	3	3	88	6008317	6.83e+04	0.00	6285	227551871	3.62e+04	1.00
9636	Random	MAST	2	0	2	88	6251895	7.10e+04	1.00	7371	265142231	3.60e+04	0.00
9637	Random	MAST	0	1	1	97	6897352	7.11e+04	0.00	11115	381210181	3.43e+04	1.00
9638	Random	MAST	0	4	4	88	6217847	7.07e+04	0.00	9635	339732328	3.53e+04	1.00
9639	Random	MAST	2	0	2	85	6111078	7.19e+04	1.00	5746	209543768	3.65e+04	0.00
9640	Random	MAST	1	0	1	97	6831750	7.04e+04	1.00	10428	349609388	3.35e+04	0.00
9641	Random	MAST	1	0	1	97	6755503	6.96e+04	1.00	13921	464923889	3.34e+04	0.00
9642	Random	MAST	2	0	2	91	5946304	6.53e+04	1.00	7763	278964996	3.59e+04	0.00
9643	Random	MAST	0	1	1	99	6882801	6.95e+04	0.00	12695	423731593	3.34e+04	1.00
9644	Random	MAST	1	0	1	95	6636894	6.99e+04	1.00	10296	348422326	3.38e+04	0.00
9645	Random	MAST	0	1	1	96	6618447	6.89e+04	0.00	12137	409718292	3.38e+04	1.00
9646	Random	MAST	2	0	2	98	6778712	6.92e+04	1.00	10786	382850267	3.55e+04	0.00
9647	Random	MAST	3	0	3	80	5526011	6.91e+04	1.00	4521	171197328	3.79e+04	0.00
9648	Random	MAST	1	0	1	100	6825709	6.83e+04	1.00	15940	521299892	3.27e+04	0.00
9649	Random	MAST	0	1	1	94	6719380	7.15e+04	0.00	11587	394093074	3.40e+04	1.00
9650	Random	MAST	1	0	1	92	6306370	6.85e+04	1.00	8256	310600834	3.76e+04	0.00
9651	Random	MAST	1	0	1	93	6604917	7.10e+04	1.00	12076	411694721	3.41e+04	0.00
9652	Random	MAST	7	0	7	84	5886414	7.01e+04	1.00	5308	198525433	3.74e+04	0.00
9653	Random	MAST	1	0	1	99	6963205	7.03e+04	1.00	12611	421452703	3.34e+04	0.00
9654	Random	MAST	1	0	1	93	6467412	6.95e+04	1.00	10834	371461083	3.43e+04	0.00
9655	Random	MAST	1	0	1	98	6097140	6.22e+04	1.00	11106	374417355	3.37e+04	0.00
9656	Random	MAST	5	0	5	89	6309159	7.09e+04	1.00	5934	214610248	3.62e+04	0.00
9657	Random	MAST	0	3	3	96	6844900	7.13e+04	0.00	13042	446529305	3.42e+04	1.00
9658	Random	MAST	0	1	1	98	6918535	7.06e+04	0.00	12452	405974523	3.26e+04	1.00
9659	Random	MAST	0	2	2	93	5966059	6.42e+04	0.00	7799	280693949	3.60e+04	1.00
9660	Random	MAST	2	0	2	95	6399180	6.74e+04	1.00	9354	326250372	3.49e+04	0.00
9661	Random	MAST	2	0	2	89	6215293	6.98e+04	1.00	6370	234330832	3.68e+04	0.00
9662	Random	MAST	0	1	1	96	6930567	7.22e+04	0.00	13507	448768109	3.32e+04	1.00
9663	Random	MAST	1	0	1	94	6631995	7.06e+04	1.00	11598	417035789	3.60e+04	0.00
9664	Random	MAST	0	1	1	96	6798262	7.08e+04	0.00	10647	361343823	3.39e+04	1.00
9665	Random	MAST	0	2	2	91	6448825	7.09e+04	0.00	7419	268552525	3.62e+04	1.00
9666	Random	MAST	0	1	1	85	6189945	7.28e+04	0.00	8820	307349384	3.48e+04	1.00
9667	Random	MAST	1	0	1	98	6850338	6.99e+04	1.00	12230	415930643	3.40e+04	0.00
9668	Random	MAST	2	0	2	97	5986047	6.17e+04	1.00	9730	337306846	3.47e+04	0.00
9669	Random	MAST	0	3	3	91	6277836	6.90e+04	0.00	10183	353111121	3.47e+04	1.00
9670	Random	MAST	1	0	1	92	6435191	6.99e+04	1.00	14000	469651286	3.35e+04	0.00
9671	Random	MAST	3	0	3	92	6429154	6.99e+04	1.00	6120	219269134	3.58e+04	0.00
9672	Random	MAST	0	1	1	99	6426590	6.49e+04	0.00	15866	508644343	3.21e+04	1.00
9673	Random	MAST	0	1	1	92	6670564	7.25e+04	0.00	14560	498142510	3.42e+04	1.00
9674	Random	MAST	2	0	2	99	6927837	7.00e+04	1.00	12305	409122881	3.32e+04	0.00
9675	Random	MAST	1	0	1	99	6946425	7.02e+04	1.00	12947	435745808	3.37e+04	0.00
9676	Random	MAST	0	2	2	79	5495172	6.96e+04	0.00	5431	198533347	3.66e+04	1.00
9677	Random	MAST	2	0	2	96	6665921	6.94e+04	1.00	8792	310948626	3.54e+04	0.00
9678	Random	MAST	3	0	3	94	6560529	6.98e+04	1.00	7899	279637767	3.54e+04	0.00
9679	Random	MAST	0	1	1	96	6739050	7.02e+04	0.00	15953	536934705	3.37e+04	1.00
9680	Random	MAST	0	1	1	95	6053677	6.37e+04	0.00	11815	402168825	3.40e+04	1.00
9681	Random	MAST	2	0	2	96	6682211	6.96e+04	1.00	7622	274461657	3.60e+04	0.00
9682	Random	MAST	0	1	1	90	6373782	7.08e+04	0.00	7284	257307336	3.53e+04	1.00
9683	Random	MAST	0	1	1	95	6538509	6.88e+04	0.00	8872	311972821	3.52e+04	1.00
9684	Random	MAST	0	1	1	96	6554644	6.83e+04	0.00	10742	359740612	3.35e+04	1.00
9685	Random	MAST	0	3	3	86	5995539	6.97e+04	0.00	8188	291365631	3.56e+04	1.00
9686	Random	MAST	0	1	1	98	6786394	6.92e+04	0.00	14541	477067485	3.28e+04	1.00
9687	Random	MAST	1	0	1	96	6623068	6.90e+04	1.00	9280	325107913	3.50e+04	0.00
9688	Random	MAST	0	2	2	92	6586017	7.16e+04	0.00	6960	251009548	3.61e+04	1.00
9689	Random	MAST	4	0	4	94	5780486	6.15e+04	1.00	6871	247650516	3.60e+04	0.00
9690	Random	MAST	4	0	4	90	6440933	7.16e+04	1.00	5807	211963180	3.65e+04	0.00
9691	Random	MAST	0	2	2	98	6860843	7.00e+04	0.00	11696	400012506	3.42e+04	1.00
9692	Random	MAST	1	0	1	99	6958921	7.03e+04	1.00	12933	422580246	3.27e+04	0.00
9693	Random	MAST	1	0	1	96	6669810	6.95e+04	1.00	10015	377832597	3.77e+04	0.00
9694	Random	MAST	1	0	1	98	6971979	7.11e+04	1.00	14790	477492075	3.23e+04	0.00
9695	Random	MAST	0	2	2	92	6493715	7.06e+04	0.00	9898	349792949	3.53e+04	1.00
9696	Random	MAST	1	0	1	92	6606004	7.18e+04	1.00	8781	308411093	3.51e+04	0.00
9697	Random	MAST	2	0	2	97	6625392	6.83e+04	1.00	9949	404652026	4.07e+04	0.00
9698	Random	MAST	1	0	1	96	6786661	7.07e+04	1.00	10647	361458459	3.39e+04	0.00
9699	Random	MAST	0	1	1	92	6565617	7.14e+04	0.00	7567	270993452	3.58e+04	1.00
9700	Random	MAST	0	3	3	91	6361581	6.99e+04	0.00	6108	221654075	3.63e+04	1.00
9701	Random	MAST	3	0	3	92	6373188	6.93e+04	1.00	7022	253961384	3.62e+04	0.00
9702	Random	MAST	1	0	1	100	6625594	6.63e+04	1.00	15806	517137905	3.27e+04	0.00
9703	Random	MAST	0	1	1	99	6884992	6.95e+04	0.00	14057	458460793	3.26e+04	1.00
9704	Random	MAST	2	0	2	98	6785836	6.92e+04	1.00	10123	346400005	3.42e+04	0.00
9705	Random	MAST	0	1	1	99	6997775	7.07e+04	0.00	14821	477526829	3.22e+04	1.00
9706	Random	MAST	0	6	6	88	5876022	6.68e+04	0.00	9939	362896932	3.65e+04	1.00
9707	Random	MAST	1	0	1	97	6842463	7.05e+04	1.00	12916	432472634	3.35e+04	0.00
9708	Random	MAST	0	2	2	89	6277360	7.05e+04	0.00	6672	237844393	3.56e+04	1.00
9709	Random	MAST	0	1	1	89	6139937	6.90e+04	0.00	8001	283402978	3.54e+04	1.00
9710	Random	MAST	1	0	1	91	6394584	7.03e+04	1.00	7447	266685977	3.58e+04	0.00
9711	Random	MAST	0	1	1	92	6493835	7.06e+04	0.00	7948	281925249	3.55e+04	1.00
9712	Random	MAST	0	1	1	96	6595159	6.87e+04	0.00	11561	387848317	3.35e+04	1.00
9713	Random	MAST	0	2	2	96	6839668	7.12e+04	0.00	9150	322192050	3.52e+04	1.00
9714	Random	MAST	0	1	1	98	6701206	6.84e+04	0.00	13872	455783684	3.29e+04	1.00
9715	Random	MAST	1	0	1	90	5670130	6.30e+04	1.00	8338	290605223	3.49e+04	0.00
9716	Random	MAST	2	0	2	98	6865474	7.01e+04	1.00	10854	365823342	3.37e+04	0.00
9717	Random	MAST	0	2	2	91	6308058	6.93e+04	0.00	9477	336968796	3.56e+04	1.00
9718	Random	MAST	1	0	1	97	6916585	7.13e+04	1.00	11518	390611911	3.39e+04	0.00
9719	Random	MAST	0	1	1	93	6186443	6.65e+04	0.00	8371	293282549	3.50e+04	1.00
9720	Random	MAST	2	0	2	94	6484697	6.90e+04	1.00	7853	275617361	3.51e+04	0.00
9721	Random	MAST	3	0	3	83	5763544	6.94e+04	1.00	5325	199205256	3.74e+04	0.00
9722	Random	MAST	0	2	2	91	6461892	7.10e+04	0.00	7132	260009505	3.65e+04	1.00
9723	Random	MAST	0	5	5	91	6556991	7.21e+04	0.00	6929	254608434	3.67e+04	1.00
9724	Random	MAST	0	2	2	95	6644611	6.99e+04	0.00	8411	321476950	3.82e+04	1.00
9725	Random	MAST	2	0	2	90	6290104	6.99e+04	1.00	6862	247440846	3.61e+04	0.00
9726	Random	MAST	0	1	1	96	6721547	7.00e+04	0.00	12605	420114072	3.33e+04	1.00
9727	Random	MAST	0	1	1	93	6561352	7.06e+04	0.00	8975	312880436	3.49e+04	1.00
9728	Random	MAST	1	0	1	92	6449663	7.01e+04	1.00	7071	254562546	3.60e+04	0.00
9729	Random	MAST	1	0	1	96	6347249	6.61e+04	1.00	12792	446703927	3.49e+04	0.00
9730	Random	MAST	2	0	2	97	6684873	6.89e+04	1.00	11583	398137606	3.44e+04	0.00
9731	Random	MAST	2	0	2	88	6321462	7.18e+04	1.00	6058	222854701	3.68e+04	0.00
9732	Random	MAST	4	0	4	85	6062338	7.13e+04	1.00	5457	202633724	3.71e+04	0.00
9733	Random	MAST	0	1	1	95	6724288	7.08e+04	0.00	11090	427792244	3.86e+04	1.00
9734	Random	MAST	0	1	1	94	6747480	7.18e+04	0.00	12651	432348194	3.42e+04	1.00
9735	Random	MAST	3	0	3	93	6464404	6.95e+04	1.00	6844	250929906	3.67e+04	0.00
9736	Random	MAST	4	0	4	87	6144384	7.06e+04	1.00	5900	215192630	3.65e+04	0.00
9737	Random	MAST	0	2	2	86	6117387	7.11e+04	0.00	7243	264145837	3.65e+04	1.00
9738	Random	MAST	0	3	3	80	5551045	6.94e+04	0.00	5456	198368084	3.64e+04	1.00
9739	Random	MAST	1	0	1	93	6524111	7.02e+04	1.00	7691	275596447	3.58e+04	0.00
9740	Random	MAST	0	3	3	93	6619013	7.12e+04	0.00	11784	404641577	3.43e+04	1.00
9741	Random	MAST	0	1	1	98	6826519	6.97e+04	0.00	14987	483684965	3.23e+04	1.00
9742	Random	MAST	1	0	1	100	6965166	6.97e+04	1.00	16275	516767091	3.18e+04	0.00
9743	Random	MAST	0	3	3	95	6407263	6.74e+04	0.00	8142	293324811	3.60e+04	1.00
9744	Random	MAST	1	0	1	94	6553944	6.97e+04	1.00	10409	358095593	3.44e+04	0.00
9745	Random	MAST	0	1	1	91	6382853	7.01e+04	0.00	8947	310459924	3.47e+04	1.00
9746	Random	MAST	0	1	1	92	6419700	6.98e+04	0.00	8068	284335795	3.52e+04	1.00
9747	Random	MAST	1	0	1	97	6383051	6.58e+04	1.00	11754	400618184	3.41e+04	0.00
9748	Random	MAST	1	0	1	99	6952603	7.02e+04	1.00	13911	448410496	3.22e+04	0.00
9749	Random	MAST	0	3	3	91	6520805	7.17e+04	0.00	9532	334283355	3.51e+04	1.00
9750	Random	MAST	4	0	4	83	5823683	7.02e+04	1.00	4953	186045319	3.76e+04	0.00
9751	Random	MAST	0	2	2	88	6102463	6.93e+04	0.00	6645	242734395	3.65e+04	1.00
9752	Random	MAST	0	4	4	80	5523618	6.90e+04	0.00	4587	167931261	3.66e+04	1.00
9753	Random	MAST	0	2	2	89	6130818	6.89e+04	0.00	7149	257397299	3.60e+04	1.00
9754	Random	MAST	1	0	1	98	6884566	7.03e+04	1.00	11063	371346381	3.36e+04	0.00
9755	Random	MAST	0	1	1	90	6217190	6.91e+04	0.00	11317	392221587	3.47e+04	1.00
9756	Random	MAST	5	0	5	77	5430564	7.05e+04	1.00	3737	143264860	3.83e+04	0.00
9757	Random	MAST	0	1	1	85	5281299	6.21e+04	0.00	7868	279418458	3.55e+04	1.00
9758	Random	MAST	3	0	3	90	6360764	7.07e+04	1.00	6381	232942312	3.65e+04	0.00
9759	Random	MAST	4	0	4	93	6613888	7.11e+04	1.00	8114	287871927	3.55e+04	0.00
9760	Random	MAST	1	0	1	87	6129187	7.05e+04	1.00	6113	225285970	3.69e+04	0.00
9761	Random	MAST	0	1	1	96	6703377	6.98e+04	0.00	18282	598315122	3.27e+04	1.00
9762	Random	MAST	1	0	1	92	6327958	6.88e+04	1.00	10739	367919996	3.43e+04	0.00
9763	Random	MAST	0	2	2	98	6780677	6.92e+04	0.00	11478	387446916	3.38e+04	1.00
9764	Random	MAST	2	0	2	92	6490494	7.05e+04	1.00	8196	293345701	3.58e+04	0.00
9765	Random	MAST	0	1	1	98	6838837	6.98e+04	0.00	12206	405210866	3.32e+04	1.00
9766	Random	MAST	1	0	1	98	6841272	6.98e+04	1.00	10877	363211373	3.34e+04	0.00
9767	Random	MAST	5	0	5	83	6028586	7.26e+04	1.00	5231	194298297	3.71e+04	0.00
9768	Random	MAST	0	4	4	88	6234488	7.08e+04	0.00	5831	212617086	3.65e+04	1.00
9769	Random	MAST	2	0	2	95	6768671	7.12e+04	1.00	9670	341777654	3.53e+04	0.00
9770	Random	MAST	0	1	1	99	6786594	6.86e+04	0.00	18621	592369177	3.18e+04	1.00
9771	Random	MAST	4	0	4	93	6269625	6.74e+04	1.00	6650	241956066	3.64e+04	0.00
9772	Random	MAST	1	0	1	99	6971366	7.04e+04	1.00	21081	665310973	3.16e+04	0.00
9773	Random	MAST	0	1	1	96	6581879	6.86e+04	0.00	12092	410399088	3.39e+04	1.00
9774	Random	MAST	1	0	1	96	6593084	6.87e+04	1.00	8419	293113085	3.48e+04	0.00
9775	Random	MAST	0	4	4	89	6035353	6.78e+04	0.00	6698	243176098	3.63e+04	1.00
9776	Random	MAST	1	0	1	98	6882407	7.02e+04	1.00	11688	390241529	3.34e+04	0.00
9777	Random	MAST	0	2	2	92	6431282	6.99e+04	0.00	6886	248815026	3.61e+04	1.00
9778	Random	MAST	1	0	1	98	6653952	6.79e+04	1.00	12623	431001689	3.41e+04	0.00
9779	Random	MAST	0	1	1	97	6757503	6.97e+04	0.00	14969	493270482	3.30e+04	1.00
9780	Random	MAST	0	2	2	95	6693724	7.05e+04	0.00	11438	391269058	3.42e+04	1.00
9781	Random	MAST	1	0	1	96	6889770	7.18e+04	1.00	9706	331304126	3.41e+04	0.00
9782	Random	MAST	1	0	1	97	6442971	6.64e+04	1.00	10831	373503123	3.45e+04	0.00
9783	Random	MAST	3	0	3	92	6297833	6.85e+04	1.00	7032	253019527	3.60e+04	0.00
9784	Random	MAST	4	0	4	80	5766850	7.21e+04	1.00	4170	155854665	3.74e+04	0.00
9785	Random	MAST	0	1	1	93	6806472	7.32e+04	0.00	9889	347029667	3.51e+04	1.00
9786	Random	MAST	1	0	1	98	6729451	6.87e+04	1.00	11162	373919931	3.35e+04	0.00
9787	Random	MAST	2	0	2	95	6307012	6.64e+04	1.00	7578	284407485	3.75e+04	0.00
9788	Random	MAST	1	0	1	98	6818863	6.96e+04	1.00	13366	442137306	3.31e+04	0.00
9789	Random	MAST	2	0	2	89	6373491	7.16e+04	1.00	7270	261340708	3.59e+04	0.00
9790	Random	MAST	4	0	4	83	5856044	7.06e+04	1.00	4773	180317614	3.78e+04	0.00
9791	Random	MAST	1	0	1	94	6496413	6.91e+04	1.00	8143	291132738	3.58e+04	0.00
9792	Random	MAST	0	1	1	97	6320979	6.52e+04	0.00	10902	370145254	3.40e+04	1.00
9793	Random	MAST	3	0	3	82	5740802	7.00e+04	1.00	6921	254079530	3.67e+04	0.00
9794	Random	MAST	3	0	3	95	6592473	6.94e+04	1.00	8462	300846014	3.56e+04	0.00
9795	Random	MAST	1	0	1	99	6995057	7.07e+04	1.00	13380	446082666	3.33e+04	0.00
9796	Random	MAST	1	0	1	97	6632023	6.84e+04	1.00	14507	476268221	3.28e+04	0.00
9797	Random	MAST	0	1	1	97	6587823	6.79e+04	0.00	12805	434469540	3.39e+04	1.00
9798	Random	MAST	0	2	2	98	6840330	6.98e+04	0.00	10241	352484762	3.44e+04	1.00
9799	Random	MAST	1	0	1	96	6805088	7.09e+04	1.00	9510	331873175	3.49e+04	0.00
9800	Random	MAST	1	0	1	95	6413045	6.75e+04	1.00	10845	382727954	3.53e+04	0.00
9801	Random	MAST	2	0	2	88	6222840	7.07e+04	1.00	6918	250624200	3.62e+04	0.00
9802	Random	MAST	1	0	1	89	6213841	6.98e+04	1.00	10612	369614693	3.48e+04	0.00
9803	Random	MAST	0	1	1	91	6375612	7.01e+04	0.00	9256	328310168	3.55e+04	1.00
9804	Random	MAST	1	0	1	97	6627881	6.83e+04	1.00	11526	383245011	3.33e+04	0.00
9805	Random	MAST	0	1	1	94	6562080	6.98e+04	0.00	9810	336537752	3.43e+04	1.00
9806	Random	MAST	3	0	3	92	6223326	6.76e+04	1.00	6767	242557258	3.58e+04	0.00
9807	Random	MAST	0	1	1	90	6401879	7.11e+04	0.00	6971	245457169	3.52e+04	1.00
9808	Random	MAST	3	0	3	91	6458437	7.10e+04	1.00	6162	226123045	3.67e+04	0.00
9809	Random	MAST	0	2	2	91	6235136	6.85e+04	0.00	6967	258072667	3.70e+04	1.00
9810	Random	MAST	0	3	3	93	6655431	7.16e+04	0.00	9756	336426646	3.45e+04	1.00
9811	Random	MAST	1	0	1	94	6437550	6.85e+04	1.00	9140	321877198	3.52e+04	0.00
9812	Random	MAST	5	0	5	79	5594257	7.08e+04	1.00	3946	147280102	3.73e+04	0.00
9813	Random	MAST	1	0	1	99	6884147	6.95e+04	1.00	12648	421817633	3.34e+04	0.00
9814	Random	MAST	2	0	2	87	5880037	6.76e+04	1.00	7037	272650609	3.87e+04	0.00
9815	Random	MAST	1	0	1	97	6794514	7.00e+04	1.00	15361	501672187	3.27e+04	0.00
9816	Random	MAST	0	1	1	94	6441829	6.85e+04	0.00	10423	358706309	3.44e+04	1.00
9817	Random	MAST	0	4	4	89	6236631	7.01e+04	0.00	6132	225107405	3.67e+04	1.00
9818	Random	MAST	0	2	2	91	6480573	7.12e+04	0.00	8489	303384492	3.57e+04	1.00
9819	Random	MAST	1	0	1	96	6009371	6.26e+04	1.00	12608	429367975	3.41e+04	0.00
9820	Random	MAST	0	2	2	90	6205451	6.89e+04	0.00	7061	249902827	3.54e+04	1.00
9821	Random	MAST	0	1	1	86	6049953	7.03e+04	0.00	7898	281358738	3.56e+04	1.00
9822	Random	MAST	2	0	2	91	6427008	7.06e+04	1.00	8951	314070900	3.51e+04	0.00
9823	Random	MAST	1	0	1	99	6788397	6.86e+04	1.00	11490	388686529	3.38e+04	0.00
9824	Random	MAST	1	0	1	97	6776674	6.99e+04	1.00	9007	311093291	3.45e+04	0.00
9825	Random	MAST	0	1	1	97	6857565	7.07e+04	0.00	11815	402117400	3.40e+04	1.00
9826	Random	MAST	0	1	1	94	6390998	6.80e+04	0.00	8487	297476498	3.51e+04	1.00
9827	Random	MAST	0	1	1	91	6587482	7.24e+04	0.00	7977	337377991	4.23e+04	1.00
9828	Random	MAST	0	1	1	98	6877413	7.02e+04	0.00	13746	451436180	3.28e+04	1.00
9829	Random	MAST	0	2	2	91	6666503	7.33e+04	0.00	9728	344736002	3.54e+04	1.00
9830	Random	MAST	0	2	2	92	6461249	7.02e+04	0.00	8700	302774354	3.48e+04	1.00
9831	Random	MAST	2	0	2	93	6690454	7.19e+04	1.00	8021	287568214	3.59e+04	0.00
9832	Random	MAST	1	0	1	95	6145888	6.47e+04	1.00	9593	325538510	3.39e+04	0.00
9833	Random	MAST	3	0	3	86	5882608	6.84e+04	1.00	5670	208568103	3.68e+04	0.00
9834	Random	MAST	0	1	1	99	6876381	6.95e+04	0.00	18558	583007069	3.14e+04	1.00
9835	Random	MAST	2	0	2	95	6695517	7.05e+04	1.00	9368	325894218	3.48e+04	0.00
9836	Random	MAST	0	1	1	92	6102298	6.63e+04	0.00	8664	304513783	3.51e+04	1.00
9837	Random	MAST	3	0	3	90	6402904	7.11e+04	1.00	6651	242829484	3.65e+04	0.00
9838	Random	MAST	0	1	1	96	6816269	7.10e+04	0.00	12185	402736453	3.31e+04	1.00
9839	Random	MAST	2	0	2	87	6193936	7.12e+04	1.00	7163	262831808	3.67e+04	0.00
9840	Random	MAST	0	1	1	93	6302760	6.78e+04	0.00	10416	350610105	3.37e+04	1.00
9841	Random	MAST	1	0	1	96	6082897	6.34e+04	1.00	9386	326249641	3.48e+04	0.00
9842	Random	MAST	0	2	2	93	6614552	7.11e+04	0.00	8241	289867767	3.52e+04	1.00
9843	Random	MAST	1	0	1	96	6881221	7.17e+04	1.00	10993	370751912	3.37e+04	0.00
9844	Random	MAST	0	2	2	93	6539751	7.03e+04	0.00	9840	339936346	3.45e+04	1.00
9845	Random	MAST	0	2	2	90	6211642	6.90e+04	0.00	7775	299519942	3.85e+04	1.00
9846	Random	MAST	1	0	1	100	7063337	7.06e+04	1.00	15658	500969505	3.20e+04	0.00
9847	Random	MAST	4	0	4	87	6177043	7.10e+04	1.00	5332	198318370	3.72e+04	0.00
9848	Random	MAST	1	0	1	94	6523317	6.94e+04	1.00	9425	323470548	3.43e+04	0.00
9849	Random	MAST	0	1	1	96	6738934	7.02e+04	0.00	16342	546323620	3.34e+04	1.00
9850	Random	MAST	1	0	1	95	6754587	7.11e+04	1.00	9112	318100387	3.49e+04	0.00
9851	Random	MAST	0	1	1	99	6885277	6.95e+04	0.00	16123	515082414	3.19e+04	1.00
9852	Random	MAST	2	0	2	96	6662582	6.94e+04	1.00	8246	288752593	3.50e+04	0.00
9853	Random	MAST	2	0	2	92	6311674	6.86e+04	1.00	8694	307774440	3.54e+04	0.00
9854	Random	MAST	1	0	1	90	5668699	6.30e+04	1.00	8072	288902104	3.58e+04	0.00
9855	Random	MAST	1	0	1	93	6571761	7.07e+04	1.00	7796	278351397	3.57e+04	0.00
9856	Random	MAST	2	0	2	85	6124844	7.21e+04	1.00	5805	215743674	3.72e+04	0.00
9857	Random	MAST	1	0	1	99	6797563	6.87e+04	1.00	17134	568161467	3.32e+04	0.00
9858	Random	MAST	0	1	1	94	6488582	6.90e+04	0.00	12227	413604862	3.38e+04	1.00
9859	Random	MAST	0	1	1	97	7020528	7.24e+04	0.00	12305	423178824	3.44e+04	1.00
9860	Random	MAST	0	1	1	93	6632334	7.13e+04	0.00	9704	336495522	3.47e+04	1.00
9861	Random	MAST	5	0	5	85	6130810	7.21e+04	1.00	5545	203762693	3.67e+04	0.00
9862	Random	MAST	1	0	1	98	6734493	6.87e+04	1.00	12018	396583186	3.30e+04	0.00
9863	Random	MAST	0	1	1	89	6205342	6.97e+04	0.00	6573	235812939	3.59e+04	1.00
9864	Random	MAST	0	1	1	99	6680544	6.75e+04	0.00	13588	446959924	3.29e+04	1.00
9865	Random	MAST	0	2	2	90	6345599	7.05e+04	0.00	6778	244227381	3.60e+04	1.00
9866	Random	MAST	0	4	4	85	5945169	6.99e+04	0.00	5686	208180008	3.66e+04	1.00
9867	Random	MAST	0	2	2	93	6282151	6.76e+04	0.00	8504	299970946	3.53e+04	1.00
9868	Random	MAST	0	1	1	94	6484790	6.90e+04	0.00	8606	299272577	3.48e+04	1.00
9869	Random	MAST	1	0	1	93	6590065	7.09e+04	1.00	10056	349859747	3.48e+04	0.00
9870	Random	MAST	0	4	4	80	5558882	6.95e+04	0.00	6021	221184320	3.67e+04	1.00
9871	Random	MAST	0	2	2	90	6289378	6.99e+04	0.00	8393	300517219	3.58e+04	1.00
9872	Random	MAST	1	0	1	99	6434326	6.50e+04	1.00	13991	456258031	3.26e+04	0.00
9873	Random	MAST	0	2	2	95	6570018	6.92e+04	0.00	11120	388837480	3.50e+04	1.00
9874	Random	MAST	0	1	1	95	6417095	6.75e+04	0.00	11583	391588548	3.38e+04	1.00
9875	Random	MAST	0	1	1	91	6177555	6.79e+04	0.00	9265	323149845	3.49e+04	1.00
9876	Random	MAST	3	0	3	96	5979579	6.23e+04	1.00	9129	318722919	3.49e+04	0.00
9877	Random	MAST	0	5	5	78	5438676	6.97e+04	0.00	4785	179415208	3.75e+04	1.00
9878	Random	MAST	1	0	1	96	6984368	7.28e+04	1.00	8853	305204915	3.45e+04	0.00
9879	Random	MAST	1	0	1	95	6805042	7.16e+04	1.00	10219	352808080	3.45e+04	0.00
9880	Random	MAST	0	1	1	95	6642246	6.99e+04	0.00	10936	438780001	4.01e+04	1.00
9881	Random	MAST	0	2	2	82	5915567	7.21e+04	0.00	5312	195712760	3.68e+04	1.00
9882	Random	MAST	0	1	1	91	6443435	7.08e+04	0.00	7968	279399540	3.51e+04	1.00
9883	Random	MAST	1	0	1	97	6700742	6.91e+04	1.00	13471	451545702	3.35e+04	0.00
9884	Random	MAST	0	2	2	89	6084674	6.84e+04	0.00	6543	238122516	3.64e+04	1.00
9885	Random	MAST	0	1	1	89	6124091	6.88e+04	0.00	6782	241582246	3.56e+04	1.00
9886	Random	MAST	2	0	2	98	6836097	6.98e+04	1.00	10667	361866856	3.39e+04	0.00
9887	Random	MAST	0	1	1	91	6266287	6.89e+04	0.00	8856	309022769	3.49e+04	1.00
9888	Random	MAST	2	0	2	92	6401987	6.96e+04	1.00	7114	256569247	3.61e+04	0.00
9889	Random	MAST	2	0	2	99	6861141	6.93e+04	1.00	12244	415131135	3.39e+04	0.00
9890	Random	MAST	0	1	1	98	6212564	6.34e+04	0.00	15174	505077169	3.33e+04	1.00
9891	Random	MAST	0	3	3	91	6293238	6.92e+04	0.00	8472	302021009	3.56e+04	1.00
9892	Random	MAST	0	2	2	95	6743586	7.10e+04	0.00	11263	383906030	3.41e+04	1.00
9893	Random	MAST	0	1	1	95	6916291	7.28e+04	0.00	11900	405479467	3.41e+04	1.00
9894	Random	MAST	1	0	1	97	6018017	6.20e+04	1.00	11588	382704837	3.30e+04	0.00
9895	Random	MAST	0	1	1	94	6669180	7.09e+04	0.00	14885	502443744	3.38e+04	1.00
9896	Random	MAST	0	1	1	87	6221457	7.15e+04	0.00	7793	278515292	3.57e+04	1.00
9897	Random	MAST	0	1	1	91	6472201	7.11e+04	0.00	7248	260787406	3.60e+04	1.00
9898	Random	MAST	0	1	1	99	6533273	6.60e+04	0.00	16530	534093768	3.23e+04	1.00
9899	Random	MAST	0	2	2	87	6214172	7.14e+04	0.00	5612	203794009	3.63e+04	1.00
9900	Random	MAST	2	0	2	94	6354767	6.76e+04	1.00	9988	353138127	3.54e+04	0.00
9901	Random	MAST	0	2	2	90	6198249	6.89e+04	0.00	7055	255805667	3.63e+04	1.00
9902	Random	MAST	0	2	2	94	6554611	6.97e+04	0.00	7784	318830622	4.10e+04	1.00
9903	Random	MAST	0	1	1	95	6374855	6.71e+04	0.00	11549	401668648	3.48e+04	1.00
9904	Random	MAST	2	0	2	91	6361361	6.99e+04	1.00	6812	250159703	3.67e+04	0.00
9905	Random	MAST	2	0	2	93	6507074	7.00e+04	1.00	9011	321524606	3.57e+04	0.00
9906	Random	MAST	0	2	2	89	6199268	6.97e+04	0.00	10816	375621679	3.47e+04	1.00
9907	Random	MAST	0	1	1	97	5981857	6.17e+04	0.00	13577	455079917	3.35e+04	1.00
9908	Random	MAST	1	0	1	98	6963665	7.11e+04	1.00	11604	389844425	3.36e+04	0.00
9909	Random	MAST	0	2	2	94	6662003	7.09e+04	0.00	9883	344989018	3.49e+04	1.00
9910	Random	MAST	2	0	2	97	6777889	6.99e+04	1.00	8825	308926798	3.50e+04	0.00
9911	Random	MAST	0	3	3	91	5561004	6.11e+04	0.00	6605	240165638	3.64e+04	1.00
9912	Random	MAST	5	0	5	86	6056770	7.04e+04	1.00	5221	191445263	3.67e+04	0.00
9913	Random	MAST	2	0	2	99	6910895	6.98e+04	1.00	11130	373112881	3.35e+04	0.00
9914	Random	MAST	0	4	4	89	6344892	7.13e+04	0.00	8473	297779524	3.51e+04	1.00
9915	Random	MAST	0	1	1	95	6744749	7.10e+04	0.00	14160	477218569	3.37e+04	1.00
9916	Random	MAST	0	1	1	92	6652154	7.23e+04	0.00	11495	390319606	3.40e+04	1.00
9917	Random	MAST	0	1	1	98	6940186	7.08e+04	0.00	13782	449439757	3.26e+04	1.00
9918	Random	MAST	3	0	3	84	5941276	7.07e+04	1.00	5186	191905219	3.70e+04	0.00
9919	Random	MAST	0	1	1	88	6205353	7.05e+04	0.00	7682	269410946	3.51e+04	1.00
9920	Random	MAST	0	4	4	88	5447476	6.19e+04	0.00	7329	265726980	3.63e+04	1.00
9921	Random	MAST	5	0	5	86	6164318	7.17e+04	1.00	4964	184356277	3.71e+04	0.00
9922	Random	MAST	0	1	1	83	5855659	7.06e+04	0.00	7297	260899596	3.58e+04	1.00
9923	Random	MAST	6	0	6	85	6006035	7.07e+04	1.00	5203	191884600	3.69e+04	0.00
9924	Random	MAST	3	0	3	92	6454637	7.02e+04	1.00	7476	268132237	3.59e+04	0.00
9925	Random	MAST	1	0	1	95	6521845	6.87e+04	1.00	8094	286816482	3.54e+04	0.00
9926	Random	MAST	0	4	4	80	5590802	6.99e+04	0.00	10415	364779957	3.50e+04	1.00
9927	Random	MAST	0	1	1	97	6685922	6.89e+04	0.00	10346	353710647	3.42e+04	1.00
9928	Random	MAST	1	0	1	98	6731988	6.87e+04	1.00	11766	395046734	3.36e+04	0.00
9929	Random	MAST	0	5	5	91	6543474	7.19e+04	0.00	8512	305940170	3.59e+04	1.00
9930	Random	MAST	1	0	1	96	6805444	7.09e+04	1.00	9283	322095307	3.47e+04	0.00
9931	Random	MAST	1	0	1	100	6968261	6.97e+04	1.00	17605	561986901	3.19e+04	0.00
9932	Random	MAST	0	1	1	92	6506369	7.07e+04	0.00	9435	327844568	3.47e+04	1.00
9933	Random	MAST	1	0	1	89	6405348	7.20e+04	1.00	7188	253176040	3.52e+04	0.00
9934	Random	MAST	1	0	1	98	6285999	6.41e+04	1.00	13502	447611276	3.32e+04	0.00
9935	Random	MAST	0	2	2	94	6561982	6.98e+04	0.00	11951	408980270	3.42e+04	1.00
9936	Random	MAST	3	0	3	91	6297912	6.92e+04	1.00	6987	250834466	3.59e+04	0.00
9937	Random	MAST	0	2	2	94	6515354	6.93e+04	0.00	11254	387640540	3.44e+04	1.00
9938	Random	MAST	1	0	1	96	6225888	6.49e+04	1.00	12100	405169965	3.35e+04	0.00
9939	Random	MAST	0	3	3	85	6038500	7.10e+04	0.00	6338	229340722	3.62e+04	1.00
9940	Random	MAST	0	1	1	93	6749337	7.26e+04	0.00	13318	444062338	3.33e+04	1.00
9941	Random	MAST	0	1	1	97	6822492	7.03e+04	0.00	12825	426533185	3.33e+04	1.00
9942	Random	MAST	0	1	1	97	6192848	6.38e+04	0.00	14117	455970842	3.23e+04	1.00
9943	Random	MAST	1	0	1	98	6736879	6.87e+04	1.00	10385	356581276	3.43e+04	0.00
9944	Random	MAST	0	5	5	87	6225772	7.16e+04	0.00	5814	212137205	3.65e+04	1.00
9945	Random	MAST	0	2	2	93	6500327	6.99e+04	0.00	8244	295577457	3.59e+04	1.00
9946	Random	MAST	0	3	3	92	6385431	6.94e+04	0.00	7011	301771059	4.30e+04	1.00
9947	Random	MAST	2	0	2	85	5960974	7.01e+04	1.00	5682	211197832	3.72e+04	0.00
9948	Random	MAST	0	2	2	95	6532223	6.88e+04	0.00	8422	296061507	3.52e+04	1.00
9949	Random	MAST	0	2	2	96	6769766	7.05e+04	0.00	10805	372117872	3.44e+04	1.00
9950	Random	MAST	1	0	1	91	6344245	6.97e+04	1.00	9371	329826075	3.52e+04	0.00
9951	Random	MAST	0	2	2	91	6350052	6.98e+04	0.00	7578	272411196	3.59e+04	1.00
9952	Random	MAST	0	1	1	99	6923043	6.99e+04	0.00	13724	442820693	3.23e+04	1.00
9953	Random	MAST	0	1	1	92	6669103	7.25e+04	0.00	9836	344074185	3.50e+04	1.00
9954	Random	MAST	2	0	2	87	5948138	6.84e+04	1.00	6167	224586794	3.64e+04	0.00
9955	Random	MAST	0	1	1	99	6954220	7.02e+04	0.00	17819	581809405	3.27e+04	1.00
9956	Random	MAST	1	0	1	99	7073848	7.15e+04	1.00	12435	412984226	3.32e+04	0.00
9957	Random	MAST	1	0	1	94	6470592	6.88e+04	1.00	7677	271632533	3.54e+04	0.00
9958	Random	MAST	0	2	2	95	6462214	6.80e+04	0.00	9383	324665090	3.46e+04	1.00
9959	Random	MAST	3	0	3	90	6403299	7.11e+04	1.00	6361	227046120	3.57e+04	0.00
9960	Random	MAST	1	0	1	98	6658571	6.79e+04	1.00	15777	514600020	3.26e+04	0.00
9961	Random	MAST	1	0	1	100	6787729	6.79e+04	1.00	17080	558478523	3.27e+04	0.00
9962	Random	MAST	1	0	1	98	6969864	7.11e+04	1.00	10640	360899400	3.39e+04	0.00
9963	Random	MAST	2	0	2	94	6587418	7.01e+04	1.00	8791	313628154	3.57e+04	0.00
9964	Random	MAST	1	0	1	96	5926037	6.17e+04	1.00	7759	273468095	3.52e+04	0.00
9965	Random	MAST	0	1	1	95	6427341	6.77e+04	0.00	10496	364640361	3.47e+04	1.00
9966	Random	MAST	0	8	8	71	5161406	7.27e+04	0.00	4567	171005597	3.74e+04	1.00
9967	Random	MAST	1	0	1	97	7023779	7.24e+04	1.00	16788	566095613	3.37e+04	0.00
9968	Random	MAST	1	0	1	93	6315616	6.79e+04	1.00	8862	314148630	3.54e+04	0.00
9969	Random	MAST	2	0	2	93	6544660	7.04e+04	1.00	6855	246808506	3.60e+04	0.00
9970	Random	MAST	2	0	2	93	6576242	7.07e+04	1.00	8288	287290855	3.47e+04	0.00
9971	Random	MAST	1	0	1	96	6566067	6.84e+04	1.00	13256	443753990	3.35e+04	0.00
9972	Random	MAST	0	2	2	94	6285443	6.69e+04	0.00	7396	261737524	3.54e+04	1.00
9973	Random	MAST	0	1	1	95	5988785	6.30e+04	0.00	9692	338678934	3.49e+04	1.00
9974	Random	MAST	1	0	1	95	6626625	6.98e+04	1.00	9824	338525855	3.45e+04	0.00
9975	Random	MAST	0	2	2	96	6765785	7.05e+04	0.00	13470	459279552	3.41e+04	1.00
9976	Random	MAST	1	0	1	86	6176013	7.18e+04	1.00	8483	296333320	3.49e+04	0.00
9977	Random	MAST	3	0	3	95	5995208	6.31e+04	1.00	8844	325887772	3.68e+04	0.00
9978	Random	MAST	3	0	3	80	5567727	6.96e+04	1.00	4230	159373722	3.77e+04	0.00
9979	Random	MAST	0	1	1	94	6606517	7.03e+04	0.00	12397	426473637	3.44e+04	1.00
9980	Random	MAST	2	0	2	90	6354602	7.06e+04	1.00	6915	246945730	3.57e+04	0.00
9981	Random	MAST	1	0	1	88	6151647	6.99e+04	1.00	8546	302141554	3.54e+04	0.00
9982	Random	MAST	0	1	1	94	6177106	6.57e+04	0.00	11302	388343689	3.44e+04	1.00
9983	Random	MAST	0	4	4	81	5693054	7.03e+04	0.00	5917	216000052	3.65e+04	1.00
9984	Random	MAST	0	1	1	91	6371572	7.00e+04	0.00	9178	316841229	3.45e+04	1.00
9985	Random	MAST	2	0	2	97	6626895	6.83e+04	1.00	9785	342529639	3.50e+04	0.00
9986	Random	MAST	0	2	2	97	6485496	6.69e+04	0.00	12259	415569819	3.39e+04	1.00
9987	Random	MAST	1	0	1	89	6385130	7.17e+04	1.00	5962	217083338	3.64e+04	0.00
9988	Random	MAST	0	4	4	79	5628688	7.12e+04	0.00	4807	182118466	3.79e+04	1.00
9989	Random	MAST	0	3	3	90	6249306	6.94e+04	0.00	6354	229129993	3.61e+04	1.00
9990	Random	MAST	0	2	2	96	6577759	6.85e+04	0.00	9479	333160134	3.51e+04	1.00
9991	Random	MAST	0	1	1	93	6545436	7.04e+04	0.00	10729	363669494	3.39e+04	1.00
9992	Random	MAST	0	1	1	97	6652040	6.86e+04	0.00	10732	359589921	3.35e+04	1.00
9993	Random	MAST	2	0	2	97	6883672	7.10e+04	1.00	9292	321652477	3.46e+04	0.00
9994	Random	MAST	0	4	4	80	5681391	7.10e+04	0.00	5587	206152349	3.69e+04	1.00
9995	Random	MAST	0	1	1	95	6568260	6.91e+04	0.00	12185	412616573	3.39e+04	1.00
9996	Random	MAST	2	0	2	99	7090499	7.16e+04	1.00	10743	361756771	3.37e+04	0.00
9997	Random	MAST	0	2	2	95	6711344	7.06e+04	0.00	9728	343928707	3.54e+04	1.00
9998	Random	MAST	1	0	1	99	6864784	6.93e+04	1.00	12641	413459839	3.27e+04	0.00
9999	Random	MAST	0	3	3	89	6247160	7.02e+04	0.00	7609	269348065	3.54e+04	1.00
10000	Random	MAST	0	1	1	97	6183473	6.37e+04	0.00	15147	495885439	3.27e+04	1.00
10001	Random	MAST	1	0	1	99	6871655	6.94e+04	1.00	13219	435098218	3.29e+04	0.00
